:020000021000EC
:10900000000001206D930100B993010027040200C4
:10901000BD930100BF930100C19301000000000057
:109020000000000000000000000000002F0402000B
:10903000C59301000000000031040200C993010043
:109040002DB40100CB93010071B501005DBE01009C
:109050008DC10100CB930100A5B501003DB8010011
:10906000DDBF0100F5BF01000DC00100CB93010081
:10907000CB930100CB930100CB930100CB93010074
:10908000CB93010031A30100CB930100CB930100EE
:1090900059A30100CB930100F9E80100CB93010033
:1090A000CB930100CB930100CB930100CB93010044
:1090B000CB930100CB9301000000000000000000F2
:1090C000CB930100CB930100CB930100CB93010024
:1090D000CB930100CB930100CB9301000000000073
:1090E0000000000000000000000000000000000080
:1090F0000000000000000000000000000000000070
:10910000000000000000000000000000000000005F
:10911000000000000000000000000000000000004F
:10912000000000000000000000000000000000003F
:10913000000000000000000000000000000000002F
:10914000000000000000000000000000000000001F
:10915000000000000000000000000000000000000F
:1091600000000000000000000000000000000000FF
:1091700000000000000000000000000000000000EF
:1091800000000000000000000000000000000000DF
:1091900000000000000000000000000000000000CF
:1091A00000000000000000000000000000000000BF
:1091B00000000000000000000000000000000000AF
:1091C000000000000000000000000000000000009F
:1091D000000000000000000000000000000000008F
:1091E000000000000000000000000000000000007F
:1091F000000000000000000000000000000000006F
:1092000039493A480A1A02D0072291438D46384913
:1092100038480A1A06D00722914381F309880222AE
:1092200082F3148834483549354A00F03EF8354811
:109230003549364A00F039F835483649364A00F0A3
:1092400034F836483649374A00F02FF8364837495F
:10925000374A00F02AF837483749384A00F025F8ED
:1092600037483849384A00F020F838483849002251
:1092700000F033F837483849002200F02EF837481C
:109280003749091A0AF07AFE364A90472448254998
:10929000884205D00268043003B4904703BCF7E766
:1092A00000200021304A9047FEE7884214D0521A2D
:1092B00012D003460B4313430324234206D1036811
:1092C00004300B600431043AF9D17047037801305F
:1092D0000B700131013AF9D17047884202D0027017
:1092E0000130FAE7704700000000012000F800207C
:1092F000000001200000012040F4020000250020B1
:1093000068250020D0930100D09301007242020032
:1093100040F40200002500200025002080430200C8
:109320008043020080430200804302008043020029
:109330008043020080430200804302003DF40200AB
:10934000A8F4020068250020682500206825002078
:10935000A43B0020A43B0020A43B0020A43B002011
:10936000A443002083930100FDC801000C488047FE
:109370000C484FF00701884385460B488047FFF7AC
:109380003FBF0A480A490B4A884207D0521A05D003
:10939000037801300B700131013AF9D170470000B8
:1093A000CD93010000000120C9AF010080430200FD
:1093B0000025002000250020FEE7FEE7FEE7FEE78F
:1093C000FEE7FEE7FEE7FEE7FEE7FEE7704700BFC9
:1093D0007047704700B583B0034B00938023034A66
:1093E00000F032F803B000BDF193010068250020C1
:1093F0000AB3F8B50F4614460326002503E00E4BCA
:1094000001221A70B4B122467919002003F088FCB9
:109410000544241A0028F2D1074B1B7853B1074B9F
:109420004FF47A4043F001039847013EE7D1024BE5
:1094300000221A70F8BD7047E82500208043020022
:1094400008B503F0A9FC08BD2DE9F04194B00E4623
:1094500015461C46084601F08CFB0E950F9400241F
:1094600010948DF8444012941A9B139323460822BB
:1094700008A9304601F09BFB0A9B0B93BDF82430F2
:10948000ADF83030BDF82630ADF832308DF83540CB
:109490009DF8203003F00303012B07D0022B22D0CC
:1094A000304601F06CFB14B0BDE8F081089DC5F3B7
:1094B00095259DF82030C3F3C2038DF83430BDF8F4
:1094C0002040C4F3831402AF0823A200394630467B
:1094D00001F06DFB0EAB00930BAB224639462846DC
:1094E00000F086FBDCE7BDF82250C5F389159DF836
:1094F0002030C3F3C2038DF8343008272C46082DE2
:1095000028BF08240DF108083B4622464146304654
:1095100001F04DFB27442D1B0EAB0BAA2146404604
:1095200000F0CEFB002DE9D1BAE7000008B5FFF747
:1095300087FF0421034800F0DDFA034B01225A7132
:1095400008BD00BF7043020000250020037813F01F
:10955000040F19D003F00303012B03D0022B0AD010
:10956000012070470388C3F383130A68134402334E
:109570000B60012070474388C3F389130A681344C2
:1095800002330B600120704700207047002002E08A
:1095900001238BB9013009280CDC084BD3F81034B7
:1095A000002BF5D0DB681A79824201D01B68F7E7FF
:1095B0000023EEE74FF0FF30704700BFEC2500209E
:1095C000F0B583B006460D461746841C00238DF87F
:1095D00007300DF1070000F085FF184B1A682A606C
:1095E00099685B689B1A0B4401339C4218D800238E
:1095F000E7B1012060F3010343F0040366F389132C
:10960000114002310D4800EB81014B6022440260A1
:1096100001249DF8070000F069FF204603B0F0BD6B
:109620000121074800F0A8FF0024F2E7022060F3C0
:10963000010343F0040366F39F53E1E7EC250020A8
:10964000082A00202DE9F8430646894690461D4623
:10965000070C164C0021204600F06EFF80F310002E
:109660006B1C089A134047EA0047A4F21C440233DB
:1096700004EB83035F601540023504EB85031A7920
:1096800066F3C5021A719A8868F389129A805A683B
:1096900069F39F225A601A79012161F301021A715C
:1096A000D2B222F004021A71BDE8F883082A002021
:1096B00010B50B4BFF229A6000221A605A60C3F863
:1096C0001824C3F8142483F82024064801F006FA6D
:1096D000044608B1204610BD034801F0B0FAF9E78E
:1096E000EC250020D4420200084B02000248034B44
:1096F000C01AC008704700BF70430200E842020071
:1097000099B110B50446FFF7F1FF002383420AD256
:10971000074A32F823102268914201D00133F5E75D
:109720002360002000E0052010BD0846704700BF00
:109730000025002000B583B0019001A8FFF7E0FFED
:1097400028B9019A034B53F8320003B000BD002042
:10975000FBE700BFE84202000B4B03EBC003032909
:109760000CD005D801290BD002290BD10420704759
:10977000042901D158797047002070471879704743
:109780000220704700207047E8420200034B5868EF
:109790001B68984214BF002001207047EC25002070
:1097A0002DE9F04385B0FFF7F1FF002840F010816C
:1097B000054689480023C0F81834BFF34F8F43682B
:1097C000039384682340023300EB8300043005E0F8
:1097D00023400233804800EB8300043003A9FFF7E5
:1097E000B5FE28B37C4BD3F818341BBB7A4B1A68F0
:1097F000039B9A42ECD8784B5A60E5E0039B591CD6
:10980000039123400233744901EB830359684DF8F7
:1098100022100132012AF1D99DF8003003F0030330
:10982000022B09D0012B66D06B4BD3F81044B9E062
:109830000246EFE70022EDE7BDF80230C3F38912DC
:109840009046502A28BF5022154662F38F13ADF878
:10985000023002F10801614801F05BF90646074653
:109860000028E1D001F085F900230822694630463E
:1098700001F093F9039B24EA030201329000B5EB57
:10988000820F2CD9E0B9ECB206465549814608232F
:109890002246384601F081F904F1080331461EB131
:1098A0004A46384601F079F943460333039A02EBFE
:1098B00093020392002FB7D0474BD3F8104459E0DE
:1098C00003EA04010231444B03EB81010431C4B2C9
:1098D000EAB2121BD2B291460C331E46D7E72340A0
:1098E00002333D4901EB830108232A460431304607
:1098F00001F053F9D8E7BDF80020C2F38313062B1B
:1099000028BF062363F38912ADF8002002339900C3
:10991000324801F0FEF805460746002884D001F0E1
:1099200028F9002308226946284601F036F9002369
:109930001E460823184614E0039B5A1C039223403A
:109940000233254901EB83010546034604221144F5
:10995000384601F022F92B460433184633460133CA
:109960001E46BDF80030C3F38313B342E4D8A1E729
:10997000E3681C684CB1E3685B79002BF8D023687E
:109980001B68394620469847F2E7384601F0F7F859
:10999000114B039A5A6011E023689B682046984750
:1099A000E3681C68002CF7D10E480F4BC01AC008A2
:1099B00000040E4940F0020000F052F8FFF7E6FE06
:1099C00080F00100C3B21D46284605B0BDE8F08313
:1099D00000231D46F8E700BFEC250020D44202001A
:1099E000F825002030430200E8420200A4430200B0
:1099F0002DE9F04184B00746884615461C46174BB2
:109A00009E68012203A92046FFF7DAFDD0B1039931
:109A10008B1C4FF0000C0CE003EA060002300F4AEA
:109A200002EB800E55F82C20CEF804200CF1010C2E
:109A30000133A445F0D300960B46224641463846F2
:109A4000FFF700FE054B93F820341BB1FFF7A8FE8B
:109A50000028FBD104B0BDE8F08100BFEC25002058
:109A600008B500231A46FFF7C3FF08BD00B583B051
:109A70000192012301AAFFF7BBFF03B000BD00B5AF
:109A800083B00092019302236A46FFF7B1FF03B04F
:109A900000BD00B585B000920193069B0293079B21
:109AA000039304236A46FFF7A3FF05B000BD00B58A
:109AB00087B001920293089B0393099B04930A9B2E
:109AC0000593052301AAFFF793FF07B000BD00B57A
:109AD00087B000920193089B0293099B03930A9B12
:109AE00004930B9B059306236A46FFF781FF07B09B
:109AF00000BD000010B50446FFF748FDB0F1FF3F80
:109B00000ED0E36818710A4BD3F810344BB1DA6801
:109B1000E36812681A60064BD3F81034DB681C60E7
:109B200010BD034BC3F81044E36800221A60F7E746
:109B3000EC25002070B582B004460E46C388A3B958
:109B4000217A05290FD0637ABBB9227A104B53F8DA
:109B500022500021A088FFF7EDFD03462A460D495B
:109B6000304600F096FD02B070BD0B4A00920B4AE1
:109B70000B49304600F08DFDE2E7A088FFF7ECFDD1
:109B8000084B53F820200849304600F082FDDCE7FE
:109B9000384B0200E8430200DC430200BC430200F1
:109BA000C4430200144B0200E443020010B50C460B
:109BB000037A052B0FD0437A3BB90A49204600F0BF
:109BC00068FD204600F059FD10BD074A07492046B0
:109BD00000F05FFDF1E7002AF3D00249204600F0D3
:109BE00058FDEEE7F4430200DC430200E4430200C8
:109BF0002DE9F04385B081460E4615461846984635
:109C00000C9C277B002323732146FFF793FF032D32
:109C100030D011D8012D20D0022D24D01DB94946B5
:109C2000204600F036FD002221464046FFF7BEFFE9
:109C3000277305B0BDE8F083052D24D0062D2FD065
:109C4000042DF0D1F3680193B36800937368326810
:109C50004946204600F01DFDE5E7326849462046AA
:109C600000F017FDDFE7736832684946204600F0D0
:109C700010FDD8E7B3680093736832684946204600
:109C800000F007FDCFE733690293F3680193B368EF
:109C90000093736832684946204600F0FAFCC2E738
:109CA0007369039333690293F3680193B368009374
:109CB000736832684946204600F0EBFCB3E70000C9
:109CC000082900D970472DE9F04707460E4691460E
:109CD0001D461B7B9A4600242C7329461046FFF72D
:109CE00029FF04E01C49284600F0D3FC0134072C6E
:109CF00007D8B442F6D23A5D1849284600F0C9FCAC
:109D0000F4E71749284600F0C4FC002407E04FF0B0
:109D10002E0842461349284600F0BBFC0134072CAC
:109D200011D8B4420AD2385D7E28F0D880460AF0B5
:109D300058FA0028EDD14FF02E08EAE70A492846E4
:109D400000F0A7FCEAE7012229464846FFF72EFF6C
:109D500085F80CA0BDE8F08700440200F84302003B
:109D600004440200084402000C44020000B585B01F
:109D7000002101910291039001AA44F2010006F032
:109D80008EFB05B000BD0000034BC3F80805034B74
:109D9000C02283F8112370470010014000E100E069
:109DA00010B50B4B4FF48032C3F84423C3F804239F
:109DB000084A4FF40031C2F88011116001241C6080
:109DC000054B4FF43C6023439847044B1C7010BD77
:109DD0000010014000E100E0504B0200792B002010
:109DE00070B50E4B4FF40032C3F880200C4D4FF489
:109DF0008033C5F84833C5F8083301266E60094C36
:109E000034434FF43C60A047AE600025064B1D6014
:109E10004FF43C60A047054B1D7070BD00E100E0B1
:109E200000100140504B0200842B0020792B0020B1
:109E30008446134B186860B1DCF8002003689A422E
:109E40001CD89B1A0360CCF81C000D4BC3F800C053
:109E50007047C3F800C07047521A1846DB6913B147
:109E600019689142F8D313B11968891A1960CCF8AE
:109E70000020CCF81C30C0F81CC070470346EEE749
:109E8000882B002070B5184B1E683446354601E01B
:109E90002546E4690CB18442FAD114B3A5420CD032
:109EA0002168E369EB6113B11A680A441A600E4B2A
:109EB0001868801B18BF012070BDF3690A4A13603F
:109EC000002BEDD10123094A9360094A002111605A
:109ED000084A1370084B4FF43C6043F00103984765
:109EE000DEE72046E8E700BF882B00200010014095
:109EF000842B0020782B0020504B0200024B4FF4A3
:109F00000032C3F80021704700E100E0024B4FF43B
:109F10008012C3F80021704700E100E008B54369F2
:109F20008069984708BD00001B4B1868002832D094
:109F300070B51A4BD3F80445194B1B68E41A24F08A
:109F40007F44002504E000230374FFF7E7FF304659
:109F500048B10368A34206D8E41A1D44C669037CCD
:109F6000002BF4D0EFE70F4B1A780F4B1B789A4277
:109F700007D00D4B1A780D4B43F82250FFF7C6FF60
:109F800070BD0133DBB2084A1370022BF1D11346C6
:109F900000221A70EDE77047882B00200010014066
:109FA000842B00207B2B00207A2B00207C2B002090
:109FB000114B1B78114A1278934218D00133DBB24F
:109FC0000D4A1370022B0ED00B4B1A780C4B53F822
:109FD000223003600B4A11680B44136023F07F4367
:109FE000136001207047134600221A70ECE700232B
:109FF00003601846704700BF7B2B00207A2B00209F
:10A000007C2B0020842B002010B50C4696464FF088
:10A01000000C0F4B1B68D3B11968814215D8401A48
:10A020008C44002119600A49DA690A60D96800295C
:10A03000EFD00CEB040222F07F425A609960DEF808
:10A040000020DA61CEF80030E3E7081A186010BD8E
:10A05000882B0020F8B50546404B1B681F4600239F
:10A060001E4628E03E4A0021117043E02046FFF7DB
:10A0700009FF034600B93346002222741E461AE047
:10A0800000221A74DA69354B1A60344B1B68002BB6
:10A09000F6D110E0521A22F07F42A36893421AD9F7
:10A0A0009B1A236000236360A36001222274E36192
:10A0B0002046FFF7BDFE8DB12C46ED696168294B46
:10A0C0001A688B1A23F07F4327488342E2D8A2689C
:10A0D00013442360E6E700232360E3E7204A137874
:10A0E000527893422ED05A1CD2B21D490A708978F8
:10A0F0008A42B7D003EB4301194A02EBC1029468CC
:10A100001279022AB2D0032ABFD0012AD3D1227CED
:10A11000002AD0D1124903EB430201EBC202D068FE
:10A1200060601069A0605269E26003EB430301EBD9
:10A13000C3018B69A3610D4B1B78002BBED000239C
:10A140006360BBE72EB9054B1B68BB4203D00120FF
:10A1500000E00120F8BD0020FCE700BF882B0020B4
:10A160008C2B0020842B0020FEFF7F00782B00200A
:10A17000F8B51B4B1B687BB31B681E46194BD3F805
:10A180000455194B1C682B1B23F07F4303331F46D8
:10A19000164B1B780BB3BE422CBFA419E41924F054
:10A1A0007F44104BC3F84045D3F804355B1B23F0C4
:10A1B0007F430333641B24F07F44A3420CD9094B33
:10A1C000D3F80425C3F84025094B4FF43C6043F015
:10A1D00001039847FFF792FEF8BDFFF7E1FDDAE7CC
:10A1E000882B002000100140842B0020792B0020B8
:10A1F000504B020070B582B0002301930E4B1B68D8
:10A200001E460E4B1B681D466846FFF7D1FE0446EE
:10A2100060B90198FFF71EFF00B914B12846FFF797
:10A22000A7FF074B00221A7002B070BD01AA314689
:10A230000098FFF7E9FEECE7842B0020882B002034
:10A24000782B0020014B5870704700BF8C2B0020EA
:10A250000B4A53780133DBB292789A420CD0084A09
:10A2600012789A420AD003700548437803EB4303FF
:10A2700000EBC300043070470023F0E70020704774
:10A280008C2B00202DE9F04182B005460E46174682
:10A29000984600248DF806400DF1060000F022F9E2
:10A2A0000DF10700FFF7D4FFB8B10123037045603B
:10A2B0000C4BD3F804358360C6600761C0F8148086
:10A2C0009DF80700FFF7BEFF9DF8060000F00EF9AD
:10A2D0002CB1204602B0BDE8F0810424F4E7FFF77A
:10A2E00015FEF6E70010014030B583B004460D4678
:10A2F00000238DF806300DF1060000F0F3F80DF1A3
:10A300000700FFF7A5FF70B1057044609DF80700D6
:10A31000FFF798FF00249DF8060000F0E7F824B14D
:10A32000204603B030BD0424F5E7FFF7EFFDF7E763
:10A3300008B5084B0022C3F84021C3F84421C3F8F4
:10A340004821C3F84C21C3F80021C3F80421FFF7CA
:10A35000EBFD08BD0010014008B5FFF74BFF08BD3D
:10A3600010B5FFF73DFD0F4B00241C705C701522EB
:10A370009A700D4B1C600D4B1C700D4B1C700D4BDF
:10A380004FF48012C3F88021C02183F814131A609F
:10A390002046FFF7F9FC084BD3F80425074B1A6059
:10A3A000204610BD8C2B0020882B00207B2B00200A
:10A3B0007A2B002000E100E000100140842B0020F7
:10A3C000094B9B7843B14AB150B10368187C48B936
:10A3D000187459745A6170470820704707207047F5
:10A3E00007207047082070478C2B002008B51346C3
:10A3F0000C4A92786AB170B104290ED9426972B1DF
:10A40000427C012A03D00022FFF73CFF08BD0A4628
:10A41000FAE70820FAE70820F8E70720F6E708201F
:10A42000F4E700BF8C2B002008B5094B9B7843B1A3
:10A4300048B143694BB1002303740221FFF754FF75
:10A4400008BD0820FCE70820FAE70820F8E700BF6D
:10A450008C2B0020EFF3108272B6134B9B68E3B98C
:10A4600000B5114901238B60104BD3F880C0DFF891
:10A4700040E00CEA0E0CC1F800C0C3F880E0D3F84D
:10A4800084C0C1F804C04FF0FF31C3F8841000232A
:10A49000037002B962B6002000BD0123037002B947
:10A4A00062B60020704700BF882D002000E100E068
:10A4B000FC06FFBD094B9B686BB160B9EFF31081DF
:10A4C00072B6064B1868064A106058685060002241
:10A4D0009A6001B962B60020704700BF882D002045
:10A4E00000E100E008B5FFF7B5FF08BD08B5FFF7CC
:10A4F000E1FF08BD08B54B0901F01F01012202FA76
:10A5000001F100EB830000F021F808BD08B54A090D
:10A5100001F01F01012303FA01F1C94300EB82009E
:10A5200000F01FF808BD4B0950F8230001F01F018F
:10A53000C84000F001007047034653E8000F0A4688
:10A5400043E8002C9CF0000FF7D17047034653E816
:10A55000002F42EA010043E8000C9CF0000FF6D106
:10A560007047034653E8002F02EA010043E8000C5D
:10A570009CF0000FF6D17047034653E8002F02EB22
:10A58000010043E8000C9CF0000FF6D17047034631
:10A5900053E8002FA2EB010043E8000C9CF0000FF1
:10A5A000F6D17047C368008A00FB01307047C3686A
:10A5B000C91A038AB1FBF3F0C0B270478446B0B148
:10A5C00082684368D21AD2B201680B6006E0DCF8F8
:10A5D00000100A68501C086013701A46531EDBB244
:10A5E000002AF4D1DCF8003010461A7170470E20B2
:10A5F000704730B583B0044600238DF807300DF165
:10A600000700FFF76FFF2268136861688B4217D954
:10A61000591E116013F8011C2046FFF7C3FF0546C1
:10A62000A368226811685B1ADBB21179994200D2E3
:10A6300013719DF80700FFF759FF284603B030BD9E
:10A6400000231D46F5E770B582B004460E46002390
:10A650008DF807300DF10700FFF744FF23681D68F0
:10A660006A1C1A6031462046FFF7A1FF28709DF84A
:10A670000700FFF73BFF02B070BD826842B110B522
:10A68000044643690168006998470023A36010BD30
:10A6900070470EB400B582B0039931B10023019325
:10A6A00004AB019301AA00F008F902B05DF804EBD5
:10A6B00003B0704708B583685A1C82600268D154A1
:10A6C000826843689A4200D208BDFFF7D6FFFBE7D5
:10A6D0002DE9F84F82460F4615461E46DDF82890B4
:10A6E0000B9A0B464FF0010803E0B3FBF5F308F1BA
:10A6F0000108AB42F9D2B04500D2B04612F00103D6
:10A700009B4613D1B9F1000F10D012F0020F0FD0F9
:10A7100086B1202405E009F1FF3921465046FFF7B4
:10A72000C9FFB9F1000F01D0C145F4D8012409E0F7
:10A730002024F6E73024F4E7B7FBF4F39D4205D874
:10A7400005FB04F4012EF7D9013EF9E7B7FBF4F35A
:10A7500004FB13770E4AD15C5046FFF7ABFF23464C
:10A76000B4FBF5F4AB42F1D25B4613B1B9F1000F83
:10A7700007D1BDE8F88F09F1FF3920215046FFF7D6
:10A7800099FFB9F1000FF4D0C145F4D8F1E700BF4B
:10A79000584B02002DE9F04F83B080460F46144617
:10A7A0009A460C9EDDF8349081EAE17CACEBE17CCA
:10A7B000012502E09CFBF4FC01356445FADD5545BA
:10A7C00000D255462EB1002F02DB19F0040F00D045
:10A7D000013E19F002039B4602D0BAF1000F03D0EC
:10A7E00019F0010F00D1F6B9002F21DB19F0040F89
:10A7F00024D15B4633B119F0010F03D1BAF1000F38
:10A8000000D12EBBCDF8049000965346224639461F
:10A810004046FFF75DFF03B0BDE8F08F013E202109
:10A820004046FFF747FF002EDED0AE42F6D8DBE70A
:10A830007F422D214046FFF73DFFDAE72B214046BE
:10A84000FFF738FFD5E7013E30214046FFF732FFE2
:10A85000002ED7D0AE42F6D8D4E7F8B506460C465F
:10A86000154613F001070ED1E1B1084609F091FB3E
:10A87000074617E0013401373046FFF71BFF217808
:10A880000029F7D106E00027F9E7013D20213046F5
:10A89000FFF710FFBD42F8D8F8BD013D202130463A
:10A8A000FFF708FFBD42F8D803E001343046FFF758
:10A8B00001FF21780029F8D1EEE7F0B583B0054615
:10A8C00016460C46002940F09580C2E00020012386
:10A8D00003E040F00100013483B121782D29F8D044
:10A8E000302903D02B2905D00023F5E740F00200E2
:10A8F0000134F1E740F004000134EDE71A462A295B
:10A900000ED02178A1F1300C5FFA8CFCBCF1090F5C
:10A910000CD8013402EB820201EB4202303AEEE73E
:10A920003368191D31601B681A44013423782E2BBB
:10A9300002D00023217813E0013400232178A1F113
:10A94000300C5FFA8CFCBCF1090FF3D8013403EB37
:10A95000830301EB4301A1F13003EFE714F8011F7A
:10A960006C29FBD06829F9D070295AD029D86329DD
:10A9700036D015D8252904D125212846FFF79AFE7F
:10A9800035E0582933D1316801F1040CC6F800C014
:10A9900009680190009210222846FFF799FE26E0F0
:10A9A000642901D0692922D1316801F1040CC6F86B
:10A9B00000C00968019000920A222846FFF7EAFECB
:10A9C00015E0752920D07829DDD073290FD13168A1
:10A9D0000B1D3360034609682846FFF73EFF06E07B
:10A9E00033681A1D326019782846FFF763FE013478
:10A9F000237863B314F8011B49B325293FF466AFEC
:10AA00002846FFF757FEF3E7316801F1040CC6F85A
:10AA100000C00968019000920A222846FFF758FEFC
:10AA2000E5E733681A1D32601F6830212846FFF7BA
:10AA300041FE78212846FFF73DFE002301930823BD
:10AA40000093102239462846FFF742FECFE72B7BC2
:10AA50000BB903B0F0BD2846FFF70FFEF9E72DE96B
:10AA6000F84F04468A469DF828B0B0F80690407921
:10AA700000FB09F00438191DB1FBF9F609FB1611AA
:10AA80001568EF18874200D9C51A156001E02468DF
:10AA9000013E002EFBD1A9EB0107AF4228BF2F4694
:10AAA000B0460BE03A46194609F0C8FA2468ED1B97
:10AAB000B8444F46A94528BF2F46314665B10AEB39
:10AAC00008032144081DBBF1000FEBD03A460146B4
:10AAD000184609F0B3FAE9E7BDE8F88F08B5FFF7C3
:10AAE0006DFD08BDF8B501464679701E0A46002383
:10AAF00001E0126801338342FBD31768002405E0AC
:10AB00000D683846FFF79FFD01342946A642F7D865
:10AB1000F8BD2DE9F8430746048A231F1944033181
:10AB2000B1FBF3F8FFF765FD0646F8B100250571A6
:10AB300001234371043CC4805FFA88F808F1FF38B0
:10AB400007608146454511D23846FFF752FD04465D
:10AB500040B1737901337371C9F8000007600135A2
:10AB60008146EFE73046FFF7BDFF26463046BDE899
:10AB7000F88308B501210430FFF7FEFC08BD10B5CD
:10AB8000044601210430FFF702FD10F0FF0F00D052
:10AB900010BD2046FFF7A6FFFAE700B585B0039287
:10ABA0000022009203AAFFF75AFF05B000BD00B5CE
:10ABB00085B003920122009203AAFFF750FF05B06F
:10ABC00000BD41DF7047000000B583B000238DF861
:10ABD00007300DF10700FFF785FCBFF35F8F054BD2
:10ABE0004022C3F884219DF80700FFF77FFC03B0E3
:10ABF00000BD00BF00E100E010B50024054B1C7053
:10AC0000054B1C60BFF35F8F0449054800F025F831
:10AC1000204610BD9C2D0020A02D0020684B020076
:10AC2000942D002008B5FFF7CFFF03F04BFE18B9B5
:10AC300020BF40BF20BF08BDFFF7C3FFFBE782680E
:10AC40000023936082681361826853618268D360D5
:10AC50008268536082681360704701600B684360CC
:10AC60004A68934200D0704700234360FBE7436883
:10AC700033B1026891680B4443605268934200D03C
:10AC8000704700234360FBE70E49A1F5947291429F
:10AC900015D9A1EB020C4FEADC7303EBEC035B105C
:10ACA00002EBC30C52F83330834201D96146EEE720
:10ACB00002D20CF10802EAE7DCF804007047002039
:10ACC000704700BF9C4C020008B5FFF7DDFF00B1E4
:10ACD00008BD0148FCE700BF9C4C0200BFF34F8F4A
:10ACE0000549CA6802F4E062044B1343CB60BFF32A
:10ACF0004F8F00BFFDE700BF00ED00E00400FA0544
:10AD00004FF0704393F8E03F062B01D000207047CE
:10AD10004FF07043D3F8E43F13F00F0F0DD14FF015
:10AD20007043D3F8E83F03F0F003302B07D0402BFB
:10AD300007D0502B07D0002070470020704701201B
:10AD4000704701207047012070474FF0704393F81F
:10AD5000E03F062B01D0002070474FF07043D3F83E
:10AD6000E43F13F00F0F09D14FF07043D3F8E83FE1
:10AD700003F0F003302B03D0002070470020704711
:10AD8000012070474FF0704393F8E03F062B01D04D
:10AD9000002070474FF07043D3F8E43F13F00F0FDB
:10ADA0000DD14FF07043D3F8E83F03F0F003302BA0
:10ADB00007D0402B07D0502B07D000207047002031
:10ADC00070470120704701207047012070474FF005
:10ADD000704393F8E03F062B01D0002070474FF0FE
:10ADE0007043D3F8E43F13F00F0F09D14FF07043D5
:10ADF000D3F8E83F03F0F003302B03D00020704776
:10AE000000207047012070474FF0704393F8E03FF7
:10AE1000062B01D0002070474FF07043D3F8E43F79
:10AE200013F00F0F0DD14FF07043D3F8E83F03F04C
:10AE3000F003302B07D0402B07D0502B07D0002039
:10AE400070470020704701207047012070470120A3
:10AE500070474FF0704393F8E03F062B01D000207D
:10AE600070474FF07043D3F8E43F13F00F0F09D150
:10AE70004FF07043D3F8E83F03F0F003302B03D0DA
:10AE80000020704700207047012070474FF070434A
:10AE900093F8E03F062B01D0002070474FF070433D
:10AEA000D3F8E43F13F00F0F09D14FF07043D3F8FC
:10AEB000E83F03F0F003302B03D000207047002060
:10AEC0007047012070474FF0704393F8E03F062B26
:10AED00001D0002070474FF07043D3F8E43F13F0E7
:10AEE0000F0F09D14FF07043D3F8E83F03F0F003A0
:10AEF000502B03D00020704700207047012070477E
:10AF00004FF0704393F8E03F062B01D000207047CC
:10AF10004FF07043D3F8E43F13F00F0F0DD14FF013
:10AF20007043D3F8E83F03F0F003302B07D0402BF9
:10AF300007D0502B07D00020704700207047012019
:10AF4000704701207047012070474FF0704393F81D
:10AF5000E03F062B01D0002070474FF07043D3F83C
:10AF6000E43F13F00F0F0DD14FF07043D3F8E83FDB
:10AF700003F0F003302B07D0402B07D0502B07D025
:10AF80000020704700207047012070470120704763
:10AF9000012070474FF08053D3F83031062B01D099
:10AFA000002070474FF08053D3F83431062B01D086
:10AFB0000020704701207047014B024A1A60704719
:10AFC000082500200090D00308B5FFF799FE40B196
:10AFD0004FF08053D3F82433C3F304238A4AC2F8D2
:10AFE0004035FFF7B2FE10B1884B894A5A67FFF728
:10AFF000C9FE48B14FF08053D3F84432C3F3423313
:10B000004FF08042C2F83C35FFF7E1FE30B1814A93
:10B01000D2F8FC3023F08073C2F8FC30FFF7F4FE66
:10B0200040B14FF080430022C3F80C21C3F8102137
:10B03000C3F83825FFF70DFF20B14FF080430322FE
:10B04000C3F8A025FFF722FF60B1734B0522C3F8B8
:10B0500010260122C3F888260022C3F818263F22B2
:10B06000C3F81426FFF72FFF002846D04FF0805278
:10B07000D2F80414694BC3F82015D2F80814C3F8A9
:10B080002415D2F80C14C3F82815D2F81014C3F8FC
:10B090002C15D2F81414C3F83015D2F81814C3F8CC
:10B0A0003415D2F81C14C3F84015D2F82014C3F894
:10B0B0004415D2F82414C3F84815D2F82814C3F85C
:10B0C0004C15D2F82C14C3F85015D2F83014C3F82C
:10B0D0005415D2F83414C3F86015D2F83814C3F8F4
:10B0E0006415D2F83C14C3F86815D2F84014C3F8BC
:10B0F0006C15D2F84424C3F87025FFF701FF48B15E
:10B100004FF08053D3F8583203F04F034FF0804292
:10B11000C2F8E43EFFF719FF60B14FF08043D3F867
:10B12000003413F0010F05D04FF080436FF001029F
:10B13000C3F80024FFF72EFF30B1394AD2F83C376C
:10B1400043F48063C2F83C374FF01023D3F80C323D
:10B1500013F0010F0ED14FF01023D3F80032002B63
:10B1600029DB4FF01023D3F80432002B23DBFFF749
:10B1700023FF08BD2B4B0122C3F80425294BD3F82C
:10B180000034002BFAD04FF01022D2F80C3223F00A
:10B190000103C2F80C32234BD3F80034002BFAD051
:10B1A000204B0022C3F804251E4BD3F80034002B9B
:10B1B000FAD0FFF793FD1B4B0122C3F80425194B6E
:10B1C000D3F80034002BFAD04FF010231522C3F827
:10B1D0000022144BD3F80034002BFAD04FF0102388
:10B1E0001522C3F804220F4BD3F80034002BFAD0F9
:10B1F0000C4B0022C3F804250A4BD3F80034002B73
:10B20000FAD0FFF76BFD00BF0030014000C00740DF
:10B210000DF0ADBA00ED00E00050004000C000406D
:10B220000010004000E001400346006808B10268D9
:10B230001A60704738B5054640B9064C2046FFF7FE
:10B24000F3FF28B1436828469847F7E7024CF5E733
:10B2500038BD00BFAC2D0020B42D002010B5044631
:10B2600010B1012C06D010BD054B01225A70FFF71A
:10B27000E1FFF6E70120024B9870FFF7DBFFF2E7F2
:10B28000A42D002000B1704708B5034B01225A706D
:10B29000FFF7D0FF08BD00BFA42D002008B500F0C7
:10B2A000B8F8024B00229A7008BD00BFA42D002000
:10B2B00010B50D4B1B781BB185231C46204610BDD5
:10B2C000094B00229A605A601A61DA60074800F060
:10B2D00089F8044603F0F6FA18B1034B01221A70FC
:10B2E000ECE700F08DF8F8E7A42D00205DB2010036
:10B2F00000B583B000238DF807300DF10700FFF78C
:10B30000F1F8074BDA68013ADA60DB682BB19DF897
:10B310000700FFF7EBF803B000BDFFF7BFFFF6E74C
:10B32000A42D002000B583B0012808D003281ED02A
:10B3300018B9114B0122C3F8802003B000BD0023CF
:10B340008DF807300DF10700FFF7CCF80B4B1B7899
:10B3500053B10A4BDA680132DA6001229A709DF823
:10B360000700FFF7C3F8E8E7FFF7A2FFF1E700F0F7
:10B3700047F8FFF7BDFFE0E700E100E0A42D002063
:10B38000044B1B7823B9034B01221A70002070472D
:10B3900085207047B82D0020002808DB4901C9B27C
:10B3A00000F1604000F5614080F80013704700F044
:10B3B0000F004901C9B2014B1954704714ED00E068
:10B3C00008B5074B1B6813F0010F00D008BD06211C
:10B3D0000020FFF7E1FF024B01221A60F6E700BFF1
:10B3E00000E100E0054B1B7933B9044B18600122E2
:10B3F0001A7100205871704785207047BC2D0020BD
:10B4000008B5FFF7DDFF4FF080430122C3F8182590
:10B4100008BD4FF080430122DA604FF08043D3F83B
:10B42000183413F4803FF8D17047000000B583B0A2
:10B430004FF08043D3F800319BB14FF0804300229E
:10B44000C3F80021D3F800210092009A0122C3F82A
:10B4500008230F4B5B7923B90D4B5A711B680020F1
:10B4600098474FF08043D3F804317BB14FF08043CD
:10B470000022C3F80421D3F804210192019A022288
:10B48000C3F80823024B1B680120984703B000BD96
:10B49000BC2D00202DE9F04182B08046144E0025DD
:10B4A000042708E09DF80700FFF720F8DFB126EA3F
:10B4B00004060135EDB2B6B100238DF807300DF169
:10B4C0000700FFF70FF80124AC402642EAD0094BF1
:10B4D0001B6814EA0302E5D1234306490B6088F890
:10B4E00000501746DEE7384602B0BDE8F08100BFE5
:10B4F000FFFF0100C42D00208C4691B19AB10123B9
:10B500008340C3F3100181B10A4909680B420ED090
:10B51000094BA23043F830C003EBC0035A6000204F
:10B5200070470E2070470E20704707207047082094
:10B53000704700BFC42D002000F00140012303FA32
:10B5400000F0B0F5003F0BD2C0F310031BB1064B67
:10B550001B68184206D0054BC3F80405002070474D
:10B560000720704708207047C42D002000F00140DC
:10B5700008B5024B1B68984708BD00BFC82D0020C6
:10B580004FF0A04300F5E07053F8202022F4403241
:10B5900043F8202053F8202042EA014243F82020BB
:10B5A000704700002DE9F04188B000250795012083
:10B5B0004FF48073294603E0400004339BB201310D
:10B5C000072912D803F1804202F5C0421468012C09
:10B5D000F2D1744CD4F804432042EDD0002414601E
:10B5E00012680492049A0543E6E76E4BD3F87C3167
:10B5F000012B07D015F0FF0F37D1002D38DB08B035
:10B60000BDE8F081674A0023C2F87C31D2F87C2182
:10B610000592059A45F000454FF0A042069207AA10
:10B62000002BE7D108A901EB830151F8081CD1F8E0
:10B63000101542F8041B0133F2E776000134072CA1
:10B64000DBD82E42F9D0574B04F5A27253F82200F2
:10B65000C0F3042053F82210C1F30141524B53F8B8
:10B660002430002BE9D09847E7E701260024E6E7DD
:10B6700000230193002B5FD108AA02EB83024FF055
:10B68000FF3142F8181C0133F4E7032F06D101A85B
:10B69000815C1943815427E0032935D00134032C00
:10B6A00046D8414B234493F95030D9B203F03F05BB
:10B6B000B3F1FF3FF2D0EA0803F00703012000FADC
:10B6C00003F308A800EBD50010F8180C0342E5D0EE
:10B6D0008F093549481990F9300051F82080B8F1A8
:10B6E000000FD2D0032FD2D005F5E0714FF0A0406B
:10B6F00050F82110C1F3014120326A4412F8042CA1
:10B700001342C9D00229C9D1032F06D0B8F1000FC6
:10B71000C4D039462846C047C0E7022906D00221D6
:10B720002846FFF72DFF0136F6B2EFE73946F7E777
:10B730002EB9002E3FF463AF00263446AFE74FF03A
:10B74000A0430693002303AA2BB1002373B1012366
:10B75000CBB10026EDE708A901EB830151F8081CE5
:10B76000D1F8101542F8041B0133EDE708AA02EBEB
:10B77000830252F8141C52F8042C914201D1013377
:10B78000E4E70023E4E7002BD3D108AA02EB83020D
:10B7900052F8141C42F8041C52F81C1C42F8181CE5
:10B7A0000133F0E700600040D02D0020002808DBC6
:10B7B0004901C9B200F1604000F5614080F8001312
:10B7C000704700F00F004901C9B2014B195470478E
:10B7D00014ED00E00B7803F003034A78120102F045
:10B7E000300213438A78120202F4E0621343CA78EB
:10B7F000120302F4805213430A79120402F4E02285
:10B8000013434A79120502F4801213438A7912060F
:10B8100002F080721343084A02EB001CCCF8183582
:10B8200091F807C0097A5130030102EB0010416022
:10B8300042F803C0704700BF0070004010B588B0E8
:10B84000674BD3F80431002B2CD0654B0022C3F892
:10B850000421D3F804310093009B624B93F82E200F
:10B8600012B193F82F30EBB100238DF814305D4BFB
:10B87000596806911989ADF81C10D968002964D05F
:10B88000584B188B5883596018810021D96012B920
:10B89000534B01221A60534C236805A89847002394
:10B8A00084F82F304F4B93F82E3053B34C4BD3F8D2
:10B8B000003133B34A4B0022C3F80021D3F80031E2
:10B8C0000193019B474A538B92F82D2093423ED916
:10B8D0009B1A9BB243494B834868098989B2CB1AAA
:10B8E00000EB43033E49C1F82C36C1F830263C4BEF
:10B8F0000022C3F80421D3F804210292029A012203
:10B900005A60374BD3F810317BB1354B0022C3F866
:10B910001021D3F810310393039B324B1A74022287
:10B920008DF814201B6805A898472D4BD3F81431C7
:10B9300043B32B4A0023C2F81431D2F814210592E4
:10B94000059A284A137408B010BD1974A3E79342EE
:10B9500008D09342CBD1234B012283F82F20002221
:10B960005A83C4E71F49C9680029F2D01D4B012042
:10B9700083F82F0000205883194BC3F82C16C3F806
:10B980003026B4E7174B5C69002CDCD0B4FA84F3A2
:10B990004FF00042DA4024EA020446339B0003F1F0
:10B9A000804202F5E04211680029EDD000211160CB
:10B9B00012680492049A01228DF81420A3F58C7366
:10B9C000C3F3C7028DF81820C3F3800383F001038B
:10B9D0008DF81930034B1B6805A89847D4E700BFC2
:10B9E000007000402C2E0020254B93F82C30002BAB
:10B9F00044D130B585B0224D29600378214CC4F87C
:10BA0000F0354378C4F8F435C37885F82E30012337
:10BA100085F82C3000232B7485F82D306B6185F868
:10BA20002F306FF00042C4F80823C4F80431D4F872
:10BA300004210392039AC4F80031D4F80021029241
:10BA4000029AC4F81431D4F814310193019B81781F
:10BA50000720FFF7ABFE0C4B80221A600223C4F8CC
:10BA6000043395F82E3013B10122C4F80423054B9A
:10BA70000122C3F80025002005B030BD0820704722
:10BA80002C2E00200070004000E100E0194B1B7CD0
:10BA90006BBB10B50C460B79012B1DD900F10C02C4
:10BAA000144B03EB42031B792BB9124A92F82D3049
:10BAB000013382F82D30E27900F10C010D4B03EBDC
:10BAC00041031A71227A5A712146FFF783FE2379C6
:10BAD000012B06D9002010BD074B0022C3F800251A
:10BAE000DCE7054B0122C3F800250020F3E7112015
:10BAF000704700BF2C2E002000700040404B1B7C84
:10BB0000002B7BD100B583B084463D4A01201074E0
:10BB10003C4B4FF0030EC3F808E3C3F82C16C3F8F0
:10BB2000300692F82D3083420FD900220BE0D3B2B9
:10BB3000344951334FEA031E01EB031300205860D0
:10BB400041F80E000132072AF1D90CF10C022C4BFE
:10BB500003EB4203197958792A4B0CF1510C4FEA47
:10BB60000C1203EB0C1CCCF80400995001221A6053
:10BB70005A6042F21073234AD2F804210AB9013BF9
:10BB8000F9D1204B0022C3F80021D3F80011019114
:10BB90000199C3F80421D3F804310093009B184B9A
:10BBA00093F82D30012B17D9002213E002F10C017C
:10BBB000134B03EB410393F804C093F805E0D3B2B1
:10BBC00010495133180101EB0313C3F804E041F8A5
:10BBD00000C00132072AE9D9094B93F82E3043B14E
:10BBE000084B0322C3F804230020054B187403B04C
:10BBF00000BD044B0222C3F80423F5E7112070476F
:10BC00002C2E002000700040024B187C003818BF1A
:10BC1000012070472C2E002000B583B0FFF7F4FF01
:10BC200018B3134B0022C3F81421D3F81421019246
:10BC3000019A2022C3F8042301229A600D4B1B7C39
:10BC4000022B07D042F210730A4A127C2AB1013B40
:10BC5000FAD102E0074B00221A74054B2022C3F8E8
:10BC60000823044B00225A60DA6003B000BD00BF15
:10BC7000007000402C2E002000B51FFA81FC4CEA19
:10BC8000024C030103F1804303F5E043C3F81CC5F4
:10BC900040004FF0800C0CFA00FC11F5006F21D031
:10BCA000DFF880E0431C4FF00041D940DEF814304B
:10BCB0000B43CEF814301C4BC3F804C3402383401D
:10BCC00040F2FF718A421DD0DFF858C0DCF8142022
:10BCD0004FF00041C1400A43CCF81420124AC2F888
:10BCE000043300BDDFF83CE0431C4FF00041D94075
:10BCF000DEF8143023EA0103CEF814300A4BC3F8FF
:10BD000008C3DBE7DFF81CC0DCF814204FF000416B
:10BD1000C14022EA0102CCF81420034AC2F80833D9
:10BD2000DFE700BF2C2E002000700040144B1B7C6E
:10BD300023BB10B500F10C02114B03EB42031B793E
:10BD40002BB10F4A92F82D30013B82F82D3000F1D3
:10BD50000C020B4B03EB420300241C715C71094A7B
:10BD600000F15103190102EB03135C60545040F2DF
:10BD7000FF720549FFF780FF204610BD1120704774
:10BD80002C2E00200070004000F8FFFF10B5174B6C
:10BD90006FF00042C3F80823154A8021C2F88010D2
:10BDA00001229A6042F21073104AD2F814210AB9A3
:10BDB000013BF9D100240D4BC3F800450D4B1C7419
:10BDC00000E00134072C0BD804F10C02094B03EB03
:10BDD00042031B79002BF4D0E0B2FFF7A7FFF0E796
:10BDE000044B002283F82C2010BD00BF00700040DF
:10BDF00000E100E02C2E002008B50346C27FFF2A98
:10BE000008D0817F79B1012101FA02F24FF0A041FF
:10BE1000C1F80C2500225A771A72184650F8082BE0
:10BE20005968904708BD012101FA02F24FF0A04184
:10BE3000C1F80825EEE7D0F8182102B9704700B51F
:10BE400083B00022C0F81821D0F818310193019B6B
:10BE50000846FFF7D1FF03B000BD000008B5024956
:10BE60000248FFF7E8FF08BD5C2E002000300040CC
:10BE7000002808DB4901C9B200F1604000F56140CB
:10BE800080F80013704700F00F004901C9B2014B60
:10BE90001954704714ED00E0F0B583B005460F4625
:10BEA0001646002401E00134E4B2B44216D204F193
:10BEB0005000800080B24FF48033A3402A58002AFB
:10BEC000F1D0D5F804231342EDD000232B502B588A
:10BED0000193019B3B6879689847E4E703B0F0BDA4
:10BEE00070B582B00E46057905EB45012F4B03EB8B
:10BEF0008103197A002956D104462C4B05EB4500E5
:10BF000003EB800C43F820207368CCF804300BE07E
:10BF1000226801F150039B009BB20020D050D358FF
:10BF20000193019B0131C9B263798B42F0D820683B
:10BF3000F17840F30730FFF79BFF236843F30731A5
:10BF4000C3F304334909012202FA03F3184840F805
:10BF5000213020687178D0F8043523F0030301F014
:10BF600003010B43C0F804352068B178D0F80835D8
:10BF700023F0030301F003010B43C0F808352068E8
:10BF80003178D0F8103523F00F0301F00F010B4387
:10BF9000C0F8103505EB4505044B03EB85031A7219
:10BFA000002002B070BD0820FBE700BF802E0020FB
:10BFB00000E100E003680122DA60704701F110033C
:10BFC000DBB29B00DBB20122D0F800C04CF80320AA
:10BFD000036801F5A87153F82100704708B50422E1
:10BFE00002490348FFF758FF08BD00BF802E00201C
:10BFF0000080004008B5042202490348FFF74CFFC7
:10C0000008BD00BF8C2E00200090004008B504221F
:10C0100002490348FFF740FF08BD00BF982E0020EB
:10C0200000A0004030B58DB084460D46D0F82431D4
:10C0300053B10023C0F82431D0F824310193019B7F
:10C04000D0F80431002B51D0DCF80431002B5FD044
:10C050000023CCF80431DCF804310293029B0DF18B
:10C060001C0E05F10C040FCCAEE80F002368CEF8CF
:10C07000003095F82E3053B12B7B012B42D0DCF8E9
:10C080004C250892022B40D0DCF84C350993002354
:10C09000CCF86031DCF860210492049ACCF85C3171
:10C0A000DCF85C310393039B95F8303013B195F8BD
:10C0B0002E3033B10023CCF80032AB60324BCCF8D9
:10C0C0000833DCF8C434CCF8C43413F0020F4FD07A
:10C0D00001238DF8183095F830300BB985F82F30E2
:10C0E0002B68696806A898470DB030BD8B68C0F80A
:10C0F000083302238B608B68C0F80433012303628A
:10C100004361F1E7DCF83C25BBE7DCF83C35BDE7F3
:10C11000CCF84831DCF848310593059B2B7B9BB963
:10C1200007AC05F10C0EBEE80F000FC4DEF80030BE
:10C13000236095F83030002BC3D1CCF80032AB60CF
:10C14000114BCCF80833BCE74FF40073CCF8003245
:10C1500040F20223AB6003F1CE73CCF80833AB6836
:10C16000CCF804330123CCF80830CCF82030BBE7FE
:10C1700013F0040F03D002238DF81830ABE700232F
:10C180008DF81830A7E700BF02029C0108B50349EB
:10C190004FF04020FFF746FF08BD00BFA42E00204F
:10C1A0000346827AC17A42EA0122092A40F2A28039
:10C1B00000201A7B597B42EA0122092A01D801306A
:10C1C00080B29A7BD97B42EA0122092A01D8013048
:10C1D00080B21A7C597C42EA0122092A01D8013036
:10C1E00080B29A7CD97C42EA0122092A01D8013026
:10C1F00080B21A7D597D42EA0122092A01D8013014
:10C2000080B29A7DD97D42EA0122092A01D8013003
:10C2100080B21A7E597E42EA0122092A01D80130F1
:10C2200080B29A7ED97E42EA0122092A01D80130E1
:10C2300080B21A7F597F42EA0122092A01D80130CF
:10C2400080B29A7FD97F42EA0122092A01D80130BF
:10C2500080B293F8202093F8211042EA0122092AA3
:10C2600001D8013080B293F8222093F8231042EADB
:10C270000122092A01D8013080B293F8242093F8D2
:10C28000251042EA0122092A01D8013080B293F830
:10C29000262093F8271042EA0122092A01D801300A
:10C2A00080B293F8282093F8291042EA0122092A43
:10C2B00001D8013080B293F82A2093F82B1042EA7B
:10C2C0000122092A01D8013080B293F82C2093F87A
:10C2D0002D1042EA0122092A01D8013080B293F8D8
:10C2E0002E2093F82F3042EA0323092B01D8013086
:10C2F00080B2704701205CE700B500F10A0E0A31F8
:10C300000023184605E0A2EB0C0292B20DE00133C7
:10C31000DBB2122B0ED83EF813C031F8132094452F
:10C32000F1D9ACEB020C1FFA8CF2952AEFD901304F
:10C3300080B2ECE700BD00B500F13A0E3A310023BF
:10C34000184605E0A2EB0C0292B20DE00133DBB21D
:10C350000B2B0ED83EF813C031F813209445F1D9B9
:10C36000ACEB020C1FFA8CF24F2AEFD9013080B2ED
:10C37000ECE700BDA2B170B504460D46FFF7BCFF67
:10C38000064629462046FFF7D6FF012E02D9012096
:10C39000C0B270BD012801D90120F9E70020F7E7FC
:10C3A000012070470368002B00DC704710B504467D
:10C3B000044804F0D1F9034805F089FF0023236005
:10C3C00010BD00BF4C2F002008B54FF400410020E5
:10C3D000FDF76EF9FDF7AAF808BD08B504F05EF8A0
:10C3E00003F0B4FF03F0D0FE03F046F903F0F8FCCD
:10C3F00004F0CAF8FFF7E8FF06F07CF802F026FC2C
:10C4000008BD000008B503F0EFFC432814BF4FF04F
:10C41000000C4FF0010C1E4A13781E4901F803C0AE
:10C420000133DBB21370042B02D9134600221A70B9
:10C43000194B1B78042B02D80133174A1370432879
:10C4400009D0164B1B78FF2B02D00133134A13700F
:10C4500000231A4609E0114B00221A70F8E70D4933
:10C46000C95C0A44D2B20133DBB20B490978994264
:10C47000F5D8022A03D90A4B01221A7008BD074BCE
:10C480001B78022BFAD9064B00221A70F6E700BF80
:10C49000362F0020382F0020352F0020342F002089
:10C4A000332F00202DE9F041ADF5846D044608AE30
:10C4B0004FF480652A460021304607F0F1FD2078D0
:10C4C000637840EA0320A37840EA0340E37840EA37
:10C4D00003602379627943EA0223A27943EA0243A3
:10C4E000E27943EA0263A27AE17A42EA0127227BF7
:10C4F000617B42EA012CA27BE17B42EA012E227C95
:10C50000617C42EA0122A17C94F8138041EA08216F
:10C5100089000691920005924FEA8E0204924FEA3A
:10C520008C020392BF000297009001939D4A294616
:10C53000304606F0D0FB85B2237D627D43EA0223BC
:10C54000A27DE17D42EA012C227E617E42EA012E3B
:10C55000A27EE17E42EA0122217F677F41EA072134
:10C56000914F89000391920002924FEA8E0201924C
:10C570004FEA8C0200929B003A46C0F5806130443D
:10C5800006F0A9FB0544ADB2A37FE27F43EA022394
:10C5900094F8202094F8211042EA012094F82220F7
:10C5A00094F8231042EA012C94F8242094F82510E2
:10C5B00042EA012294F8261094F827E041EA0E217D
:10C5C00089000391920002924FEA8C02019280004E
:10C5D00000909B003A46C5F58061701906F07BFB20
:10C5E0000544ADB294F8283094F8292043EA022398
:10C5F00094F82A2094F82B1042EA012294F82C1087
:10C6000094F82D0041EA002194F82E0094F82F7040
:10C6100040EA0720654F8000029089000191920056
:10C6200000929B003A46C5F58061701906F053FBF5
:10C630000544ADB294F830C094F831304CEA032C84
:10C6400094F8323094F8332043EA02231BB294F872
:10C65000342094F8351042EA012212B294F83610D0
:10C6600094F8370041EA002109B294F8380094F8B0
:10C6700039E040EA0E2000B203900291019200934B
:10C680000FFA8CF34A4AC5F58061701906F023FB56
:10C690000544ADB294F83A3094F83B2043EA0223C3
:10C6A00094F83C2094F83D1042EA012294F83E10A0
:10C6B00094F83F0041EA002194F8400094F841C00A
:10C6C00040EA0C2000EB4000029001EB4101019197
:10C6D00002EB4202009203EB43033A46C5F5806148
:10C6E000701906F0F8FA0544ADB294F8423094F8A7
:10C6F000432043EA022394F8442094F8451042EA88
:10C70000012294F8461094F8470041EA002194F879
:10C71000480094F849C040EA0C2000EB4000029029
:10C7200001EB4101019102EB4202009203EB430352
:10C730003A46C5F58061701906F0CDFA0544ADB2F0
:10C7400094F84A3094F84B2043EA022394F84C20A2
:10C7500094F84D1042EA012294F84E1094F84F00DC
:10C7600041EA002194F8500094F8514040EA042036
:10C7700000EB4000029001EB4101019102EB42020B
:10C78000009203EB43030B4AC5F58061701906F074
:10C79000A2FA291889B2304604F04EFC0DF5846DDA
:10C7A000BDE8F081A8480200C0480200D04802005D
:10C7B000E0480200F048020008B503F047FB114BC7
:10C7C0001B787BB140F67953984218D90D4B002263
:10C7D0001A700D4B1B786BB140F6795398420CD907
:10C7E000002008E040F6B1439842F2D80120054B02
:10C7F000187001E01846C0B208BD0120FBE7012017
:10C80000FAE700BF322F0020332F002038B503F0A5
:10C81000C3FD104B1B7823B904460D460E4B1B7805
:10C820000BB1012038BD04F001FC0028F9D10B4BFD
:10C83000D3E900231A43F5D0084BD3E90023A01A0B
:10C8400065EB0301064B984271F1000134BF0120F2
:10C850000020E7E7492F0020482F0020402F00202C
:10C86000C1D4010038B5044615460846FFF79AFDC5
:10C87000FA2003F0BFFD04F0B3FB01E003F0E5FD97
:10C8800003F08AFD236841F288329B18626842F106
:10C89000000C984271EB0C01F0D303F07DFDC4E96C
:10C8A000000103F04BFAFFF7ADFD35B1FFF784FF50
:10C8B0000028E5D104F0B2FB38BDFFF77DFF00286A
:10C8C000DED104F0B3FB0028F4D10146084804F09F
:10C8D000CDFB084B1A7808490548FFF74BFD0028A7
:10C8E000E8D10348FFF75CFC0E28C9D8E2E700BF97
:10C8F000A82F0020DE2E0020E02E0020F0B587B00B
:10C90000A44803F096FDFFF768FD00220023CDE95F
:10C91000042300252E4601E003F097FD03F03CFDC3
:10C92000049B7D33059A42F1000298429141F3D372
:10C9300003F032FDCDE90401974B1B78F3B9974A18
:10C9400013780133DBB21370072B21D91346002271
:10C950001A7003F0F3F9924A13780133DBB21370C3
:10C96000042B0FD8FFF728FF0028D7D001228D49CC
:10C9700004A8FFF777FF00252E46CFE7864B00225D
:10C980001A70CBE7134600221A70FFF73BFDE9E768
:10C99000854C0021204604F069FB2146834805F0C0
:10C9A00079F8804A136801331360B3F5166F80F28B
:10C9B000BA807F4F7F4BFF1AFF083F0447F0030701
:10C9C000794C2268636823899BB27B493846FDF71E
:10C9D00056F86289B4F80CC0E18989B2208A80B225
:10C9E000638A9BB20293019000911FFA8CF392B27A
:10C9F00072493846FDF75BF8A28AB4F816C0218B5D
:10CA000089B2608B80B2A38B9BB20293019000919C
:10CA10001FFA8CF392B26A493846FDF748F8E28B68
:10CA2000B4F820C0618C89B2A08C80B2E38C9BB238
:10CA30000293019000911FFA8CF392B2614938463B
:10CA4000FDF735F8228D638DA18D89B2E08D80B21E
:10CA5000019000919BB292B25B493846FDF719F8FC
:10CA6000228EB4F832C0A18E09B2E08E00B2238FBC
:10CA70001BB20293019000910FFA8CF312B253494A
:10CA80003846FDF714F8B4F83CC0B4F840E0B4F808
:10CA9000441089B2B4F8480080B2B4F84C309BB26C
:10CAA000B4F8502092B203920293019000911FFAC1
:10CAB0008EF31FFA8CF246493846FDF708F8628F6C
:10CAC000B4F83EC0B4F8421089B2B4F8460080B25F
:10CAD000B4F84A309BB2B4F84E40A4B20394029327
:10CAE000019000911FFA8CF392B23A493846FCF754
:10CAF000EEFFFCF755FE0028FBD12B48FFF7D2FCD8
:10CB0000FFF75AFED0B10122264904A8FFF7AAFE7A
:10CB100000252E46522224492F4807F08FFA2F4B2A
:10CB200001221A70FAE6214C204603F015FE204639
:10CB300005F0CDFB1B4B00221A603AE7FFF766FEBB
:10CB4000002851D1254B1A7823491748FFF712FCCA
:10CB500000284CD1224B1B7873B143F697239D429A
:10CB600002D87D359D4245D900220E4904A8FFF721
:10CB700079FE00252E46CDE71A4B9E4202D87D361F
:10CB80009E4239D90022074904A8FFF76BFE002511
:10CB90002E46BFE7A08601004A2F0020DD2E002090
:10CBA000DC2E0020D82E0020A82F00204C2F0020A3
:10CBB00030430200E8420200004902001849020026
:10CBC0003049020048490200644902007C490200E1
:10CBD00090490200A8490200E02E0020DE2E00202D
:10CBE000332F00201FBF020000252E4692E70025AC
:10CBF0002E468FE700268DE700258BE70369C26884
:10CC0000934204D881688A1A1344581E7047981AB0
:10CC1000013870472DE9F84304461646C568876811
:10CC2000A7EB0508904507D94068284407F006FAA5
:10CC30003544E560BDE8F8834068424689462844AB
:10CC400007F0FCF9ED1B35442A464946414460682B
:10CC500007F0F4F9E560EDE72DE9F843064688466C
:10CC60001746C5684FF000091AE0B2685B1B1A440A
:10CC7000013AB3685C1B944228BF1446BC4228BFEB
:10CC80003C46706822464146284407F0D7F9A14443
:10CC9000A0443F1B2544B368AB4207D0F5603FB1C9
:10CCA00033699D42E1D25B1B5A1EE2E70025F5E79E
:10CCB0004846BDE8F883000010B5134C02232361F9
:10CCC00063611249A161124BE3614FF40073236267
:10CCD0000023A36263620122E262A1640D49E16460
:10CCE00010212165A3656365E26504220A49E01D00
:10CCF00007F0A4F9094B93E803002060A180090C18
:10CD0000A1712023A37110BD0C320020C049020084
:10CD10000C300020FC2F0020CC490200D04902003A
:10CD20002DE9F0410F4615469046431C03EB4302A4
:10CD3000184B03EBC2010E4600EB400003EBC003AF
:10CD4000DC6A012C0ED0022C1BD00CBB0846FFF76E
:10CD500055FF854212D82C462A4639463046FFF701
:10CD600059FF0BE00846FFF749FF4446804528BFBE
:10CD70000446224639463046FFF74CFF2046BDE8C0
:10CD8000F0812A4639463046FFF766FF0446F5E74C
:10CD90000024F3E70C32002008B5FFF78DFF08BD33
:10CDA0006DDF704779DF70477DDF704764DF704764
:10CDB000F0B583B006460F461546017801293FD0ED
:10CDC0002A88901C984249D8012904D171781144CD
:10CDD00002318B4244D39C1AA4B2023CA4B2ADF8F7
:10CDE0000640288802300DF106013844FFF7DCFFC9
:10CDF00020BB3378022B04D07178BDF80620914215
:10CE000003D3BDF80620A24226D9012B1DD0ADF8D0
:10CE100006400822BDF80630FE2B23D829880133AE
:10CE20007B542B8801339BB22B80FA542B8801331F
:10CE30009BB22B80BDF8062013442B8003B0F0BDBD
:10CE40004278002ABCD10720F8E77378A342DED8E5
:10CE5000ADF806300822DDE70922DBE70C20EDE71C
:10CE60000C20EBE70C20E9E70B880433934220D831
:10CE700030B583B005460C460DF10600FFF792FF72
:10CE8000A8B923880322EA54238801339BB2238064
:10CE90001922EA54238801339BB22380BDF806206F
:10CEA000E918EA54120A4A7023880233238003B037
:10CEB00030BD0C20704700B5B2F800C00CF1030E75
:10CEC0009E4514D8022301F80C30138801339BB21D
:10CED00013804FF0010C01F803C0138863449BB228
:10CEE0001380C854138863441380002000BD0C20B5
:10CEF000FCE700B5B2F800C00CF1030E9E4514D853
:10CF0000022301F80C30138801339BB213804FF0D9
:10CF10000A0C01F803C0138801339BB21380C85474
:10CF2000138801331380002000BD0C20FCE72DE99D
:10CF3000F04F85B00646009190469A460E9FBDF888
:10CF40003CB0B7F8009000252C46CDF8049011E0D5
:10CF500002212AE03A8852440DF10B0103A8FFF7A1
:10CF600025FF0346002844D13B889DF80B2013443D
:10CF70003B8001343388A3422BDD71680DF10C092D
:10CF8000042201EB8401484607F058F800220DF115
:10CF90000B014846FFF70AFF034650BB9DF80B30D4
:10CFA0004345E6D1002DD3D001463A8813440B44C3
:10CFB0005B450CDC002DCDD1013292B23A80009B52
:10CFC0000AF802303B8801333B800125C2E70C237D
:10CFD0000FE0DDF804905DB13B88A3EB09039BB241
:10CFE000013B9BB2FF2B08D80AF80930002300E070
:10CFF0002B46184605B0BDE8F08F0C23F9E7F0B5D5
:10D0000083B0074616461D46BDF824400194DDF85E
:10D0100020C0CDF800C00222FFF789FF08B103B09D
:10D02000F0BD0194089B00932B46102231463846F0
:10D03000FFF77DFFF3E70388052B1AD9A3F681429A
:10D0400092B24FF27D318A4215D94288052A14D90D
:10D05000A2F6814189B24FF27D3081420FD94FF65D
:10D06000FF718B420DD08A420DD093420DD8002023
:10D070007047072070470720704707207047072038
:10D080007047002070470020704707207047F8B5B0
:10D0900014461688B21D9A4222D807460D46FFF75D
:10D0A000CAFFE0B90523AB55238801339BB2238027
:10D0B0001222EA54238801339BB223803A88E9186C
:10D0C000EA54120A4A70238802339BB223807A887A
:10D0D000E918EA54120A4A70238802332380F8BD03
:10D0E0000C20FCE770B582B00B88093393422AD834
:10D0F00005460C466846FFF753FE064628BB2388C4
:10D100000822EA54238801339BB223801B22EA546D
:10D110002088013080B2208006220DF101012844D0
:10D1200006F08CFF238806339BB223809DF80020F5
:10D13000012A05D90122EA5423880133238004E01F
:10D140000022EA54F8E70C231E46304602B070BDB8
:10D1500038B505468C4614468288023220888118EC
:10D160000231994227D8FE2A27D801320CF8002034
:10D17000238801339BB22380FF220CF803202388ED
:10D1800001339BB223802A880CEB03010CF80320A7
:10D19000120A4A702088023080B22080AA8872B1B8
:10D1A000A96871B1604406F049FF2388AA88134436
:10D1B0002380002004E00C2002E00C2000E0104658
:10D1C00038BD0720FCE7836A002B3DD02DE9F041F4
:10D1D00080460F461446002501E00135EDB298F86F
:10D1E0002C30AB422DD9D8F8282005EB4506B100EC
:10D1F00002EB8606B3880233FE2B27D82088013342
:10D200003B54238801339BB223801620F854238893
:10D2100001339BB22380525AF918FA54120A4A7009
:10D220002088023080B22080B288002AD5D0B16830
:10D2300071B1384406F002FF2388B288134423807A
:10D24000CBE70020BDE8F081072070470C20F9E70C
:10D250000720F7E7F0B583B004460E461546178859
:10D2600000222A8090F82D20002A35D1A378002BA7
:10D270003BD1E078002841D1606840B13B462A4666
:10D28000314690F90000FFF734FE024608BB2389BF
:10D29000002B3DD1238A002B47D1238B002B51D16A
:10D2A000206A30B13B462A463146FFF7F0FE02467F
:10D2B00078B9606A30B13B462A463146FFF748FFED
:10D2C000024630B994F82C30002B48D12378002B3B
:10D2D0004FD1104603B0F0BD3A4629463046FFF71D
:10D2E00001FF02460028C1D0F3E73A4629463046FE
:10D2F000FFF7BAFD02460028BBD0EAE73B462A46C4
:10D30000314640B2FFF7D7FD02460028B4D0E0E72F
:10D310000197009533460622022104F10800FFF729
:10D320006EFE02460028B5D0D3E70197009533463C
:10D330000722032104F11000FFF761FE02460028D6
:10D34000ABD0C6E70197009533461522142104F1AE
:10D350001800FFF754FE02460028A1D0B9E73B466B
:10D360002A4631462046FFF72EFF02460028ADD060
:10D37000AFE73B462A4631462046FFF719FD0246F5
:10D38000A7E728B300B58646F2B14FF0000C08E0DD
:10D390008C450FD21EF80C00604480B201301FFA99
:10D3A00080FC10886045F3D80CF101001EF80000E5
:10D3B0009842EDD18C4509D20CF1020313801EF87E
:10D3C0000C00013880B200BD1046FCE70020FAE7EF
:10D3D000704710B582B0044613460022ADF806200F
:10D3E0000DF10602FFF7CDFF18B1BDF8063020465B
:10D3F000184402B010BD0000132801D90020704766
:10D4000010B5044601460548FDF774F82146034B64
:10D41000181FFDF76FF8012010BD00BF8C320020EF
:10D4200038B50546002407E0054800EB840029468E
:10D430000430FDF76BF801341C2CF5D938BD00BF62
:10D440008432002008B501460148FDF75FF808BDA9
:10D450008C32002030B583B0054601910023036073
:10D46000019B93B9284603B030BD0134132CF9D881
:10D47000214601A8FDF757F80028F6D02B685A1C62
:10D480002A6005EB43039C80EFE70024EEE70000F1
:10D4900010B598B0134A9368DB431793516817A8E7
:10D4A000FDF75FF817996C466846FFF7D3FF0DF15B
:10D4B000300C0FCCACE80F000FCCACE80F0094E8B8
:10D4C00007008CE80700002407E018AB03EB4403D7
:10D4D00033F82C0CFFF7A4FF01340C9BA342F4D8C3
:10D4E00018B010BD8432002038B585880388112B10
:10D4F00016D004461A2B17D0102B14D1FFF7C8FFF3
:10D500002846FFF779FF38B1E37B012B0BD0294682
:10D510001448FCF7EFFF06E00420FCF727FC02E0CC
:10D520002846FFF78FFF38BD037A1C091F2B0FD940
:10D5300029460D48FCF7DEFF022C04D929460B488A
:10D54000FCF7D8FFEFE729460848FCF7DFFFEAE7DA
:10D55000054C29462046FCF7D9FF2946201DFCF73B
:10D56000D5FFE0E79032002094320020983200206E
:10D57000132801D90020704708B501460148FCF77F
:10D58000D2FF08BD8832002010B50446FFF7F0FF37
:10D5900008B1204610BD1420FCE775DF704776DF28
:10D5A00070477ADF70477BDF7047000000230BB1C4
:10D5B0000020704703EB8302054931F822208242A4
:10D5C00001D00133F3E703EB830301EB83007047E2
:10D5D0002033002030B5B0F804C002EB0C059445B0
:10D5E00094BFACEB0C0CACEB020CC2889C189A42BA
:10D5F00094BF921AD21A4B88B0F800E073450ED34C
:10D60000408883420DD88B8863450CD3AB420CD83D
:10D61000CB8893420BD3A3420BD8012000E000201B
:10D6200030BD0020FCE70020FAE70020F8E70020EA
:10D63000F6E70020F4E7000008B5024B9B6903B150
:10D64000984708BD0433002010B5FFF7A6FF044635
:10D6500008B1112803D1B4FA84F0400910BDFFF7D6
:10D66000EBFFF8E730B583B084B22046FFF79EFFAA
:10D6700098B1027A154B1B7B9A4210D30023037298
:10D68000124B1B7CBBB9114B5B6933B100228DF887
:10D690000420ADF8064001A8984703B030BD054608
:10D6A00000F10A012046FFF7CFFF0028F5D02B7AC2
:10D6B00001332B72F1E73B212046FFF770FF002872
:10D6C000E1D00828DFD0FFF7B7FFDCE70433002004
:10D6D00010B58088FFF76AFF38B104464068FCF750
:10D6E000A3FE18B94FF6FF73238010BDFFF7A4FF08
:10D6F000F8E7000000B583B002460B46497A69B9E5
:10D70000197A41B90C4949685868FCF76FFE88B12D
:10D71000FFF792FF0EE008498968F5E700211972CA
:10D72000054B5B6933B101218DF80410ADF806009B
:10D7300001A8984703B000BD04330020F8B5C37BAF
:10D740008288012B1FD1044617464FF6FF70FFF762
:10D750002DFF0546C0B12F800023037200F10A039C
:10D7600008220E491E46184606F068FC4FF6FF7365
:10D7700040F2F31204F110013046FFF72BFF6872FC
:10D78000074BDB8923B1F8BD0420FFF755FFFAE70B
:10D7900029463846FFF7AEFFF5E700BFFC32002010
:10D7A0000433002070B5064684882046FFF7FEFE4D
:10D7B00070B105464FF6FF7340F2F312314608315F
:10D7C0000A30FFF707FF687229462046FFF792FFED
:10D7D00070BD0000C288114BDB899A4200D07047AF
:10D7E000038A022BFBD170B5044685882846FFF7D3
:10D7F000DDFE064648B123461233184600F0BEF857
:10D8000020B131462846FFF775FF70BD7068FCF700
:10D810000BFE0028F9D0FFF70FFFF6E704330020D6
:10D8200008B50388122B0FD006D8102B09D0112B66
:10D8300009D1FFF74DFF06E0502B04D1FFF7CAFFD7
:10D8400001E0FFF77BFF08BDFFF7ACFFFBE700003F
:10D85000002839D010B50446DFF874C08646BEE80B
:10D860000F00ACE80F009EE807008CE80700194B9A
:10D87000ACF110021360206858B1FFF792FE38B97E
:10D8800008222168134806F0D9FB00243CB100208F
:10D8900010BD1048FFF787FE0028F6D0F8E70E4BC2
:10D8A00004EB840203EB82004FF6FF7123F8221091
:10D8B0000A4B03EB44134360094A21460430FCF74A
:10D8C0007FFD18B90134E1E70E2070470320DFE740
:10D8D00004330020FC3200202033002034330020A9
:10D8E00065D60100AADF70470B7823F00F030B7099
:10D8F000DBB223F0F0030B70032829D00DD90428E4
:10D9000031D0052819D10B78022262F303030B7082
:10D91000DBB262F307130B70704701280ED00228A8
:10D920000AD10B78012262F303030B70DBB20222EF
:10D9300062F307130B707047704770470B78012232
:10D9400062F303030B70DBB262F307130B707047D3
:10D950000B78012262F303030B70DBB2032262F344
:10D9600007130B7070470B78022262F303030B70EE
:10D97000DBB2012262F307130B707047007800F0EE
:10D9800001007047F0B591B006460C4617468B78FB
:10D99000002B40F0BA8001238DF80E302388ADF8BB
:10D9A0000C3002A90023ADF808308B70607CFFF7C3
:10D9B0009BFF0DF10901A07CFFF796FFE27B9DF82C
:10D9C0000A3062F3C3038DF80A30227CDBB262F3C3
:10D9D00004138DF80A30227BDBB262F300038DF86A
:10D9E0000A30237D002B00F0938002229DF80A303C
:10D9F00062F342038DF80A30002109910A910B91DC
:10DA00000C910D910E910F91637B13F0100F02D1C9
:10DA100013F0200F1DD00023ADF800308DF8023038
:10DA20000DF10101E07CFFF75FFF9DF8002001236D
:10DA300063F303028DF80020D2B263F307128DF86E
:10DA400000209DF8022063F342028DF80220CDF8F9
:10DA500038D0637B8DF82430A37B8DF825300021EE
:10DA60000491059106910791089103AB049302ABD1
:10DA70000593A388ADF81C30A36823B1E388ADF803
:10DA80001830A3680893A369002B33D001A90022A2
:10DA9000ADF804208A701A88ADF82C205A88ADF8A9
:10DAA0002E205A680A920D91187BFFF71DFFA3697B
:10DAB0000DF10501587BFFF717FFA369997A9DF8CF
:10DAC000062061F3C3028DF80620D97AD2B261F341
:10DAD00004128DF80620197AD2B261F300028DF893
:10DAE00006209B7BB3B102229DF8063062F342030D
:10DAF0008DF80630E36903B10C933B4604AA09A9EB
:10DB00003046FFF7EFFE11B0F0BD8DF80E3045E75F
:10DB100001226BE70122E7E772DF704773DF70478E
:10DB200090F8B40070470023052B03D8C25C1AB9E3
:10DB30000133F9E70020704701207047431C044877
:10DB400080FB0320401000EB8000181AC0B2704721
:10DB500067666666CB7B012B00D070478B88A0F888
:10DB6000A830FAE738B505460C46AB30FFF7DBFFC7
:10DB7000032C07D00ED8012C10D0022C08D1EB7941
:10DB800003B1B0B92B7AB3B96B7AB3B9184638BDC3
:10DB90000020FCE7042CF7D00020F8E7AB79002B3D
:10DBA000EDD095F82430002BE9D10028E7D02046AD
:10DBB000EDE70220EBE70320E9E70420E7E703466F
:10DBC000012280F831200020C3F8A400AA334B6062
:10DBD000886002230B7080238B81704703460222EA
:10DBE00080F8312003220A7002698A810020C3F87C
:10DBF000A40003F1AA024A60DB688B60704708B595
:10DC000043793BB190F8B23033B9FFF789FF10B1D7
:10DC1000012000E0184608BD0020FCE7837813B11E
:10DC200090F820304BB9836A042B08D0436A042B48
:10DC300001D001207047002070470020704700206D
:10DC400070470368013B012B01D900207047012078
:10DC5000704738B504460D460122B0F89810D0F848
:10DC60009400FFF7B6FB00B1057004F13C0204F12B
:10DC7000940104F15400FFF74FFF38BD38B5044656
:10DC80000D4643698B6083698B81012380F83C30AA
:10DC9000FFF7B5FF40B9032384F8313004F1940352
:10DCA000C4F8A430002038BD02232B75042120467F
:10DCB000FFF7CFFF0028F6D1052384F83130EDE7D8
:10DCC00038B504460D46C3698B60036A8B81012316
:10DCD00080F83C30FFF793FF40B9042384F83130DB
:10DCE00004F19403C4F8A430002038BD02232B753E
:10DCF00004212046FFF7ADFF0028F6D1062384F863
:10DD00003130EDE780F830107047002900F0858051
:10DD100070B504460E46002800F0828001F17800BC
:10DD2000FFF77CFF00287DD00025A57004F1040CCE
:10DD300006F1780EBEE80F00ACE80F00BEE80F0059
:10DD4000ACE80F009EE807008CE8070084F830502C
:10DD5000D6F8A4306363D6F8A830A3634FF6FF73F8
:10DD6000A4F8A83004F19403C4F8A43084F8AA50AD
:10DD700084F8AB5084F8AC5084F8AD5084F8AE50C1
:10DD800084F8AF5084F8B050237813B9FF2384F897
:10DD9000543004F15501C4F8941094F82430A3B31E
:10DDA0001F23A4F8983004F198023046FFF752FA86
:10DDB0000346C0BB04F17401C4F89C1094F82430ED
:10DDC0003BB31F23A4F8A03004F1A00206F13C00ED
:10DDD000FFF740FA034630BB012384F85130A269B3
:10DDE000A4F8482084F83C300146206484F85000B0
:10DDF0006369636404F13C0204F15400FFF78CFE94
:10DE0000034680B9012222700DE01F23A4F8983048
:10DE1000C9E71F23A4F8A030D6E70E2318467047A1
:10DE20000E2300E00723184670BD0378002B00F096
:10DE3000A78070B504460D468170002280F8AA20A4
:10DE400080F8AB2080F8AC2080F8AD2080F8AE20C0
:10DE500080F8AF2080F8B02083790BB9C3790BB17B
:10DE6000012D03D0E3794BB1022D07D1636B002B59
:10DE70003DD0012284F8B120082098472946204649
:10DE8000FFF770FEA070636B1BB10338C0B20128AE
:10DE900030D9002384F8B33004F13C051822002166
:10DEA000284606F0FDF8012384F83C3004F12C03E9
:10DEB0001E461846FFF7C5FE58B3E36A84F8513092
:10DEC00094F8243033B13046FFF7BBFE28B3A36A81
:10DED00084F85230A378022B33D022D9032B35D0CB
:10DEE000042B25D129462046FFF7EAFE20E084F8DE
:10DEF000B130C3E76279002ACBD094F8B220002A6F
:10DF0000C7D184F8B420012284F8B32007209847B1
:10DF1000C2E7012384F85130D2E7012384F852305C
:10DF2000D8E7C3B1012B03D129462046FFF747FEAE
:10DF3000A3789BB9636B2BB394F83100984700200A
:10DF400070BD29462046FFF749FEF1E729462046E5
:10DF5000FFF794FEECE784F83130E9E72A46D4F87D
:10DF6000A41004F15400FFF7D7FD0028E8D194F87D
:10DF7000301094F85400FFF7D1FD0028DAD0DFE725
:10DF8000082070471846DBE7002380F8B2308A8803
:10DF9000B0F8A8309A4200D0704710B50446037913
:10DFA00003B110BD0121FFF740FF0028F9D0A36B9A
:10DFB000002BF6D09847F4E70B88262B04D10B7A78
:10DFC000013BDBB2012B00D9704710B504468078C5
:10DFD000FFF7B4FD01462046FFF727FF10B1A26B03
:10DFE00002B1904710BD08B5034608461A88112AA9
:10DFF00007D0262A09D0102A02D11946FFF7AAFD18
:10E0000008BD1946FFF7C0FFFAE71946FFF7D4FF2E
:10E01000F6E77047E2B138B50446154600231360B1
:10E02000C0B10368C3B1C38813F0030F16D108460B
:10E03000FFF7AAFAC3B2142B12D022799A4211D94F
:10E040002368E288C0B202FB00332B60002038BD99
:10E050000E2070470E20FAE70E20F8E70720F6E7BB
:10E060000520F4E70420F2E7A5DF7047B5DF70472D
:10E07000F723038017234380002303714371704704
:10E0800008B58B8803EB430300EB43000630FFF732
:10E09000EFFF08BD70B582B005468C88498904EB56
:10E0A000440200EB4202D3888B4228BF0B46138107
:10E0B000172B38BF17231381C6687EB104EB4402C7
:10E0C00000EB4202D27A4AB140F67722ADF8002046
:10E0D000ADF80240ADF804306946B04704EB4403A4
:10E0E00005EB43030022DA729A7202B070BD0000A1
:10E0F00038B505468C88CB7B012B08D004EB440354
:10E1000005EB4303D9881B89994207D838BD02889B
:10E1100004EB440300EB4303DA80EFE72046FFF70C
:10E12000A3FF30B904EB440405EB44040123E3727C
:10E13000ECE7112806D104EB440405EB4405012368
:10E14000AB72E3E7074C084AA41AE408240444F03D
:10E150000104FCF7B9FD024604492046FBF786FCA2
:10E16000D4E700BF48430200E8420200D849020059
:10E1700070B582B005468C88CA88172A38BF172226
:10E1800004EB440300EB4303D9888A4228BF0A46C4
:10E190001A8100229A722046FFF768FFC8B904EB83
:10E1A000440305EB4303DB7A8BB9EB687BB140F6A4
:10E1B0007722ADF80020ADF8024004EB440405EBF3
:10E1C00044042289ADF8042069462846984702B0E5
:10E1D00070BD074B07495B1ADB081B0443F00106BF
:10E1E000FCF772FD024604493046FBF73FFCD6E7D8
:10E1F00048430200E84202000C4A0200A0B138B5D0
:10E200000546C160F72303804380FB23037100248C
:10E210000CB1002038BD04EB440005EB4000063093
:10E22000FFF726FF0134F3E70E20704738B1A1F164
:10E2300017039BB2E02B04D80180002070470E200A
:10E24000704707207047000038B58488F4B90D4640
:10E2500003883A2B1BD008D8102B0DD0112B0FD1CF
:10E2600001462846FFF70CFF0AE0552B08D101466E
:10E270002846FFF77DFF03E001462846FFF738FFF9
:10E2800004EB440305EB43039B7A2BB938BD0146ED
:10E290002846FFF7FFFEF3E704EB440305EB4303D7
:10E2A000D9882046FFF7E0FE38B904EB440305EBBC
:10E2B000430398720122DA72E8E71128E6D0074C8E
:10E2C000074AA41AE408240444F00104FCF7FCFC07
:10E2D000024604492046FBF7C9FBD7E74843020042
:10E2E000E8420200D8490200B0DF704766DF70479D
:10E2F000037A03B9704710B5044600214088FFF740
:10E30000F5FF08B9207210BD112802D0626890474D
:10E31000F9E701232372F6E708B50B79012B00D04A
:10E3200008BD0A8843889A42FAD101230372FFF795
:10E33000DFFFF5E70B4609884288914228D110B5E6
:10E3400084B004469A78022A1CD19A7A042A03D00F
:10E35000062A01D0052A15D10022009201920292CC
:10E36000039202228DF800204FF4C072ADF8042011
:10E370009A7A052A08D069461888FFF7B5FF08B1D0
:10E380006268904704B010BD0022ADF80420F2E7A7
:10E39000704760B169B10278DE2A0CD00A68426029
:10E3A000DE2202704FF6FF724280002070470E207E
:10E3B00070470E2070470820704728B10278DE2A87
:10E3C00004D14180002070470E207047082070471C
:10E3D00041B338B504460D4690B10B78DE2B0FD112
:10E3E00082884B889A420CD021462388112B11D069
:10E3F000512B0AD0012B03D104312846FFF78CFFA3
:10E4000038BD0846FFF774FFEEE704312846FFF7F2
:10E4100091FFF5E7A2886B889A42F1D14FF6FF731E
:10E420006B80EDE77047A8DF7047ADDF7047AEDF68
:10E43000704762DF704730B589B004460D4601AAC7
:10E4400089884069FFF7E6FD10B9019B1A780AB97F
:10E4500009B030BD02A80022029242608260C26010
:10E460000261426101228DF808200394AA88ADF868
:10E4700010200593A3699847EAE770B58AB004466F
:10E480000D46002600966A4689884069FFF7C2FD5E
:10E4900002AA0296566001AB03930223ADF808303E
:10E4A000218AA888FFF7C1FFE0B9A369D3B1039817
:10E4B000FFF764FAB0B1009B0BB101221A7004A8F7
:10E4C0000023049343608360C360036143610223BC
:10E4D0008DF810300594AB88ADF81830009B079389
:10E4E000A36998470AB070BD30B589B004460D469F
:10E4F00001AA89884069FFF78DFD002302930393E9
:10E5000004930593069307930394AB88ADF81030FA
:10E51000019A0592EB8821898B4204D0A28993420B
:10E520001DD009B030BD298A0229F7D1002AF8D0C0
:10E5300005F11200FFF722FA58B1019B01221A706F
:10E5400002238DF80830A369002BEAD002A898476F
:10E55000E7E7019B187003238DF80830F3E7A36900
:10E56000002BDED005F1120206922A8AADF81C209B
:10E5700002A89847D5E7B1B108B5034608464BB1A4
:10E580001A88502A07D0572A09D0102A02D11946D2
:10E59000FFF773FF08BD1946FFF7A6FFFAE7194614
:10E5A000FFF749FFF6E7704730B58FB004468E4657
:10E5B000404B0DF1240C0FCB8CE80F00002C74D0D5
:10E5C0002546BEF1000F72D0DEF80030A36121466F
:10E5D0006046FFF72EFF034610B118460FB030BD5E
:10E5E000224612F8023B8DF836300120ADF8340097
:10E5F0000DA9FFF718FF03460028EED101AC202239
:10E600000146204605F04CFD0223ADF804302A46B1
:10E6100012F80C3B8DF80630F423ADF808300123D6
:10E62000ADF80A304FF001018DF810109DF811106F
:10E6300041F008018DF81110C9B241F004018DF8C4
:10E6400011108DF815308DF8163021466888FFF7C7
:10E6500099F903460028C0D120220146204605F042
:10E660001FFD0323ADF804302A4612F8043B8DF851
:10E670000630F423ADF808300123ADF80A304FF02E
:10E6800001018DF810109DF8111041F010018DF866
:10E6900011108DF815308DF816308DF81730214691
:10E6A0006888FFF76FF9034697E70E2395E70E2377
:10E6B00093E700BFB04C020048B3F0B587B00F46F7
:10E6C00016461C46054601AA19464069FFF7A2FCFA
:10E6D000D8B94FF6FF7320469C421AD0019BD3B1A4
:10E6E0001B78D3B13388F42B19D802A900230293E5
:10E6F0004B608B60CB60AB88ADF808300597049613
:10E7000001238DF80A30FFF792FE07B0F0BD0E200E
:10E7100070470520F9E70520F7E70820F5E707200F
:10E72000F3E70000002807DB00F1604000F56140DE
:10E7300090F800034009704700F00F00014B185C8F
:10E740004009704714ED00E010DF704710B5044633
:10E750001F2819DD2046FFF7E5FF072825D8EC2301
:10E76000034113F0010F23D0134B9868A0B1600947
:10E77000194653F8203004F01F040122A24013432D
:10E7800041F82030002012E00C4BC34013F0010F81
:10E79000E0D142F201000AE004F01F026409012303
:10E7A0009340074A42F8243001E042F2020010BDD3
:10E7B00042F20200FBE700BF882D0020FC06FFBDEF
:10E7C00000E100E010B582B004460A496846FCF753
:10E7D00044FA02E06846FCF74AFA019B3BB11A682A
:10E7E0005968204690470028F4D1112000E01846CF
:10E7F00002B010BDD84C020010B582B004460849E2
:10E800006846FCF72AFA06E01A68596820469047DD
:10E810006846FCF72CFA019B002BF5D102B010BD25
:10E82000CC4C020008B51620FFF790FF00B908BDD8
:10E83000FBF79CFAFBE7000010B582B01C4B1B787D
:10E840006BBB1C4B01221A700020FFF7BBFF112885
:10E850002AD00020FFF7D0FF174B1B68019300233D
:10E860008DF803300DF10300FBF73CFE134901A8BE
:10E87000FFF76AFF0446B0FA80F040090C4B1870AD
:10E880009DF80300FBF732FE5CB90A4A14700C4A8B
:10E890001470FFF7C7FF0120FFF7AEFF01E0082368
:10E8A0001C46204602B010BD00231C46F9E700BFFD
:10E8B0005633002054330020E44C02009F04020031
:10E8C00055330020014B1878704700BF56330020A5
:10E8D00000B583B007496846FCF7BFF905E01A6840
:10E8E000586890476846FCF7C2F9019B002BF6D1A7
:10E8F00003B000BDC04C020008B5FFF7E9FF08BD3A
:10E9000060DF704769DF704761DF7047134B1B782A
:10E9100013B300B5ADF5017D0DF102014FF4FA73AB
:10E920000B8003A8FFF7F0FF70B90D4901A8FCF7B1
:10E9300094F9029B002BEFD01A68596803A89047FE
:10E9400001A8FCF794F9F4E7052802D10DF5017D43
:10E9500000BDFBF70BFAF9E7704700BF5733002003
:10E96000E84C020018B1034A0260002070470E20F4
:10E97000704700BF002500202DE9F04385B0804698
:10E980000E460846FFF7EEFF814618B1484605B02F
:10E99000BDE8F08301AC01906060A0608DF8048058
:10E9A00001278DF806700623ADF80830326821463D
:10E9B0002020FFF7A7FFCDF80490C4F80490C4F816
:10E9C00008908DF80570326821464020FFF79AFFC5
:10E9D000CDF80490C4F80490C4F808908DF8048031
:10E9E000F723ADF80630326821462320FFF78AFF6F
:10E9F000CDF80490C4F80490C4F808908DF8047021
:10EA0000326821463846FFF77DFFCDF80490C4F800
:10EA10000490C4F808904FF4B06301933268214623
:10EA2000A120FFF76FFFCDF80490C4F80490C4F85C
:10EA3000089032682146A020FFF764FFA6E7000097
:10EA400008B5FFF75DFF10B9014B01221A7008BD30
:10EA5000573300204BDF704700B585B009E01A68D6
:10EA600059680198904702A8FCF701F9039B002B15
:10EA7000F5D101A8FFF7EEFF20B9064902A8FCF77F
:10EA8000ECF8F3E7052801D105B000BDFBF76EF9FE
:10EA9000FAE700BFF44C0200064B1B68B3F5806F29
:10EAA00006D2044A1368591C1160034A3B21D15411
:10EAB000704700BF6034002064340020064B1B68A0
:10EAC000B3F5806F06D2044A1368591C1160034ADB
:10EAD0002021D154704700BF6034002064340020EE
:10EAE0000C4B1B68B3F5806F06D20A4A1368591C99
:10EAF0001160094A0D21D154064B1B68B3F5806F94
:10EB000006D2044A1368591C1160034A0A21D154E1
:10EB1000704700BF603400206434002000B583B02B
:10EB200000238DF807300DF10700FBF7DBFC094BE4
:10EB30001B784BB9074B01221A700023064A137049
:10EB4000064A1370064A13809DF80700FBF7CEFCB7
:10EB500003B000BD5E3400205D3400205C34002032
:10EB60005833002010B582B000248DF807400DF115
:10EB70000700FBF7B7FC074B01221A70064B1C700D
:10EB8000064B1C70064B1C809DF80700FBF7AEFC83
:10EB900002B010BD5E3400205D3400205C340020E3
:10EBA0005833002038B50546114C00232360FFF789
:10EBB00073FF2368B3F5806F05D22368591C216069
:10EBC0000C4A4121D1540A4B1B68B3F5806F05D222
:10EBD000074A1368591C1160064AD554FFF780FF95
:10EBE000034B196889B2034802F026FA38BD00BF0A
:10EBF000603400206434002038B50546114C0023F1
:10EC00002360FFF749FF2368B3F5806F05D22368BF
:10EC1000591C21600C4A4521D1540A4B1B68B3F59D
:10EC2000806F05D2074A1368591C1160064AD554F3
:10EC3000FFF756FF034B196889B2034802F0FCF94D
:10EC400038BD00BF603400206434002008B50023C4
:10EC5000074A1360074A01211170074A1370074AD7
:10EC60001370074A138002F095F8FFF757FF08BDAD
:10EC7000603400205E3400205D3400205C340020CD
:10EC8000583300209C4B1B7803B170472DE9F048A6
:10EC900086B001F081FB994BC3E90001984B1B78CA
:10ECA000512B09D0964B1B78432B00F0AA82FFF71B
:10ECB00035FF06B0BDE8F088924B1A78D3B24C2AE3
:10ECC00000F02B824C2B44D9522B00F0698100F2CA
:10ECD000D8804D2B00F0B281502B40F08E8205A9D8
:10ECE00004A801F053FE0023874A14461360FFF77F
:10ECF000D3FE2368B3F5806F05D22368591C2160C9
:10ED0000824A5221D154804B1B68B3F5806F06D2E2
:10ED10007D4A1368591C11607C4A5021D154FFF779
:10ED2000CDFE794C20682168059B0093049B784AAE
:10ED3000C1F58061754D284403F0CDFF236803447D
:10ED40002360FFF7CDFE216889B2284602F074F9EE
:10ED5000ADE7462B00F0208251D8412B00F0E68031
:10ED6000422B40F04A826B4B01221A70872001F03F
:10ED700041FB00F0E3FF00F071FD054601F066F88D
:10ED8000064601F0FBF9074601F02EF88346002302
:10ED90005D4A14461360FFF77FFE2368B3F5806F6A
:10EDA00005D22368591C2160584A5221D154564B30
:10EDB0001B68B3F5806F06D2534A1368591C116063
:10EDC000524A4221D154FFF779FE4F4C2068216806
:10EDD0000295CDF804B000963B464F4AC1F58061DC
:10EDE0004A4D284403F077FF236803442360FFF76C
:10EDF00077FE216889B2284602F01EF957E7492BB1
:10EE000040F0FB810023404A14461360FFF744FEA4
:10EE10002368B3F5806F05D22368591C21603B4AF3
:10EE20005221D154384B1B68B3F5806F06D2364A55
:10EE30001368591C1160354A4921D154FFF73EFE31
:10EE4000314E30683168354BD3E90045D3E900BC19
:10EE50009B68334A02920193CDF800B02B46314AA9
:10EE6000C1F58061294C204403F035FF3368034429
:10EE70003360FFF735FE316889B2204602F0DCF8D6
:10EE800015E7542B40F0B98100231F4A1446136044
:10EE9000FFF702FE2368B3F5806F05D22368591C83
:10EEA00021601A4A5221D154174B1B68B3F5806F69
:10EEB00006D2154A1368591C1160144A5421D154C2
:10EEC000FFF7FCFD104D2C682B68C3F580631E46D0
:10EED00001F07EFA0346144A31460C48204403F000
:10EEE000FAFE2B6803442B60FFF7FAFD296889B20C
:10EEF000064802F0A1F8DAE65E340020402F002038
:10EF00005D3400205C340020603400206434002034
:10EF1000744902004A2F0020A04A02001025002058
:10EF2000944A0200744A0200044B020005A904A896
:10EF300001F0CCFC0023914A14461360FFF7ACFDAE
:10EF40002368B3F5806F05D22368591C21608C4A71
:10EF50005221D154894B1B68B3F5806F06D2874A82
:10EF60001368591C1160864A4121D154FFF7A6FD50
:10EF7000824C20682168059B0093049B814AC1F55F
:10EF800080617F4D284403F0A6FE2368034423607C
:10EF9000FFF7A6FD216889B2284602F04DF886E603
:10EFA00000230593784A128892B27848835480F8F7
:10EFB000FF3005AA764903F002FE002836DD0598E9
:10EFC00001F036FC0546002834D000236B4A144675
:10EFD0001360FFF761FD2368B3F5806F05D22368E6
:10EFE000591C2160664A5221D154644B1B68B3F509
:10EFF000806F06D2614A1368591C1160604A522121
:10F00000D154FFF75BFD5D4C20685A2229465C4BCA
:10F01000184405F013F823685A332360FFF760FDA6
:10F02000216889B2564802F007F840E65120FFF700
:10F03000E3FD3CE64E20FFF7DFFD38E600230493B6
:10F040000593514A128892B25048835480F8FF3099
:10F0500005AB04AA4B4903F0B2FD01280EDD049B69
:10F06000059A934201D904920593049A1546059B8B
:10F070009B1A652B06D800231F4621E05120FFF77D
:10F08000BBFD14E65120FFF7B7FD10E6FFF716FDB4
:10F090003A4C20685A223146394B184404F0CEFFCE
:10F0A00023685A332360FFF71BFD216889B2344877
:10F0B00001F0C2FF3B4601331F462B4601331D467C
:10F0C000059BAB4222D3284601F0B2FB064600283E
:10F0D000F3D00023294A14461360FFF7DDFC2368B0
:10F0E000B3F5806F05D22368591C2160244A522150
:10F0F000D154224B1B68B3F5806FC7D21F4A1368E7
:10F10000591C11601E4A4D21D154BFE7002F7FF4D6
:10F11000CEAD4E20FFF770FDC9E50023174A144617
:10F120001360FFF7B9FC2368B3F5806F05D223683D
:10F13000591C2160124A5221D154104B1B68B3F55F
:10F14000806F06D20D4A1368591C11600C4A4C217D
:10F15000D154FFF7B3FC094C206852220D49084BEB
:10F16000184404F06BFF236852332360FFF7B8FCA8
:10F17000216889B2024801F05FFF98E56034002001
:10F180006434002074490200583300205C330020AE
:10F19000044B0200A82F00200023764A1446136077
:10F1A000FFF77AFC2368B3F5806F05D22368591CFA
:10F1B0002160714A5221D1546E4B1B68B3F5806FA8
:10F1C00006D26C4A1368591C11606B4A4621D1540F
:10F1D000FFF774FC674C206852226849664B18445C
:10F1E00004F02CFF236852332360FFF779FC216879
:10F1F00089B2614801F020FF59E55120FFF7FCFC7E
:10F2000055E55F4B1A78D3B2522A31D0522B0FD822
:10F210004B2B4AD04D2B7AD0452B40F0A780452070
:10F22000FFF7C0FCFA2001F0E5F801F06FFA3EE5C7
:10F23000542B26D0582B4FD0532B40F097800023CF
:10F240000593504A128892B24F48835480F8FF3099
:10F2500005AA4E4903F0B3FC002854DD5320FFF704
:10F26000A1FCFA2001F0C6F8059801F0F9FB1EE5B3
:10F270005220FFF797FCFA2001F0BCF801F006F9E4
:10F2800015E50023059305AA40493F4803F097FC84
:10F29000002806DD059801F0A5F85420FFF782FC50
:10F2A00005E54320FFF7A8FC01E50023059305AA27
:10F2B0003649354803F083FC002809DD059B003BF7
:10F2C00018BF0123324A13704B20FFF76BFCEEE4AA
:10F2D0004320FFF791FCEAE40023059305AA2B499C
:10F2E000294803F06CFC002809DD059B003B18BF92
:10F2F0000123284A13705820FFF754FCD7E4432019
:10F30000FFF77AFCD3E44320FFF776FCCFE4002339
:10F31000049305931B4A128892B21B48835480F8C9
:10F32000FF3005AB04AA1C4903F049FC01280EDD9F
:10F33000049B059A934201D904920593059B049A74
:10F340009B1A652B07D94320FFF756FCAFE44320F7
:10F35000FFF752FCABE44D20FFF724FCFA2001F04C
:10F3600049F80599049801F0D7FBA0E44320FFF782
:10F3700043FC9CE46034002064340020A82F00206B
:10F380005C340020583300205C330020044B020022
:10F39000492F0020482F00207449020008B59E4BD9
:10F3A0001B78002B00F037819B4B1A78D3B2022ACE
:10F3B00028D0022B19D9032B40D0042B40F02881F0
:10F3C0000D2800F01A810A2800F01781934B1B8842
:10F3D0009BB2FF2B00F2158190490B889BB25A1CFF
:10F3E00092B20A808E4AD05415E1002B00F01381AE
:10F3F000012B40F00D813B2840F00D81864B02220D
:10F400001A7008E151280CD071280AD0432801D085
:10F4100063280DD1834B43221A707F4B03221A704D
:10F42000F9E0804B51221A707B4B03221A70F2E0F4
:10F430004D20FFF7E1FBFFF795FBECE0794B1B78E4
:10F44000512B2BD0774B1B78432B40F0D080522888
:10F4500000F0A180722800F09E80452800F0A48072
:10F46000652800F0A180542800F0A780742800F0DF
:10F47000A480532800F0AB80732800F0A8804D28AA
:10F4800002D06D2840F0AD80674B4D221A70624B60
:10F4900004221A70614B00221A80BCE049282AD04D
:10F4A000692828D042282FD062282DD0542834D063
:10F4B000742832D0412839D0612837D050283ED026
:10F4C00070283CD0522843D0722841D04D2849D0D2
:10F4D0006D2847D04C284FD06C284DD0462801D0FD
:10F4E000662852D1504B46221A7000234A4A1370A4
:10F4F0004A4A13808FE04C4B49221A700023464A37
:10F500001370464A138086E0474B42221A7000234C
:10F51000414A1370414A13807DE0434B54221A70D4
:10F5200000233D4A13703D4A138074E03E4B412254
:10F530001A700023384A1370384A13806BE03A4B34
:10F5400050221A700023344A1370344A138062E048
:10F55000354B52221A70304B04221A702F4B002266
:10F560001A8058E0304B4D221A702B4B04221A702F
:10F570002A4B00221A804EE02B4B4C221A7000239B
:10F58000254A1370254A138045E05120FFF734FBCC
:10F59000FFF7E8FA3FE0244B52221A7000231E4A7C
:10F5A00013701E4A138036E01F4B45221A70002349
:10F5B000194A1370194A13802DE01B4B54221A70FC
:10F5C000154B04221A70154B00221A8023E0164BAB
:10F5D00053221A70104B04221A70104B00221A800A
:10F5E00019E04320FFF708FBFFF7BCFA13E04D20BA
:10F5F000FFF702FBFFF7B6FA0DE0074B00221A7087
:10F6000009E04D20FFF7F8FA034B00221A7002E0E0
:10F61000014B00221A7008BD5E34002058330020D0
:10F620005C3300205D3400205C340020104B1B78DC
:10F63000DAB2032B0BD0042A0FD0012A16D103789B
:10F64000022B00D093B90A4B02221A70704703783C
:10F6500063B9074B02221A707047037833B9044B21
:10F6600005221A70034B0022C3F8F825704700BF2B
:10F67000643800200070004008B5264B00221A7044
:10F680000BE00120FCF752FB002839D0214B00226F
:10F690001A70204B1B78002B37D1FCF7BDFAFCF712
:10F6A00075FB1D491D48FCF79FF903460028E8D06B
:10F6B000002BEBD10320FCF739FB0028E6D1042016
:10F6C000FCF734FB0028E1D10520FCF72FFB0028D4
:10F6D000DCD10620FCF72AFB0028D7D10720FCF755
:10F6E00025FB0028D2D1FCF721FB0028CED10C4904
:10F6F000FCF7CCF90028C9D1064B02221A70C8E7E2
:10F700000220FCF713FB0346D2E7024B02221A70D9
:10F7100008BD00BF643800202DF60100084D02002E
:10F72000604D020008B5FCF777FA0020FCF7FEFAFE
:10F730000120FCF7FBFA0220FCF7F8FA0320FCF7A3
:10F74000F5FA0420FCF7F2FA0520FCF7EFFA0620A0
:10F75000FCF7ECFA0720FCF7E9FAFCF717FB08BD09
:10F7600030B583B00023ADF80630394B1B78052B3C
:10F7700001D0002410E0364B02221A70F9E7FCF7A2
:10F7800043FA78B9324B1B78022B19D0002420465B
:10F7900003B030BD0134E4B2092CF3D82C4B1B78F4
:10F7A000022BECD02B4B4FF47A4043F001039847E7
:10F7B000274B1B78052BEDD1254B02221A70E9E768
:10F7C000FCF722FA0028E1D10322214B1A704FF0F6
:10F7D000A043C3F818274022C3F8082505241D4B71
:10F7E0004FF47A4043F001039847013CF7D10020E1
:10F7F000FCF79CFA024618B100231D461C460BE09C
:10F800001549FCF743F90246F6E7BDF906301C44FA
:10F810002B460133DBB21D46012D08D8002AF4D156
:10F820000DF106011046FCF769F90246EDE7084BB9
:10F83000022119704FF0A0434021C3F80C15002C91
:10F8400003DB002AA3D00024A1E70024F9E700BFCE
:10F8500064380020004D02006C4D020070B582B08B
:10F860000023ADF80630FCF7D7F9FCF78FFA2149F1
:10F870002148FCF7B9F8064698B14FF0A04303229F
:10F88000C3F818274022C3F8082505241B4B4FF462
:10F890007A4043F001039847013CF7D10024254604
:10F8A00009E01749FCF7F2F80646E6E7BDF906302D
:10F8B0001D440134E4B2012C08D8002EF6D10DF11C
:10F8C00006013046FCF71AF90646EFE74FF0A04371
:10F8D0004022C3F80C25FCF79FF9FCF757FAFFF715
:10F8E000CBFE002D04DB06B10025284602B070BD1A
:10F8F0000025F8E72DF60100084D0200004D02003A
:10F900006C4D020000280EDB00EBD070401043F27B
:10F910007E6303FB00F0054B83FB0023C017C0EBA5
:10F92000E32080B270470020EEE700BF676666669E
:10F9300000B583B00023ADF806301B4B1B78022BBB
:10F9400002D0002003B000BDFCF75EF90028F8D11A
:10F95000154B03221A70FCF7E9F9024680B1BDF994
:10F960000630114902200870002B15DBCAB94FF48C
:10F97000E17202FB03F0002810DBC0F34F20E1E747
:10F980000A49FCF783F802460028E8D10DF1060188
:10F99000FCF7B4F80246E2E70023E7E700F2FF10C5
:10F9A000EBE70020CEE700BF64380020604D020086
:10F9B00030B583B00023ADF806301C4B1B78022B0A
:10F9C00003D00024204603B030BDFCF71DF9002809
:10F9D000F7D14FF0A04340F20272C3F81027134B47
:10F9E00003221A70FCF7A2F911490020FCF74EF827
:10F9F0000DF106010020FCF781F800231D461C468E
:10FA00000BE00DF106010020FCF778F8BDF9063097
:10FA10001C442B460133DBB21D46012DF1D9034BAB
:10FA200002221A70002CCDDA0024CBE764380020C3
:10FA3000544D020030B583B00023ADF806301C4BA6
:10FA40001B78022B03D00024204603B030BDFCF706
:10FA5000DBF80028F7D14FF0A04340F20272C3F860
:10FA60000C27134B03221A70FCF760F91149002090
:10FA7000FCF70CF80DF106010020FCF73FF800231D
:10FA80001D461C460BE00DF106010020FCF736F880
:10FA9000BDF906301C442B460133DBB21D46012D57
:10FAA000F1D9034B02221A70002CCDDA0024CBE7E7
:10FAB00064380020484D020030B583B00023ADF813
:10FAC00006301C4B1B78022B03D00024204603B0C9
:10FAD00030BDFCF799F80028F7D14FF0A04340F271
:10FAE0000272C3F80827134B03221A70FCF71EF9A1
:10FAF00011490020FBF7CAFF0DF106010020FBF7BA
:10FB0000FDFF00231D461C460BE00DF10601002001
:10FB1000FBF7F4FFBDF906301C442B460133DBB282
:10FB20001D46012DF1D9034B02221A70002CCDDAAB
:10FB30000024CBE7643800203C4D02003C4B1B788E
:10FB4000022B01D00020704730B583B0FCF75CF881
:10FB500010B1002003B030BD0323354D2B70FCF7EE
:10FB6000E5F80120FCF7E2F832490020FBF78EFFB0
:10FB700031490120FBF78AFF01A90120FBF7BEFFF5
:10FB800001A90120FBF7BAFF01A90120FBF7B6FF8D
:10FB90000DF106010020FBF7B1FF0DF10601002079
:10FBA000FBF7ACFF0DF106010020FBF7A7FFBDF945
:10FBB0000630BDF904209C1A01A90120FBF79EFF25
:10FBC00001A90120FBF79AFF01A90120FBF796FF8D
:10FBD000BDF90630BDF904209B1A1C440DF1060145
:10FBE0000020FBF78BFF0DF106010020FBF786FFDD
:10FBF0000DF106010020FBF781FFBDF90630BDF9CC
:10FC000004209B1A1C1901A90120FBF777FF01A909
:10FC10000120FBF773FF01A90120FBF76FFFBDF97E
:10FC20000600BDF90430C01A204402232B7091E76E
:10FC300064380020304D0200184D02003C4B1B7808
:10FC4000022B01D00020704730B583B0FBF7DCFFFA
:10FC500010B1002003B030BD0323354D2B70FCF7ED
:10FC600065F80120FCF762F832490020FBF70EFF2F
:10FC700031490120FBF70AFF01A90120FBF73EFFF4
:10FC800001A90120FBF73AFF01A90120FBF736FF8C
:10FC90000DF106010020FBF731FF0DF106010020F8
:10FCA000FBF72CFF0DF106010020FBF727FFBDF944
:10FCB0000630BDF904209C1A01A90120FBF71EFFA4
:10FCC00001A90120FBF71AFF01A90120FBF716FF8C
:10FCD000BDF90630BDF904209B1A1C440DF1060144
:10FCE0000020FBF70BFF0DF106010020FBF706FFDC
:10FCF0000DF106010020FBF701FFBDF90630BDF94B
:10FD000004209B1A1C1901A90120FBF7F7FE01A989
:10FD10000120FBF7F3FE01A90120FBF7EFFEBDF97F
:10FD20000600BDF90430C01A204402232B7091E76D
:10FD300064380020244D02000C4D020010B5FFF77E
:10FD40000FFD0446FFF7DEFD204B1C60A0F2F5130B
:10FD50009BB241F29212934214D81D4B1B8813F4AC
:10FD6000004F1DD11A4A138801331BB21380092B8F
:10FD700002DD134600221A80154B1B881BB2154A60
:10FD800022F8130000231A4613E0124A22F8130047
:10FD900001339BB2092BF8D90D4B00221A80F1E7F1
:10FDA0000023F7E70B4931F8131012FA81F20133FF
:10FDB0009BB2092BF6D92AB1074B83FB0213D2174A
:10FDC000C2EBA302054B1A8010BD00BF8038002093
:10FDD0000C2500206838002067666666843800209D
:10FDE00008B5FFF7ABFF08BD08B500F05CFA68B1D5
:10FDF000144B1A88144B1B88C3F5815316339A424F
:10FE000015DB114B14221A80442008BD00F040FA83
:10FE10000028EDD10B4B1A880B4B1B88C3F52F63C1
:10FE20009A4209DB084B14221A804B20EDE7064B5F
:10FE300000221A804320E8E7034B00221A804C205E
:10FE4000E3E700BF843800207C380020014B18888D
:10FE5000704700BF8438002010B50446BC4A1388A0
:10FE600001339BB21380B3F57A7F44D800F01BFABC
:10FE7000002852D041F299039C4200F2628141F283
:10FE80004E039C4200F28D8041F21C039C4200F222
:10FE9000978040F6EA739C4200F29E8040F6B87369
:10FEA0009C4200F2A48040F686739C4200F2AA8035
:10FEB00040F66D739C4200F2B08040F654739C4251
:10FEC00000F2B98040F63B739C4200F2C28040F6DB
:10FED00009739C4200F2CB8040F61B439C4240F2E7
:10FEE0003281A4F61C439B4A82FB0312D817C0EB55
:10FEF000E200C0B263E09848984BC01AC008000402
:10FF00002246974940F00300F9F7B0FDF9F748FCA5
:10FF10000028FBD18E4B1880A8E700F0B9F9002823
:10FF2000A8D141F235039C4200F20F8140F6C7731D
:10FF30009C4200F2A78040F663739C4200F2AD80C1
:10FF400040F61D739C4200F2B38040F6E1639C4290
:10FF500000F2BA8040F6B9639C4200F2BF8040F6DE
:10FF60009B639C4200F2C48040F67D639C4200F299
:10FF7000C98040F64B639C4200F2CE8040F6FB53B2
:10FF80009C4200F2D48040F61B439C4217D9A4F651
:10FF90001C44744B83FB0423E417C4EBE303D8B283
:10FFA0000DE0A4F582530F3B03EB83035B00694A2A
:10FFB00082FB0312D817C0EBE2005A30C0B210BD6A
:10FFC000A4F580531D3B684A82FB0312D817C0EB8F
:10FFD00062005030C0B2F2E7A4F6EB73624A82FBD3
:10FFE0000312D817C0EB62004630C0B2E7E7A4F6B0
:10FFF000B9735D4A82FB0312D817C0EB62003C3034
:020000022000DC
:10000000C0B2DCE7A4F68773574A82FB0312D81705
:10001000C0EB62003230C0B2D1E7A4F66E7303EBDE
:1000200083035B00514A82FB0312D817C0EBE20046
:100030002830C0B2C3E7A4F6557303EB83035B001B
:100040004A4A82FB0312D817C0EBE2001E30C0B24E
:10005000B5E7A4F63C7303EB83035B00434A82FBE2
:100060000312D817C0EBE2001430C0B2A7E7A4F621
:100070000A733D4A82FB0312D817C0EB62000A30B4
:10008000C0B29CE7A4F6C873394A82FB0312D817A2
:10009000C0EB62005A30C0B291E7A4F66473324AF2
:1000A00082FB0312D817C0EBA2005030C0B286E723
:1000B000A4F61E732F4A82FB03121A44D817C0EB12
:1000C000A2004630C0B27AE7A4F6E264254880FB7D
:1000D0000430A0EBE4703C30C0B270E7A4F6BA6321
:1000E000002B03DB98103230C0B268E70333F9E726
:1000F000A4F69C64204880FB0430A0EBE470283018
:10010000C0B25CE7A4F67E641B4880FB0430A0EB21
:10011000E4701E30C0B252E7A4F64C63124A82FB70
:100120000312D817C0EB62001430C0B247E7A4F640
:10013000FC53002B03DBD8100A30C0B23FE7073373
:10014000F9E764203BE7002039E7642037E700BF88
:1001500066380020B5814E1B30430200E8420200A1
:10016000B44A0200ABAAAA2A676666661F85EB51ED
:10017000E9A28B2E932449925655555508B5FFF7A1
:1001800065FEFFF769FE08BD4FF0A0430C20C3F8E1
:10019000580740F20272C3F81027C3F80C27C3F8BF
:1001A0000827C3F87827C3F8702740F20331C3F853
:1001B0002417C3F82017C3F81C17C3F83417C3F863
:1001C0003817C3F83C174FF40071C3F80C154FF4FF
:1001D0008071C3F80C158021C3F80C154FF4005141
:1001E000C3F80C154FF48041C3F80C154FF40041CF
:1001F000C3F80C1540F20351C3F848174FF4802C94
:10020000C3F80CC5C3F84C174FF4002CC3F80CC549
:10021000C3F844174FF4003CC3F80CC5C3F84017AB
:100220004FF4803CC3F80CC5C3F850174FF480114D
:10023000C3F80C1540F20241C3F87417C3F8142731
:100240000322C3F818274022C3F80C250022C3F864
:100250003027C3F82827C3F86807C3F86C0740F2B3
:100260000F32C3F87C274FF00042C3F80825D3F8BB
:10027000103513F4800F02D0044B01221A704FF096
:10028000A0430422C3F85827704700BF86380020D7
:100290004FF0A043D3F8103513F4805F01D0002055
:1002A0007047FF2070474FF0A043D3F8103513F488
:1002B000806F01D000207047FF207047BFF34F8F41
:1002C0000549CA6802F4E062044B1343CB60BFF3F4
:1002D0004F8F00BFFDE700BF00ED00E00400FA050E
:1002E00010B5044638B1044B4FF47A4043F0010393
:1002F0009847013CF7D110BD804D0200DFF814C0D3
:10030000DCE9002312F1A40043F10001CCE9000173
:10031000704700BFA8380020054B0122C3F80C2508
:100320000449C3F80415C3F808251A60704700BFD4
:1003300000000140FFFF1D00024B034AC3F80026E6
:10034000704700BF000001403546526E08B50E4BA5
:1003500000200021C3E90001FAF702F80B4A01214D
:100360000B48FAF72DF848B1FAF746FC4FF08043F6
:100370000822C3F81025FFF7CFFF08BD0246A421CD
:100380000448FAF733F8EFE7A8380020FD0202002E
:10039000884D0200883800200C4BD3E90023590116
:1003A00041EAD2615001801A61EB0301890041EA00
:1003B00090718000801841EB0301C90041EA50713F
:1003C000C0F3103040EA4140C90B7047A838002004
:1003D000034BD3E90023D00B40EA4340704700BFF2
:1003E000A8380020430CC2030149C1E9002370472B
:1003F000A838002038B50446FEF764FA78B1FFF754
:10040000CBFF041941F1000503E0F9F7C9F9FAF748
:1004100009FCFFF7C1FFA042A941F6D338BD204631
:10042000FFF75EFFFAE708B572B6FFF747FF7047C0
:10043000704782B00738019002E0019B073B0193AF
:10044000019B002BF9DC02B0704708B5FFF774FF81
:10045000FEF718FCF9F7A4F9FAF7E4FB08BD38B584
:100460000446FEF72FFA68B1FFF796FF041941F131
:10047000000501E0FFF7E9FFFFF78EFFA042A94169
:10048000F8D338BD2046FFF72BFFFAE708B54FF049
:100490008043B122C3F81C25FFF710FF704708B551
:1004A000FFF70CFF10B582B0044600238DF807302B
:1004B0000DF10700FAF716F80E4B0222C3F80425D7
:1004C000BFF36F8FBFF34F8FC3F80845094BD3F8C5
:1004D0000034002BFAD0074B0022C3F80425BFF3E9
:1004E0006F8FBFF34F8F9DF80700F9F7FFFF02B042
:1004F00010BD00BF00E0014030B583B020F003051F
:100500002B6810F0030F26D16FF30F0343EA0104A9
:1005100000238DF807300DF10700F9F7E3FF104BCA
:100520000122C3F80425BFF36F8FBFF34F8F2C60F8
:100530000B4BD3F80034002BFAD0094B0022C3F840
:100540000425BFF36F8FBFF34F8F9DF80700F9F7B6
:10055000CDFF03B030BD9BB243EA0144D8E700BFF2
:1005600000E00140F8B507460E461546002407E0B6
:1005700036F8141007EB4400FFF7BEFF0134A4B2B5
:10058000B4EB550FF4D3F8BD10B54FF08053586E4F
:1005900000211C6E224603465548C0E90023554BF6
:1005A0008360554B18782038544B196049E001326C
:1005B0002C2A45D8524C0B034FF05A0C0CFB02333B
:1005C00004EB030CE35A9BB2BCF8024043EA044339
:1005D000B3F1FF3FEBD063461C1DBCF804309BB267
:1005E000648843EA0443B3F1FF3FE0D00CF1080410
:1005F000BCF808309BB2648843EA0443B3F1FF3F80
:10060000D5D00CF10804BCF808309BB2648843EAEA
:1006100004433A4C2468A342C9D36046BCF808306E
:100620009BB2BCF80A4043EA04430133334C2360D5
:10063000031DBCF8040080B25B8840EA0340B6E7C3
:100640000131092901D80022B2E70530FFF7CAFEBF
:100650002A4C22682B49A1FB0203D21A03EB520356
:100660005809294AA2FB0032D20802EB8202A0EB11
:1006700042022068A1FB0031431A01EB53014B09F0
:1006800003EB4303C3EB0313C31A1D4811035A249E
:1006900004FB03114418415A89B2608841EA0041C1
:1006A000B1F1FF3F10D015490A68013A154BA3FB81
:1006B0000203D21A03EB52035B09013303EB43033A
:1006C000C3EB03130B6010BD201DA18889B24088C5
:1006D00041EA0041B1F1FF3FE5D104F1080223896D
:1006E0009BB2528843EA0243B3F1FF3FDBD1EAE712
:1006F000102500202400020000F002000C39002028
:10070000005002006DC1166CCDCCCCCC10B500F001
:1007100051FC002405E00D4800EB0430FFF7C2FE59
:100720000134092CF7D90A490A68013A094BA3FB9D
:100730000203D21A03EB52035B09013303EB4303B9
:10074000C3EB03130B6000F069FC10BD0050020006
:100750000C3900206DC1166C70B5064600F02AFCFD
:100760002E4D5A2422463146284603F067FC2C4879
:100770000368AB6002682B4BA3FB0251521A01EBDA
:1007800052014909284AA2FB0152D20802EB820217
:10079000A1EB4202D0F800C0A3FB0C51ACEB010569
:1007A00001EB5501490901EB4101C1EB0111ACEB32
:1007B0000101120304FB01221C4C14440268A3FB38
:1007C0000213D11A03EB51035B0903EB4303C3EBA1
:1007D00003139A420BD05A2210492046FFF7C2FE5B
:1007E0000F4A13680133136000F018FC70BD0268F3
:1007F0000C4BA3FB0213D21A03EB52035B090A480A
:10080000A0FB0320C00800EB8000A3EB4000074BD7
:1008100003EB0030FFF746FEDDE700BFB0380020F5
:100820000C3900206DC1166CCDCCCCCC0050020030
:1008300000B50146224BA3FB0023C21A03EB52036F
:100840005B09204AA2FB0302D20802EB8202A3EB5F
:10085000420203EB4303C3EB0313CB1A4FEA023C00
:100860005A2000FB03CCDFF860E00CEB0E003EF8F2
:100870000CC01FFA8CFCB0F802E04CEA0E4CBCF144
:10088000FF3F18D000F1040EB0F804C01FFA8CFC32
:10089000BEF802E04CEA0E4CBCF1FF3F0DD000F177
:1008A000080203899BB2528843EA02438B4200D17B
:1008B00000BD0020FCE70020FAE70020F8E700BFB9
:1008C0006DC1166CCDCCCCCC0050020070B5864604
:1008D0000E464FF0000C4FF0FF30614647E001320A
:1008E0002C2A42D8284C4FEA0C335A2505FB0233F8
:1008F000E518E35A9BB26C8843EA0443B3F1FF3F27
:10090000EDD02C1DAB889BB2648843EA0443B3F15D
:10091000FF3FE4D005F108042B899BB2648843EAC9
:1009200004438B4204D9298989B26B8941EA034186
:100930004FEA0C335A2404FB0233134C234403F1D3
:1009400008041B899BB2648843EA04438342C6D2ED
:100950004FEA0C335A2000FB02330B48034418893A
:1009600080B25B8940EA0340B9E70CF1010CBCF1AD
:10097000090F01D80022B3E7BEF1000F01D0CEF875
:10098000000006B1316070BD0050020070B58646AF
:100990000E464FF0000C4FF0FF3061464BE0013245
:1009A0002C2A46D82A4C4FEA0C335A2505FB023331
:1009B000E518E35A9BB26C8843EA0443B3F1FF3F66
:1009C000EDD02C1DAB889BB2648843EA0443B3F19D
:1009D000FF3FE4D0AB899BB2002BE0D005F10804C7
:1009E0002B899BB2648843EA04438B4204D929894A
:1009F00089B26B8941EA03414FEA0C335A2404FB64
:100A00000233134C234403F108041B899BB264880E
:100A100043EA04438342C2D24FEA0C335A2000FB1C
:100A200002330B480344188980B25B8940EA0340D3
:100A3000B5E70CF1010CBCF1090F01D80022AFE7BA
:100A4000BEF1000F01D0CEF8000006B1316070BDDC
:100A500000500200014B1868704700BF0C3900209D
:100A600000B583B00023ADF80430284BA3FB00236E
:100A7000C21A03EB52035B09254AA2FB0312D208F8
:100A800002EB8202A3EB420203EB4303C3EB03132B
:100A9000C31ADFF880C011034FF05A0E0EFB03118A
:100AA0000CEB010E3CF8011089B2BEF802C041EA1D
:100AB0000C41B1F1FF3F1AD00EF1040CBEF8041046
:100AC00089B2BCF802C041EA0C41B1F1FF3F0ED03F
:100AD000BEF80C1089B251B10EF1080CBEF8081026
:100AE00089B2BCF802C041EA0C41814201D003B096
:100AF00000BD10035A2202FB03000830054B1844C6
:100B0000022201A90430FFF72DFDF0E76DC1166C3C
:100B1000CDCCCCCC00500200F0B583B007460E46D9
:100B20000025ADF804503DE001342C2C39D8204A82
:100B30002B035A2101FB0433D118D35A9BB24A88A4
:100B400043EA0243B3F1FF3FEED00A1D8B889BB20C
:100B5000528843EA0243B3F1FF3FE5D08B899BB251
:100B6000002BE1D001F108020B899BB2528843EAC5
:100B70000243B342D8D801F108020B899BB25288D4
:100B800043EA0243BB42CFD328035A2303FB0400AA
:100B90000830074B1844022201A90430FFF7E2FC99
:100BA000C2E70135092D01D80024BEE703B0F0BD2E
:100BB000005002003FDF704774DF704776DF7047F8
:100BC00077DF70477ADF70477CDF70477FDF7047E1
:100BD0008FDF7047B1DF704708B5037803B108BDF8
:100BE000034B18883B2180B2FFF7E8FFF7E700BF0F
:100BF0002E25002008B5F9F7B9F808BD08B5F9F7B2
:100C0000B5F808BD08B528B1032802D1064B00226B
:100C10001A7008BD054B93F85400FFF7CDFF04216F
:100C20000248FDF702F9F4E714390020C439002026
:100C300038B503784BB138BD2B69185DFEF7AEFBB4
:100C40000134AB8A9C42F7D3F5E705461C46F8E72A
:100C500010B582B004460388212B40D022D8112B36
:100C60002BD0132B45D0102B1AD12D482D4BC01A49
:100C7000C00800042C4940F00300F8F7F1FE2B4BAC
:100C800001221A70A3882A4C2380218889B229481E
:100C9000FDF793FB2188042289B20320FFF790FF20
:100CA00002B010BD522B2DD0562B34D03B2BF7D198
:100CB00013218088FFF782FFF2E71948194BC01A09
:100CC000C00800041C4940F00300F8F7C9FE174BA8
:100CD00000221A70164B4FF6FF721A80E0E70023CD
:100CE0008DF804308DF8053001A98088FFF770FF7A
:100CF000D6E70F4B188800231A46852180B2FFF7EC
:100D000065FFCDE70A4B188800231A46194680B2C2
:100D1000FFF760FFC4E713218088FFF74FFFBFE7AD
:100D200030430200E8420200C04A020014390020A9
:100D30002E2500207C3A0020CC4A020008B54A88C3
:100D40000F4B1B889BB29A4200D008BD0A8840F620
:100D500077239A42F9D18B88033B9BB209490B80D8
:100D600009480A4BC01AC00800040A880B889BB2C5
:100D700092B2074940F00300F8F781FEE5E700BFB3
:100D80002E2500202C25002030430200E8420200DE
:100D9000DC4A020010B58CB0764B00221A70FDF7C9
:100DA0004BFD05E042F21070FFF743FBFDF744FDF9
:100DB00008B10828F6D170490120FDF7DDFD0028B3
:100DC00040F0B4806C48FDF73BFE002840F0B18055
:100DD0009DF82430012262F303038DF82430DBB246
:100DE00062F307138DF824300822644909A8FFF73D
:100DF000EBFE002840F0A0800AA800230A9343607D
:100E00000823ADF828301023ADF82A300123ADF8BF
:100E10002C304FF4C873ADF82E30FFF7D3FE002806
:100E200040F08D8056495748FDF7E8F9002840F01A
:100E30008980F7215348FDF7F9F9002840F08580B3
:100E400000230793504B079307A95048FDF7A1FAD9
:100E500000287DD1002308934D4B089308A94D48E5
:100E6000FDF7A2FB002876D14B4CAC220021204696
:100E700003F016F902232370082363700623E3703E
:100E800001232382454A62614FF0010284F87C20ED
:100E900040F26A32C4F8882044F25062C4F88C20D0
:100EA00084F87D304FF4FA53C4F890303C4BC4F8CA
:100EB000A430DFF8F0E03C4B0EF1940C0FCB8CE843
:100EC0000F0021467046FCF720FF002846D1012183
:100ED0003448FCF717FF6846002300930193029300
:100EE00003930493059306934FF4203301934FF437
:100EF0007023029303238DF80C302C4B05932C4B5D
:100F00000693FCF7A5FC60BB0422264B93F8541013
:100F10000120FFF755FE38BB0120FFF74BFE0321F0
:100F20002048FCF782FF10BB0CB010BDF8F71EFF85
:100F300048E7F8F71BFF4BE7F8F718FF5CE7F8F70F
:100F400015FF6FE7F8F712FF73E7F8F70FFF77E782
:100F5000F8F70CFF7EE7F8F709FF85E7F8F706FFDB
:100F6000B5E7F8F703FFCFE7F8F700FFD4E7F8F7A6
:100F7000FDFED9E71439002010390020202500207B
:100F80003D0D0200883A0020FD0B02007C3A002053
:100F9000310C0200302500201839002028250020BF
:100FA000050C0200C43900205CF00200D90B0200DD
:100FB000F50B020010B5084B1888132180B2FFF71B
:100FC000FDFD064C00212046FCF72FFF94F854004D
:100FD000FFF7F2FD10BD00BF2E250020C439002010
:100FE00010B50C4B1B889BB24FF6FF72934209D190
:100FF000094C94F85400FFF7DFFD04212046FCF76C
:1010000014FF10BD034B1888132180B2FFF7D6FDE3
:10101000EEE700BF2E250020C439002008B50321CB
:101020000148FCF702FF08BDC4390020014B1878C5
:10103000704700BF1439002010B582B00446ADF8E7
:101040000610FFF7F3FF50B1064B1B889BB20DF162
:10105000060221460448FDF72FFB1328F4D002B006
:1010600010BD00BF2E250020302500202DE9F041C5
:1010700004460D464FF0A0434FF40072C3F80C2510
:101080004FF48072C3F80C258022C3F80C254FF46E
:101090000052C3F80C254FF48042C3F80C254FF4DE
:1010A0000042C3F80C254FF00042C3F80C25FEF7B0
:1010B0007FFCFEF7BFFCFEF7FFFCFEF7DDFAFFF753
:1010C0006BF92070C0F307236370C0F30743A3706C
:1010D000000EE0702171C1F307236371C1F3074370
:1010E000A3710B0EE371FEF723FC2072C0F30F20F7
:1010F0006072CB4A138801331BB213800DB94F2B9A
:101100003ADDC74B00221A80C64A13780133DBB29E
:101110001370042B02D9134600221A70C14B1B789E
:10112000022B00F049810ED9032B00F04F81042BD4
:1011300016D1142001F048FA84F83800C0F30720D3
:1011400084F8390018E073B1012B09D1132001F0A4
:101150003BFA84F83200C0F3072084F833000BE038
:10116000B04B00221A70122001F02EFA84F83000E1
:10117000C0F3072084F83100AB4A13780133DBB2A7
:101180001370042B02D9134600221A704FF0A045A9
:101190004FF40076C5F80C654FF48077C5F80C75F0
:1011A0004FF08008C5F80C85C5F8086542F210704C
:1011B000FFF73FF9FEF7FCFBFEF73CFCFEF77CFC7B
:1011C000FEF7F6FB84F82000C0F3072084F8210026
:1011D000FEF730FC84F82400C0F3072084F82500D3
:1011E000FEF76AFC84F82A00C0F3072084F82B007D
:1011F000C5F80875C5F80C6542F21070FFF719F9CB
:10120000FEF7D6FBFEF716FCFEF756FCFEF7D0FB0A
:10121000A076C0F30720E076FEF70CFCA077C0F3C1
:101220000720E077FEF748FC84F82C00C0F3072085
:1012300084F82D00C5F8086542F21070FFF7F9F840
:10124000FEF7B6FBFEF7F6FBFEF736FCFEF7B0FB4B
:10125000A072C0F30720E072FEF7ECFB2077C0F32A
:1012600007206077FEF728FCC5F80885C5F80C75DF
:10127000C5F80C6542F21070FFF7DBF8FEF798FB3B
:10128000FEF7D8FBFEF718FCFEF792FB84F822006D
:10129000C0F3072084F82300FEF7CCFBA074C0F352
:1012A0000720E074FEF708FC84F82E00C0F3072046
:1012B00084F82F00C5F8086542F21070FFF7B9F8FE
:1012C000FEF776FBFEF7B6FBFEF7F6FBFEF770FBCC
:1012D0002075C0F307206075FEF7ACFB2074C0F3E7
:1012E00007206074FEF7E8FBC5F80875C5F80C65C3
:1012F00042F21070FFF79DF8FEF75AFBFEF79AFBDB
:10130000FEF7DAFBFEF754FB2073C0F3072060738F
:10131000FEF790FB2076C0F307206076FEF7CCFB4B
:1013200084F82600C0F3072084F82700C5F8086574
:1013300042F21070FFF77DF8FEF73AFBFEF77AFBFA
:10134000FEF7BAFBFEF734FBA075C0F30720E0758B
:10135000FEF770FBA073C0F30720E073FEF7ACFB51
:1013600084F82800C0F3072084F82900C5F80C652C
:10137000C5F80C75C5F80C854FF40056C5F80C651A
:101380004FF48043C5F80C354FF40043C5F80C35D5
:1013900042F21070FFF74DF8C5F8086542F2107080
:1013A000FFF747F8204B1D78FEF7C8FB1F4B43F8AB
:1013B000250000231A4619E0112001F005F984F8F0
:1013C0003400C0F3072084F83500D5E6102001F082
:1013D000FBF884F83600C0F3072084F83700CBE62A
:1013E000124951F823100A440133DBB2042BF7D918
:1013F0000F4B83FB0213D217C2EB6302002684F863
:101400003C20C2F3072284F83D20074B1D78FEF7ED
:1014100015FC084B43F825003346324612E000BF66
:101420009E3A00209C3A0020A03A00206C3B00200D
:1014300067666666A43A0020BE4951F823100A4444
:101440000133DBB2042BF7D9BB4B83FB0213D2175A
:10145000C2EB6302002684F85020C2F3072284F80E
:1014600051204FF0A0434FF48042C3F808254FF4B9
:101470000052C3F80C2542F21070FEF7DAFFAF4BB2
:101480001D78FEF75BFBAE4B43F825003346324632
:1014900005E0AB4951F823100A440133DBB2042BB9
:1014A000F7D9A54B83FB0213D217C2EB63020026C8
:1014B00084F84C20C2F3072284F84D209F4B1D78FE
:1014C000FEF7BCFB9F4B43F825003346324605E050
:1014D0009C4951F823100A440133DBB2042BF7D99D
:1014E000954B83FB0213D217C2EB6302002784F8EB
:1014F0004E20C2F3072284F84F204FF0A0454FF44E
:101500000056C5F8086542F21070FEF792FF4FF4DE
:101510000043C5F808354FF48043C5F80C35C5F8CD
:101520000C6542F21070FEF784FF844B1D78FEF7C5
:1015300005FB854B43F825003B463A4605E08249CA
:1015400051F823100A440133DBB2042BF7D97A4B4C
:1015500083FB0213D217C2EB6302002684F84A20F1
:10156000C2F3072284F84B20744B1D78FEF766FB0C
:10157000764B43F825003346324605E0734951F86F
:1015800023100A440133DBB2042BF7D96A4B83FBE7
:101590000213D217C2EB6302002684F84220C2F382
:1015A000072284F843204FF0A0434FF40052C3F8C1
:1015B000082542F21070FEF73CFF604B1D78FEF7E5
:1015C000BDFA634B43F825003346324605E06049D7
:1015D00051F823100A440133DBB2042BF7D9564BE0
:1015E00083FB0213D217C2EB6302002684F83E206D
:1015F000C2F3072284F83F20504B1D78FEF71EFBF4
:10160000544B43F825003346324605E0514951F822
:1016100023100A440133DBB2042BF7D9464B83FB7A
:101620000213D217C2EB6302002684F84420C2F3EF
:10163000072284F845204FF0A0434FF48042C3F8BE
:1016400008254FF40052C3F80C2542F21070FEF743
:10165000F0FE3A4B1D78FEF771FA3F4B43F8250038
:101660003346324605E03C4951F823100A44013321
:10167000DBB2042BF7D9304B83FB0213D217C2EB3A
:101680006302002684F83A20C2F3072284F83B2044
:101690002A4B1D78FEF7D2FA304B43F8250033462B
:1016A000324605E02D4951F823100A440133DBB2DC
:1016B000042BF7D9204B83FB0213D217C2EB630232
:1016C000002684F84620C2F3072284F847204FF012
:1016D000A0434FF40052C3F8082542F21070FEF701
:1016E000A8FE164B1D78FEF729FA1D4B43F825007E
:1016F0003346324605E01A4951F823100A440133B3
:10170000DBB2042BF7D90C4B83FB0213D217C2EBCD
:101710006302002684F84020C2F3072284F84120A7
:10172000064B1D78FEF78AFA0E4B43F82500334628
:1017300032461FE0A43A002067666666A03A0020A1
:10174000CC3A0020B83A0020E03A0020303B00209C
:10175000583B00201C3B0020803B0020083B002021
:10176000443B0020F43A0020C84951F823100A44B1
:101770000133DBB2042BF7D9C54B83FB0213D2171D
:10178000C2EB630284F84820C2F3072284F84920A0
:101790004FF0A0434FF40072C3F80C254FF4807251
:1017A000C3F80C258022C3F80C254FF40052C3F86F
:1017B0000C254FF48042C3F80C254FF40042C3F8C7
:1017C0000C254FF00042C3F80825A37AE27A43EAD9
:1017D0000223322B40F2FD80323BA372C3F3072376
:1017E000E372237B627B43EA0223322B40F2F580D3
:1017F000323B2373C3F307236373A37BE27B43EA88
:101800000223322B40F2ED80323BA373C3F3072354
:10181000E373237C627C43EA0223322B40F2E580AF
:10182000323B2374C3F307236374A37CE27C43EA53
:101830000223322B40F2DD80323BA374C3F3072333
:10184000E374237D627D43EA0223322B40F2D5808C
:10185000323B2375C3F307236375A37DE27D43EA1F
:101860000223322B40F2CD80323BA375C3F3072312
:10187000E375237E627E43EA0223322B40F2C58069
:10188000323B2376C3F307236376A37EE27E43EAEB
:101890000223322B40F2BD80323BA376C3F30723F1
:1018A000E376237F627F43EA0223322B40F2B58046
:1018B000323B2377C3F307236377A37FE27F43EAB7
:1018C0000223322B40F2AD80323BA377C3F30723D0
:1018D000E37794F8203094F8212043EA0223322B56
:1018E00040F2A380323B84F82030C3F3072384F80E
:1018F000213094F8223094F8232043EA0223322B3B
:1019000040F29980323B84F82230C3F3072384F8F5
:10191000233094F8243094F8252043EA0223322B14
:1019200040F28F80323B84F82430C3F3072384F8DD
:10193000253094F8263094F8272043EA0223322BEE
:1019400040F28580323B84F82630C3F3072384F8C5
:10195000273094F8283094F8292043EA0223322BC8
:101960007BD9323B84F82830C3F3072384F829302D
:1019700094F82A3094F82B2043EA0223322B72D9B0
:10198000323B84F82A30C3F3072384F82B3094F8D1
:101990002C3094F82D2043EA0223322B69D9323BB4
:1019A00084F82C30C3F3072384F82D3094F82E30BC
:1019B00094F82F2043EA0223322B60D9323B84F87B
:1019C0002E30C3F3072384F82F30FDF7ABFEBDE8BC
:1019D000F0810023A372E37203E700232373637390
:1019E0000BE70023A373E37313E7002323746374EB
:1019F0001BE70023A374E37423E7002323756375B7
:101A00002BE70023A375E37533E700232376637682
:101A10003BE70023A376E37643E70023237763774E
:101A20004BE70023A377E37753E7002384F82030C4
:101A300084F821305DE7002384F8223084F82330D5
:101A400067E7002384F8243084F8253071E7002309
:101A500084F8263084F827307BE7002384F8283088
:101A600084F8293084E7002384F82A3084F82B3066
:101A70008DE7002384F82C3084F82D3096E700237E
:101A800084F82E3084F82F309FE700BFF43A00200E
:101A90006766666670B505460C460678437846EA82
:101AA0000326837846EA0346C37846EA0366087845
:101AB0004B7840EA03208B7840EA034091F803E03A
:101AC0000979637941EA0321A37941EA034194F852
:101AD00007C04FF47A72002340EA0E6041EA0C61BD
:101AE00000F0CAFFB04271F1000108D22870C0F3C3
:101AF00007236B70C0F30743AB70000EE8702E79BC
:101B00006B7946EA0326AB7946EA0346EB7946EA67
:101B100003662078637840EA0320A37840EA034014
:101B200094F803E02179637941EA0321A37941EA3A
:101B3000034194F807C04FF47A72002340EA0E6024
:101B400041EA0C6100F098FF86424FF000038B41A0
:101B500008D22871C0F307236B71C0F30743AB7140
:101B6000000EE871AB7BEA7B43EA02234FF6FD727D
:101B7000934204D80133AB73C3F30723EB732A7C7E
:101B80006B7C42EA0322237A617A43EA01239A4278
:101B900002D22B741B0A6B74A37AE27A43EA022303
:101BA00041F28832934208D8AA7CE97C42EA0122B9
:101BB000934202D9AB741B0AEB74237B627B43EA2A
:101BC000022341F28832934208D82A7D697D42EA95
:101BD0000122934202D92B751B0A6B75A37BE27B12
:101BE00043EA022341F28832934208D8AA7DE97D74
:101BF00042EA0122934202D9AB751B0AEB75237CA2
:101C0000627C43EA022341F28832934208D82A7E5A
:101C1000697E42EA0122934202D92B761B0A6B7637
:101C2000A37CE27C43EA022341F28832934208D843
:101C3000AA7EE97E42EA0122934202D9AB761B0AD0
:101C4000EB76237D627D43EA022341F288329342A0
:101C500008D82A7F697F42EA0122934202D92B7772
:101C60001B0A6B77A37DE27D43EA022341F28832AF
:101C7000934208D8AA7FE97F42EA0122934202D91F
:101C8000AB771B0AEB77237E627E43EA022341F2A5
:101C9000883293420CD895F8202095F8211042EA1A
:101CA0000122934204D985F820301B0A85F821309F
:101CB000A37EE27E43EA022341F2883293420CD8AB
:101CC00095F8222095F8231042EA0122934204D984
:101CD00085F822301B0A85F82330237F627F43EA90
:101CE000022341F2883293420CD895F8242095F8CB
:101CF000251042EA0122934204D985F824301B0AB8
:101D000085F82530A37FE27F43EA022341F288323F
:101D1000934210D895F8261095F8272041EA022121
:101D2000A27AE07A42EA0022914204D285F8263073
:101D30001B0A85F8273094F8203094F8212043EAD4
:101D4000022341F28832934210D895F8281095F872
:101D5000292041EA0221227B607B42EA0022914253
:101D600004D285F828301B0A85F8293094F82230EF
:101D700094F8232043EA022341F28832934210D898
:101D800095F82A1095F82B2041EA0221A27BE07BEE
:101D900042EA0022914204D285F82A301B0A85F8D3
:101DA0002B3094F8243094F8252043EA022341F2A2
:101DB0008832934210D895F82C1095F82D2041EADE
:101DC0000221227C607C42EA0022914204D285F802
:101DD0002C301B0A85F82D3094F8263094F82720F3
:101DE00043EA022341F28832934210D895F82E102C
:101DF00095F82F2041EA0221A27CE07C42EA0022F1
:101E0000914204D285F82E301B0A85F82F3094F8C1
:101E1000283094F8292043EA022341F28832934281
:101E200010D895F8301095F8312041EA0221227D32
:101E3000607D42EA0022914204D285F830301B0ACC
:101E400085F8313094F82A3094F82B2043EA0223A5
:101E500041F28832934210D895F8321095F8332029
:101E600041EA0221A27DE07D42EA0022914204D2B1
:101E700085F832301B0A85F8333094F82C3094F80A
:101E80002D2043EA022341F28832934210D895F87C
:101E9000341095F8352041EA0221227E607E42EA24
:101EA0000022914204D285F834301B0A85F835307F
:101EB00094F82E3094F82F2043EA022341F288321E
:101EC000934210D895F8361095F8372041EA022150
:101ED000A27EE07E42EA0022914204D285F83630AA
:101EE0001B0A85F8373094F8303094F8312043EAF3
:101EF00002231BB203F57A7292B242F234118A4283
:101F00000ED895F8382095F8391042EA012212B21D
:101F1000934205DD85F83830C3F3072385F839305F
:101F200094F8323094F8332043EA02231BB203F5CD
:101F30007A7292B242F234118A420ED895F83A205F
:101F400095F83B1042EA012212B2934205DD85F872
:101F50003A30C3F3072385F83B3094F8343094F8D3
:101F6000352043EA02231BB203F57A7292B242F2A1
:101F700034118A420ED895F83C2095F83D1042EA7B
:101F8000012212B2934205DD85F83C30C3F30723EA
:101F900085F83D3094F8363094F8372043EA022330
:101FA0001BB203F57A7292B242F234118A420ED811
:101FB00095F83E2095F83F1042EA012212B2934272
:101FC00005DD85F83E30C3F3072385F83F3094F8EC
:101FD000383094F8392043EA02231BB203F57A72B1
:101FE00092B242F234118A420ED895F8402095F808
:101FF000411042EA012212B2934205DD85F84030D9
:10200000C3F3072385F8413094F83C3094F83D2021
:1020100043EA0223A3F5FA7292B242F21C518A42B9
:102020002BD894F83A2094F83B1042EA0122B2F5FA
:10203000FA7F22D342F210718A421ED89B1A99B2BB
:102040001BB295F8422095F8430042EA002212B2F2
:102050009A4204DD85F842100A0A85F8432095F873
:10206000442095F8450042EA002212B29A4204DA6E
:1020700085F84410090A85F8451094F8403094F822
:10208000412043EA0223A3F5FA7292B242F21C51B4
:102090008A422BD894F83E2094F83F1042EA01225D
:1020A000B2F5FA7F22D342F210718A421ED89B1AEF
:1020B00099B21BB295F8462095F8470042EA0022F3
:1020C00012B29A4204DD85F846100A0A85F84720C4
:1020D00095F8482095F8490042EA002212B29A4247
:1020E00004DA85F84810090A85F8491094F8443054
:1020F00094F8452043EA0223A3F5FA7292B242F221
:102100001C518A422BD894F8422094F8431042EA9A
:102110000122B2F5FA7F22D342F210718A421ED810
:102120009B1A99B21BB295F84A2095F84B0042EAE7
:10213000002212B29A4204DD85F84A100A0A85F894
:102140004B2095F84C2095F84D0042EA002212B23F
:102150009A4204DA85F84C10090A85F84D1094F873
:10216000483094F8492043EA0223A3F5FA7292B268
:1021700042F21C518A422BD894F8462094F847101A
:1021800042EA0122B2F5FA7F22D342F210718A426A
:102190001ED89B1A99B21BB295F84E2095F84F00A5
:1021A00042EA002212B29A4204DD85F84E100A0A71
:1021B00085F84F2095F8502095F8510042EA00220A
:1021C00012B29A4204DA85F85010090A85F85110C3
:1021D00094F84C3094F84D2043EA0223A3F5FA72A8
:1021E00092B242F21C518A422BD894F84A2094F8B9
:1021F0004B1042EA0122B2F5FA7F22D342F210716B
:102200008A421ED89B1A99B21BB295F8522095F8B3
:10221000530042EA002212B29A4204DD85F85210BD
:102220000A0A85F8532095F8542095F8550042EA9B
:10223000002212B29A4204DA85F85410090A85F88D
:10224000551094F8503094F8512043EA0223A3F536
:10225000FA739BB242F21C52934237D894F84E3034
:1022600094F84F2043EA0223B3F5FA7F2ED342F2CB
:10227000107293422AD894F8483094F8492043EADF
:10228000022394F8462094F8471042EA01229B1A50
:1022900099B21BB295F8562095F8570042EA0022F1
:1022A00012B29A4204DD85F856100A0A85F85720C2
:1022B00095F8582095F8590042EA002212B29A4245
:1022C00004DA85F85810090A85F8591070BD2DE90F
:1022D000F04104464FF0FF3880F8008080F801801C
:1022E00080F8028080F803800025057145718571B2
:1022F000C5718573C5730F27077427264674FEF7CB
:10230000A9FB2072C0F307236372C0F30743A372D3
:10231000000EE07284F80C8084F80D80A574E574DA
:1023200025756575A575E57525766576A576E576D9
:1023300025776577A577E57784F8205084F82150D4
:1023400084F8225084F8235084F8245084F82550CF
:1023500084F8265084F8275084F8285084F82950AF
:1023600084F82A5084F82B5084F82C5084F82D508F
:1023700084F82E5084F82F5084F8305084F831506F
:1023800084F8325084F8335084F8345084F835504F
:1023900084F8365084F83750172284F838206FF0CC
:1023A000030384F8393084F83A2084F83B3084F809
:1023B0003C2084F83D3084F83E2084F83F3084F897
:1023C000402084F8413084F8427084F843606FF014
:1023D0000E0284F844206FF0270384F8453084F817
:1023E000467084F8476084F8482084F8493084F8BF
:1023F0004A7084F84B6084F84C2084F84D3084F89F
:102400004E7084F84F6084F8502084F8513084F87E
:10241000527084F8536084F8542084F8553084F85E
:10242000567084F8576084F8582084F85930BDE815
:10243000F081704700B583B000238DF800308DF82F
:1024400001308DF8023006228DF80320019303231A
:102450008DF8023002238DF80130054A694605489F
:10246000F9F73EFD08B903B000BDF7F77FFCFAE7C6
:10247000332402006CF0020008B5F8F781FF80B940
:102480000E48F9F707F878B90D4A0E490B4B187842
:10249000F9F732F858B9094B1878F9F74FF848B9F5
:1024A00008BDF7F763FCEBE7F7F760FCECE7F7F73D
:1024B0005DFCF0E7F7F75AFCF2E700BF983B00201D
:1024C000089000400C310140094B0522C3F8042557
:1024D0000021C3F808150122C3F80025C3F83815F8
:1024E0001A60034BD3F80031002BFAD0704700BFBD
:1024F0000030014008B5FFF7E7FFFFF79BFFFFF74C
:10250000BBFF08BD1D283DD940F6924398423CD8F8
:10251000294B4FF0FF321A60002300E00133132BE8
:1025200035DC264A52F823209042F7DB03F1010CF8
:10253000224951F82C108842F0DC10B5204C54F898
:1025400023E0831A54F82C00A0EB0E0000FB03F3E9
:10255000891A93FBF1F37344174A1360164B1B68F7
:10256000B3F5004F07DB144B47F6FF721A60124BAE
:10257000B3F9000010BD13F5004FF8DC0E4B114A03
:102580001A60F4E747F6FF7070470E4870470A4B31
:102590001B68B3F5004F07DB074B47F6FF721A6065
:1025A000054BB3F90000704713F5004FF8DC024B00
:1025B000044A1A60F4E700BF943B0020C8F0020010
:1025C00074F002000180FFFF70B5012484404FF0D9
:1025D000A046C6F80C45164D2846F9F7EBFC0A2034
:1025E000FDF73DFFC6F808451420FDF738FF2846E3
:1025F000F9F7E0FC3C20FDF732FF00212846F9F70F
:10260000DDFC0546C6F80C450A4B0B4A9B1ADB0855
:102610001B040246094943F00300F7F727FAF7F7CE
:10262000BFF80028FBD1C5F34F00FFF76BFF70BD6B
:102630006CF0020030430200E8420200F84A020057
:102640004FF07F4C90EA010F38D4431A3CBFC01AB8
:10265000C918BCEB400F72D91CEA410F28D0C20D3B
:10266000B2EBD1534FF0004C4CEA00204CEA012170
:10267000C3F1200C01FA0CFC31FA03F1401832BF0F
:10268000521E5FEA300040F001005CEA406C04BF7B
:1026900010F4807F20F08000000A40EBC2504FF021
:1026A000807111EB400F38BF70476FF31600704711
:1026B0001CEA400F01D100F00040704781F000415A
:1026C000431A3EBF83F00043C01AC918BCEB400F49
:1026D00032D91CEA410F28D0C20DA2EBD1534FF0E2
:1026E000004C4CEA01214CEA0020C3F1200C11FA05
:1026F0000CFC21FA03F118BF41F00101401A09D482
:1027000017D0130AD2B2B0FA80F18840521A11DD04
:1027100002EB0322C0F31621400641EBC25038BF42
:10272000704708BF20F0010070471CEA400F08BF47
:1027300000207047D8077047BCEB410F03D0BCEBBB
:10274000400F08BF704740F20000C7F6C0707047E6
:1027500081F00041FFF774BF4FF0FF0C1CEAD0522C
:102760001EBF1CEAD153FF2AFF2B28D01A444FF07A
:10277000004C90EA010313EA0C034CEA01214CEAF5
:102780000020A0FB01C1B1F1004F62F17F0238BF10
:1027900049004CEA416CFE2A09D253EA11204CEA66
:1027A000C07C28BFBCF1010340EBC250704712420D
:1027B00044BF18467047FF2043EAC050704710EAF4
:1027C000CC5F08BF00F0004011EACC5F08BF01F009
:1027D00000410CEAD153FF2A18BFFF2B03D0484019
:1027E00000F00040704700281EBFB0F1004F0029E4
:1027F000B1F1004F0DD0FF2A01D1420209D1FF2BC8
:1028000001D14A0205D148405FF0FF4161F31E004B
:10281000704740F20000C7F6C0707047FF2313EA0C
:10282000D0521EBF13EAD153FF2AFF2B35D0D21A44
:102830007F3281EA000C0CF0004C4FF0004343EA79
:10284000002043EA012130B4431A3CBF01EB4303AB
:10285000521E090AB3FBF1F505FB11331B02B3FB52
:10286000F1F001FB103300EB05201B02B3FBF1F587
:1028700005EB00205CEA500050EBC25030BC002A4F
:1028800008DDFF2A38BF70474FF0FF401CF00041C1
:10289000084370470CF00040704703EAD153FF2B08
:1028A00007D1FF2A14D05FEA412C0DD04FF440002D
:1028B00016E0FF2A04D14300B3F17F4F0BD007E0AD
:1028C0001A4305D0002B06D0484000F00040704766
:1028D0004FF4400004E0484000F0004040F40000A5
:1028E00040F0FE407047000050EA0102520007D05D
:1028F000884203D1400010F1807F01D90020704749
:102900000120704742004B0012F1807F94BF13F109
:10291000807F0CE050EA010252000AD003D28842C4
:102920008041401C704781428041401C704700201C
:10293000704701207047000042004B0012F1807F79
:1029400094BF13F1807F0CE050EA0102520008D0DE
:1029500003D28142804140427047884280414042D8
:10296000704700207047000042004B0012F1807F4A
:1029700094BF13F1807F0CE050EA0102520008D0AE
:1029800003D28842804140427047814280414042A8
:102990007047002070470000420015D2120ED2F19D
:1029A0009E02202A05D2000240F00040D0400021C3
:1029B0007047203207D3010241F0004161FA02F072
:1029C000D1404840704702DD0020002170476FF081
:1029D0000000014670470000C1B1B1FA81F3D3F1A4
:1029E000BD02994010FA03FC18BF41F00101D3F178
:1029F000200330FA03F31943D2054B0642EB1120B2
:102A000038BF704708BF20F00100704768B1B0FAC6
:102A100080F39840D3F19D02D205430642EB10208B
:102A200038BF704708BF20F00100704701F0004236
:102A30008B1AA3F16051B1F5801F0ADBB1F17F6FF2
:102A400009D242EAC102C10071F1004142EB50706B
:102A500070471046704701285B4113F5001F02D8EC
:102A600042F0FF407047C90041EA5070104340F403
:102A7000800040F080407047002B35D129B9B0FB71
:102A8000F2FC0CFB120260467047914215D22DE910
:102A9000F041B2FA82F39A409940D3F1200C30FA17
:102AA0000CFC51EA0C01984000F04EF8280036FA70
:102AB00003F200210023BDE8F081F0B5B1FBF2FC88
:102AC0000CFB1211B2FA82F39A409940D3F120061E
:102AD00030FA06F63143984000F036F86146280097
:102AE0003200DA400023F0BDF3B5B3FA83FC4908A5
:102AF0005FEA300013FA0CF3DCF1200432FA04F43C
:102B000023430CB41A0000F01FF80CBC33FA0CF38A
:102B1000DCF11F0C35FA0CF518BF6D1E03BCA5FBCC
:102B2000026705FB0377801BB941904271EB030CF0
:102B300005D3821A71EB0303681C0021F0BD02006B
:102B40000B0028000021F0BD940D4FF6C2752D0238
:102B5000B5FBF4F4D60A761C04FB04F5A5FB065677
:102B6000F64306EB0416550832BF002777086D1CA4
:102B700005FB1677A6FB07477F0807EBC63714004F
:102B80001500E7FB02457F1B4D1C0400E7FB0145D8
:102B900005FB1206A64284BF6D1EB618964224BFDE
:102BA0006D1CB61A704738B5044601F0A9FA0546FF
:102BB00020460021102201F073FA656038BD82B012
:102BC00030B587B0CDE90A230C4605460AA8019026
:102BD00002A8FFF7E8FF0295019A02A8214600F03B
:102BE00095FE07B0BDE8304002B0704710B582B026
:102BF000044600698DF8071078B1D4E900239A42A1
:102C000031D26269531C63618154D4E90501884261
:102C100029D1204600F02CF825E0E06850B1D4E935
:102C2000002C62451FD2531CB3EB0C0318BF0B469C
:102C3000835418E0A06858B1D4E9002C624512D240
:102C4000531CB3EB0C0318BFCBB240F822300AE0A0
:102C5000236A43B1D4E90001884204D20DF107018F
:102C600020460122984720680130206002B010BD44
:102C700042694AB110B50446036A002B1CBF2169A2
:102C800098470020606110BD7047012A0CDBF8B541
:102C900014460D460646671E30462946FFF7A6FF36
:102CA000012C3C46F7D8F8BD7047CB0606D430233C
:102CB000890558BF20231946FFF7E7BF704738B58D
:102CC000044601F01DFA054620460021242201F0A9
:102CD000E7F9E56138BD81B070B58BB014460D469B
:102CE00006460F930FA8009001A8FFF7E8FF04968F
:102CF0000295009A01A8214600F006F80BB0BDE845
:102D0000704001B0704700002DE9F04F8BB00646CF
:102D1000002017468B46306003961BF8011B2529BF
:102D200006D0002900F0DA853046FFF75FFFF4E7B0
:102D300000245A461BF8010BA0F12003102B0DD8DC
:102D40008021DFE803F0091B1B191B1B1B151B1B34
:102D50002F181B101B1B120040210DE05E280DD107
:102D60004FF4805108E0102106E04FF4007103E0B9
:102D70004FF4004100E020210C43DAE7A0F13001DC
:102D8000C9B209294FF0000118D801EB810100EB0D
:102D900041011BF8010BA0F13002D2B230390A2AEE
:102DA000F3D30BE057F8040B010048BF4142102356
:102DB00003EAD060044302F1020B50782E280BD1B5
:102DC0005A4612F8010B2A2809D157F8048B9BF8B0
:102DD00001000BF1020218E04FF000081EE0A0F124
:102DE0003003DBB2092B4FF0000814D808EB88033E
:102DF00000EB430312F8010BA0F1300B5FFA8BFBE1
:102E0000BBF10A0FA3F13008F0D3B8F1000F04D4DE
:102E100044F4807401E044F480749346A0F16802A5
:102E2000D3B2D20142EA5302D2B2092A22D8DFE851
:102E300002F0050E122121210F21210F5A4612F80E
:102E4000010B682812D19BF8010008340BE0023412
:102E50001BF8010B0EE05A4612F8010B6C2807D143
:102E60009BF8010002340BF1020B03E0043400E094
:102E700001349346462821EAE1751FDDA0F1630184
:102E8000152930D8DFE811F04B001700400023006F
:102E900095011600170016001600160016005900BE
:102EA000680019011600160065001600440016009F
:102EB0001600370031E744F480442DE044280ADD51
:102EC00045281FD046287FF428AF44F400540295CB
:102ED00044F4006570E1252840F00F853046252137
:102EE000FFF784FE19E7472800F0618158287FF436
:102EF00014AF44F4005443F2580278282DD143F221
:102F000078022AE044F40054029544F4806553E1C9
:102F1000E10548BF24F400740021019125E017F871
:102F2000049BA5F10108304621464246FFF7BDFE4D
:102F300030464946FFF75AFEB5E157F8040B210722
:102F4000316800F11E82A20752BF0160002206C054
:102F5000E3E657F804AB81E13022210602EAE17191
:102F60000191E10548BF24F4007461044FEA8471C3
:102F7000029504D4002908D4391D00250BE000294E
:102F800015D457F8046BF51717E0F91D21F0070762
:102F900007F108017D684FF0000962073E68009163
:102FA00015D414F0080F2AD04D46F6B227E0F91DCB
:102FB00021F007077D6857F8086B4FF0000961079B
:102FC00008D4210709D546F3C01576B205E0B6B29C
:102FD000002514E046F3C03536B2002D009707DB1C
:102FE000A1060AD46106019A48BF2022019206E098
:102FF000764269EB05052D2100E02B210191E105C9
:1030000048BF24F40074E10558BF4FF001080027C1
:103010006E2822DD6F38092800F27F80DFE800F09B
:10302000055B7D7D7D7D237D7D5B56EA050074D04B
:10303000F00840EA45700DF11202062363F3DF0643
:10304000D655013750EAD5014FEAD5054FEAD001F0
:10305000064641EA4570F1D15FE058283BD064282C
:1030600018BF692859D156EA050056D020040AD560
:1030700007F00300032806D10DF1120A2C200AF8EC
:103080000700013701E00DF1120A304629460A22F5
:103090000023FFF7F1FC00EB8002A6EB4202D6F121
:1030A000090379EB050342F030020AF8072007F123
:1030B000010706460D46D9D32FE0029557F8046B59
:1030C0002006232101EAE070CDE9007044F4807409
:1030D00000254FF00808002756EA05001DD04FF2E2
:1030E0001C10C0F20200A1045CBF4FF22C10C0F211
:1030F0000200310941EA05710DF1120306F00F02D9
:103100000E46825CDA55013751EA15114FEA151562
:103110004FEA161141EA0571F0D1A8EB070020EA49
:10312000E0757819DDE901A1A1EB0008BAF1FF0F04
:103130004FF0FF3088BF0138BAF1000F18BF80444C
:10314000A005039E06D4304621464246FFF7ADFD5A
:103150004FF00008BAF1FF0F0DF1120905D94FEA3F
:103160001A213046FFF742FD02E0BAF1000F03D00A
:1031700030465146FFF73AFD304621464246FFF7BA
:1031800094FD304630212A46FFF77FFD012F09DBF1
:10319000A7F1010A304619F80A10FFF727FD012FA1
:1031A0005746F5D8E006009F7FF5B7AD7EE044F4C2
:1031B0000054029544F44065F81D20F0070000F12A
:1031C000080703C8FFF732FC05F44061A1F5406130
:1031D0000446B1FA81F0E90558BF4FF00608B8F18E
:1031E000000F08BF4FEA5018204600F08CFD002861
:1031F00020460ED00021FFF7B7FBC8B14FF2E71A07
:10320000C0F2020AA80426D44FF2EC1AC0F2020A55
:1032100021E000F071FD00284ED04FF2FB1AC0F201
:10322000020AA80417D44FF2FF1AC0F2020A12E0F1
:103230004FF2F110C0F2020000F1010A15F4005F34
:103240004FF2F611C0F2020104BF01F1010A084673
:10325000A90648BF824625F48074029DBAF1000F8A
:1032600004BF4FF2E01AC0F2020AE005504602D451
:1032700000F08FFE02E0414600F0ACFE814624F4EF
:103280000074A5EB0008304621464246FFF70DFDCD
:10329000B9F1000F07D01AF8011B3046FFF7A6FC62
:1032A000B9F10109F7D1E0067FF537AD30462021AD
:1032B0004246FFF7EAFC30E5204600F02CFD5FEACD
:1032C000000A18BFA246504600F030FD00285446C0
:1032D0001CBF84F0004445F0600520460AA900F0B8
:1032E00041FD0A9800EB400046F26761C6F2666154
:1032F00050FB01F0811001EBD079CDF828905046B9
:103300000021FFF7F1FAC8B909F1010000F0F6FD5C
:1033100001462046FFF710FB00280A9806D0411C02
:103320000A910230F2E70A9801380A9000F0E6FDAF
:1033300001462046FFF718FB0028F4D105F440664B
:10334000B6F5806F0A9907D0B6F5406F0ED1884563
:10335000C8BF11F1050F09DC262914D1204647F218
:103360009961C7F69661FFF759FA12E0680555D5DD
:103370000E2940F20009C4F220192EDD4FF000089A
:103380004CE00170C9E4484200F0B8FD2146FFF767
:10339000E3F904460021FFF7A7FAC0B9204600F080
:1033A000B2FC0028204600F09F800021FFF7DCFAE5
:1033B000002800F07E824FF2E71AC0F2020AA80449
:1033C00000F18A824FF2EC1AC0F2020A84E20097FE
:1033D00040F20009C4F22019B4E0C84340444FF061
:1033E00010081028B8BF80462A0617D4B0B140464E
:1033F00000F084FD2146FFF7AFF94FF07C51FFF755
:103400001FF900F048FD494600F0BFFC0021FFF71E
:103410006BFA10B1B8F10108E9D10A99C8F10000BE
:1034200010398142C8BF084600F068FD4FF0FF31F7
:1034300000F07EFC2146FFF703F90A998146481CFB
:1034400000F05CFD01460A9C4846FFF75BFA002845
:1034500018BF0134002C11D4112C15D3A4F1100085
:103460000A90C4F1100000F049FD4946FFF774F9D5
:10347000FFF792FA04468A46002012E0CDF8049045
:1034800000240A94A2460DE000200A904846FFF767
:1034900083FA04468A46FFF79FFA01464846FFF73B
:1034A00057F9019025F4806C01214FF24010C0F2D1
:1034B000020008300CC8A21A89467AEB030109F110
:1034C0000101F7D215F0600F029A0A9918BF013A6C
:1034D00005F0800050EA080008EB090018BF013A27
:1034E0000844161A6546E3E0DDF828A040F200091A
:1034F000C4F220194946FFF705FA68B1204649464B
:10350000FFF78CF904460AF1010A4946FFF7FAF978
:103510000028F3D1CDF828A0009720464FF07E5127
:10352000FFF722FA70B120464946FFF715F9044625
:10353000AAF1010A4FF07E51FFF716FA0028F2D1E6
:10354000CDF828A0B6F5406F474608BF013FB8F157
:10355000000F18BFB846C8F1000000F0CFFC4FF0D4
:10356000FF3100F0E5FB2146FFF76AF806464946C1
:10357000FFF7C8F938B10A9801300A903046494639
:10358000FFF74CF90646B8F1000F42D005F4086089
:10359000B0F5006F3ED1B8F1100FA8BF4FF0100882
:1035A000404600F0ABFC3146FFF7D6F8FFF7F4F9E0
:1035B000044608432DD08A464CF6CD42CCF6CC4288
:1035C000A4FB0201531E04FB03110AFB0211CA07EC
:1035D00042EA5002C00740EA5100D2F1993149F65F
:1035E0009911C1F69911474671EB000012D3013FC2
:1035F000204651460A220023FFF73EFA04468A4637
:103600000A220023FFF738FA27B152EA0300EED06E
:1036100000E00027B04605F0800002990A9CC91B13
:103620004E1F384318BF8E1FE8044FF0010925D5FF
:1036300045F25650C5F2555054FB00F000EBD070E7
:1036400000EB40000021C4F22011201A02234FF0A9
:10365000FF3A0230DFE800F008031008030001F130
:10366000D47103236FF0010A40469946FFF774F8BE
:103670008046544456440A9427EAE77715F0600FD1
:1036800025F4006518BF013E204600F033FC632896
:10369000C8BF013E4046FFF77FF904468A46FFF760
:1036A0009BF901464046FFF753F80190B846009F4A
:1036B000029515F4047F26EAE67509D1012E07DB91
:1036C000039E30462021FFF791FA013DF9D100E039
:1036D000039E029988064FEA416003D4002808D56A
:1036E000202103E02D21002858BF2B213046FFF771
:1036F0007DFA0298C00606D42DB130463021FFF77E
:1037000075FA013DF9D14FF24010C0F2020000EB12
:10371000C90676E90201221A7AEB010201D23021B0
:1037200009E03022241A6AEB010A0132231A7AEBEB
:103730000103F7D2D1B20398FFF758FAB9F10109A2
:10374000E7D1DDE902965FEA09540BD50A98012812
:1037500008DB01380A9030463021FFF747FA0A9813
:103760000028F6DC09F0800050EA080047D00097F6
:1037700030462E21FFF73AFA10208045B8BF404668
:1037800020EAE0760A993046002C48BF401A00F043
:10379000B5FBB8F1010F26DB01460198FEF7DCFF0F
:1037A000FFF7FAF804468A464FF24010C0F20200D2
:1037B00000EBC607B14677E90201221A7AEB010253
:1037C00001D2302109E03022241A6AEB010A0132C9
:1037D000231A7AEB0103F7D2D1B20398FFF706FA66
:1037E000B9F10109E7D1B8EB0604009FDDE90296C3
:1037F00005D030463021FFF7F9F9013CF9D15FEAF5
:1038000049504BD545215FEA894058BF6521304674
:10381000FFF7ECF90A980028304604DB2B21FFF76C
:10382000E5F90A9805E02D21FFF7E0F90A984042F2
:103830000A90642815DB48F21F54C5F2EB14A0FB74
:103840000401302000EB51113046FFF7CFF90A9800
:1038500050FB04F14A1102EBD171642201FB12000A
:103860000A9046F26764C6F2666450FB04F0811069
:1038700001EBD07000F130013046FFF7B7F90A983C
:1038800050FB04F18A1002EBD17101EB8101A0EB36
:10389000410000F130013046FFF7A8F9002D3FF458
:1038A0003CAA30462021FFF7A1F9013DF9D1FFF7ED
:1038B00034BA4FF2F110C0F2020000F1010A15F41F
:1038C000005F4FF2F611C0F2020104BF01F1010ADC
:1038D0000846A90648BF8246039EBCE4F06828B1AA
:1038E000D6E9001291423CBF002242543046FFF715
:1038F000BFF930680BB0BDE8F08F00287FF40DAA47
:103900003046FFF7B5F94FF0FF30F3E72DE9F44FFC
:1039100084B08B4680460026B246D94619F8014B42
:10392000252C25D0002C00F03581D8F80410204635
:1039300000F052FC00284ED0CB4619F8010BD8F805
:10394000041000F049FC0028F6D1D146404600F0B2
:1039500025F90446D8F8041000F03EFC00280AF1CE
:10396000010AF2D12046414600F024F9CA46D4E7C4
:103970009BF8010001212A3804BF02210BF1020942
:10398000B0FA80F01BF8014009F1010B450920460F
:1039900000F002FC002770B107EB8700D94604EB6A
:1039A0004000A0F130071BF8014B204600F0F4FB6B
:1039B0000028F1D12035A80658BF6FF000474C2CE5
:1039C0001DD0682C11D06C2C22D19BF800400435FE
:1039D00009F1020B1CE0404600F0E0F8A04240F084
:1039E000C7800AF1010ACB4697E79BF80040682C94
:1039F0000BD1103509F1030B99F8024008E09BF850
:103A00000040403509F1020B02E009F1020B0835D4
:103A1000572C4FF0FF392ADDA4F16300152831D867
:103A2000DFE800F03A0BB3B3B3B85AB8B8B8B86F20
:103A30005E36B8B80FB80BB8B83305F180020A2368
:103A400051E009F10109404600F0A8F8044600F0F1
:103A5000B3FB0028F5D1601C00F095800296EE07BC
:103A60005FD1049850F8041BCDE903105BE0252CCE
:103A700040F08480404600F091F8252878D10AF182
:103A8000010A4AE7582C40F0858005F1800201E0E8
:103A900005F06102102326E0A80658BF012715F0A3
:103AA000010411BF4FF00009049850F8049B0490E2
:103AB000002F6FD0012F0BDBBA44404600F06EF8A8
:103AC000411C53D0002C08BF09F8010B013FF4DC66
:103AD00084F00100064420E705F18002002302E0A3
:103AE00005F180020823404604A9009700F071F810
:103AF0008146B9F1000F48DB0120A8430644CA44BF
:103B00000BE7E8077FF409AF0499EA0651F8040BC4
:103B1000049128D4290754BFC0F800A0A0F800A041
:103B2000FBE600200390012F13DB204600F044FB4E
:103B300078B9002E02BF039800F8014B039009F1F9
:103B40000109404600F02AF8013F044601D9601CF3
:103B5000EBD12046414600F02DF8002E04BF03991A
:103B60000E70029EC5E780F800A0D6E6002E0EE09B
:103B7000414600F01FF876EA000008E0452C04D02A
:103B8000472C02D006E04FF0FF3976EA090008BF63
:103B90004FF0FF36304605B0BDE8F08F016839B10F
:103BA0000A78002A0FBF501E4A1C0260087870472E
:103BB0008168084710B50A68013A044603D3601CBF
:103BC00005D00A6003E0CA680846214690472046AF
:103BD00010BD2DE9F24F1F46154682464FF0FF34C7
:103BE000DDF828B0264601345046FFF7D7FF81465E
:103BF00000F0E2FA0028F5D119F101002ED0BBF156
:103C000001080FDB802D0DD3B9F12B0F04D0B9F1D2
:103C10002D0F07D145F48065B41C5046FFF7BEFF59
:103C20008146C346BBF101061ADBB9F1300F17D14B
:103C30005046FFF7B3FF3907814614D1BBF1020BA1
:103C400011D329F0200058280DD125F40075023435
:103C50005046FFF7A3FF814610270BE0C44348E01E
:103C600047B90A2706E0013445F40075002F08BF64
:103C70000827B346BBF1010F1ADB4846394600F06E
:103C80005FF9002814D445F400750BEB04080026F6
:103C900006FB07065046FFF781FFBBF1010B81468B
:103CA00008DD0134394600F04BF9002803D4EFE772
:103CB000002600E0444648465146FFF77BFFA80532
:103CC00002D46FF0010414E0E80712D1009B05F460
:103CD00090621868011DB2F5906F196008BF7642B6
:103CE000E906006804D4290754BF0660068000E096
:103CF00006702046BDE8F88F41000020B1F17F4FEB
:103D000088BF0120704720F00040A0F1FF40B0FACA
:103D100080F0400970474100B1F17F4F894149422D
:103D200010F0FF4018BF012008407047C00F7047D7
:103D3000C20D6FF0FE0353FA82F212F1FE0F09D3A7
:103D4000C0F3C75211444A1EFD2A04D820F0FF4098
:103D500040EAC150704700F000400129A8BF00F1BF
:103D6000FF407047C0F3C752FF2A18BF002A02D194
:103D700000220A607047C20D6FF07D0353FA82F291
:103D80007E230A6063F3DE50704710B502466FF081
:103D9000FE0303EBD05010F1FE0F084650D303EBA7
:103DA000D05111F1FE0F4BD3044622F000439C4248
:103DB00002F0004056D24FF6FF7EC0F27F0ED10DCA
:103DC000C9B221B102EA0E0202F5000207E0B3FA1D
:103DD00083F1A1F1080203FA02F2C1F10801C4F370
:103DE000C75CBCF1000F04D004EA0E0303F5000326
:103DF00007E0B4FA84FCACF1080304FA03F3CCF155
:103E0000080C614509DDD41A02D49A42224616D024
:103E1000013952006145F6DC6146D41A02D49A4257
:103E200022460CD0B2FA82F3A3F108040B1B002B3C
:103E300002FA04F119DD5A1E084400EBC25010BD0D
:103E40005100B1F17F4F0BD80121CFF60071B1EBDA
:103E5000400FF4D932F0004120F000440AD14CB1B7
:103E6000104610BD18BF104610BDC3F10102D1406D
:103E70000022E1E7B1F1FF4F02D101F5800010BD52
:103E80002CB1B4F1FF4F10467FF48FAF10BD00206E
:103E9000C7F6C07010BDC10D4FF0FF3252FA81F16C
:103EA000FE29C0F3C75120D27E2907D800286FEA27
:103EB0000200CBF68070A8BF002070479529FCD87F
:103EC0007F390022CFF680720A4102EA000C4FF4DB
:103ED0000003CB4000FA01F16246490218BF1A44C0
:103EE0000028A8BF624610467047002908BF00F0AE
:103EF00000407047002848BF40427047F8B50400B2
:103F000013D0264648BF66424FF20427C0F202078C
:103F10004FF07E55F00704D039682846FEF71CFCA8
:103F2000054604377608F5D101E04FF07E554FF095
:103F30007E502946FEF772FC002C58BF2846F8BD7B
:103F400038B50C46054600F027F910B1A5F1300050
:103F50000FE0284600F010F910B1A5F1570008E075
:103F6000284600F0F9F8010014BFA5F137004FF022
:103F7000FF30A042A8BF4FF0FF3038BD082907D35B
:103F800043F69C32C2F2000210600022C0E9002118
:103F900070470178E1B120F00301182202EAC00263
:103FA0004FF0FF33D1F800C003FA02F26CEA0202CC
:103FB0004FF0013CCCFA52F212B951F8042FF9E754
:103FC00092FAA2F2B2FA82F201EBD201081A704719
:103FD0000020704700291CBF0278002A01D1002070
:103FE000704710B520F0030200F003034FF0180CE7
:103FF00019440CEAC00C14684FF0FF3E04290EFA75
:104000000CF364EA030309D34FF0013CCCFA53F4F8
:1040100024B90439032952F8043FF7D84FF001348A
:10402000C4FA53F393FAA3F3B3FA83F3101AB1EB80
:10403000D30F88BFD908084410BD00005AB3844686
:1040400090EA01039B071FD1830707D011F8013BBA
:1040500000F8013B521EF7D11CE08446203A09D3F8
:104060002DE9F007B1E8F807A0E8F807203AF9D2FF
:10407000BDE8F0071C3205D451F8043B40F8043B7E
:10408000121FF9D2043205D011F8013B00F8013BB0
:10409000521EF9D16046704700220B0011001A0031
:1040A00084465AB3830704D000F8011B521EF9D18D
:1040B00024E0C9B241EA012141EA0141202A11D399
:1040C000203A2DE9F0030B460C460D460E460F46EE
:1040D00088468946A0E8FA03203AFBD2BDE8F003FF
:1040E00020320BD0042A05D340F8041B121F05D040
:1040F000042AF9D200F8011B521EFBD1604670471A
:1041000043F6A030C2F200000068002804BF42F26B
:104110005450C2F20000704784460020002918BFA6
:10412000002A0ED0097848B200280BD4BCF1000F49
:1041300018BFCCF800100021C3E90011002818BFF7
:10414000012070476FF0010070477F298EBF6FF02C
:10415000010001700120704743F6A031C2F2000156
:104160000968002904BF42F25451C2F200014968B3
:1041700089680A680721104743F6A031C2F200019E
:104180000968002904BF42F25451C2F20001496893
:1041900089680A680621104743F6A031C2F200017F
:1041A0000968002904BF42F25451C2F20001496873
:1041B00089680A680421104743F6A031C2F2000161
:1041C0000968002904BF42F25451C2F20001496853
:1041D00089680A680821104749688968CA680821FF
:1041E000104743F6A031C2F200010968002904BF5C
:1041F00042F25451C2F20001496889680A680921F3
:1042000010477F280BD84FF2B032C0F202024FF2B3
:104210003043C0F20203105C595C08407047002034
:104220007047A0F161011A2938BF20387047A0F10A
:1042300041011A2938BF203070477F280BD84FF230
:10424000B032C0F202024FF23043C0F20203105CFF
:10425000595C0840704700207047A0F161011A299D
:1042600038BF20387047A0F141011A2938BF2030EB
:02427000704795
:1042740085B201000000000013E00100C4390020F1
:10428400E9D401000000000021D801000000000072
:10429400E7DF0100C439002049E20100883A002028
:1042A400D1E301007C3A002077E5010030250020AD
:0842B400510C020000000000A3
:0842BC0025B301000000000021
:1042C4000DE901000000000059EA010000000000AF
:1042D400A82A0020702B0020782B0020B02A002070
:0442E40018000000BE
:1042E8006848020000000000784802000000000052
:1042F800704802000000000074480200000000003E
:104308008048020000000000884802000000000009
:104318009048020000000000A048020000000000D1
:104328009848020000000000B843020000000303A0
:104338004C4A020000000000604802000000000033
:104348003C4A020000000303544A02000000000037
:104358005C4A020000000000684A020000000000F9
:0843680068440200000000009F
:104370008843020000000000944302000025002052
:104380000338FDD870470000D5930100D393010096
:10439000D19301007274745F6C6F675F6261636BCD
:1043A000656E64004261636B656E647320666C7554
:1043B0007368656400000000617070001B5B313B36
:1043C00033316D0025734C6F67732064726F7070AA
:1043D0006564202825642925730D0A001B5B306D58
:1043E00000000000257300003C25733E2025733A31
:1043F000200000000D0A0000202530327800000067
:10440000202020007C000000256300002000000028
:104410001B5B313B33306D001B5B313B33326D0036
:104420001B5B313B33336D001B5B313B33346D0021
:104430001B5B313B33356D001B5B313B33366D000D
:104440001B5B313B33376D006572726F7200000089
:104450007761726E696E6700696E666F00000000BA
:1044600064656275670000007077725F6D676D74D8
:10447000000000004E52465F5355434345535300DE
:104480004E52465F4552524F525F5356435F48412A
:104490004E444C45525F4D495353494E470000002E
:1044A0004E52465F4552524F525F534F4654444519
:1044B000564943455F4E4F545F454E41424C45443B
:1044C000000000004E52465F4552524F525F494E27
:1044D0005445524E414C00004E52465F4552524F99
:1044E000525F4E4F5F4D454D000000004E52465FFB
:1044F0004552524F525F4E4F545F464F554E440007
:104500004E52465F4552524F525F4E4F545F535585
:1045100050504F52544544004E52465F4552524F00
:10452000525F494E56414C49445F504152414D0003
:104530004E52465F4552524F525F494E56414C498A
:10454000445F5354415445004E52465F4552524FCA
:10455000525F494E56414C49445F4C454E47544882
:10456000000000004E52465F4552524F525F494E86
:1045700056414C49445F464C414753004E52465FBA
:104580004552524F525F494E56414C49445F444157
:10459000544100004E52465F4552524F525F4441D3
:1045A00054415F53495A45004E52465F4552524F5F
:1045B000525F54494D454F55540000004E52465FDE
:1045C0004552524F525F4E554C4C00004E52465F82
:1045D0004552524F525F464F5242494444454E0065
:1045E0004E52465F4552524F525F494E56414C49DA
:1045F000445F4144445200004E52465F4552524F80
:10460000525F4255535900004E52465F4552524F39
:10461000525F434F4E4E5F434F554E5400000000D3
:104620004E52465F4552524F525F5245534F55527C
:10463000434553004E52465F4552524F525F4D4FD5
:1046400044554C455F4E4F545F494E495449414C87
:10465000495A4544000000004E52465F4552524FB1
:10466000525F4D555445585F494E49545F46414944
:104670004C4544004E52465F4552524F525F4D5595
:104680005445585F4C4F434B5F4641494C454400AD
:104690004E52465F4552524F525F4D555445585FFA
:1046A000554E4C4F434B5F4641494C45440000003A
:1046B0004E52465F4552524F525F4D555445585FDA
:1046C000434F4E445F494E49545F4641494C45442F
:1046D000000000004E52465F4552524F525F4D4F10
:1046E00044554C455F414C52454144595F494E4900
:1046F0005449414C495A4544000000004E52465F1F
:104700004552524F525F53544F524147455F4655B1
:104710004C4C00004E52465F4552524F525F415042
:10472000495F4E4F545F494D504C454D454E5445A1
:10473000440000004E52465F4552524F525F46457C
:1047400041545552455F4E4F545F454E41424C4592
:10475000440000004E52465F4552524F525F494F4F
:104760005F50454E44494E47000000004E52465FA0
:104770004552524F525F4452565F5457495F45521B
:10478000525F4F56455252554E0000004E52465F02
:104790004552524F525F4452565F5457495F4552FB
:1047A000525F414E41434B004E52465F4552524F7D
:1047B000525F4452565F5457495F4552525F444ED0
:1047C00041434B004E52465F4552524F525F424C5E
:1047D000455F495053505F52585F504B545F54529D
:1047E000554E4341544544004E52465F4552524F48
:1047F000525F424C455F495053505F4348414E4ED3
:10480000454C5F414C52454144595F4558495354CA
:10481000530000004E52465F4552524F525F424C89
:10482000455F495053505F4C494E4B5F4449534399
:104830004F4E4E4543544544000000004E52465FE3
:104840004552524F525F424C455F495053505F5062
:104850004545525F52454A454354454400000000D7
:10486000636C6F636B000000434C4F434B000000D0
:1048700050504900505253004750494F5445000092
:1048800053414144430000005350494D0000000093
:1048900054494D4552000000554152544500000016
:1048A0005457494D00000000256C6C752C25752C63
:1048B00025752C25752C25752C25752C00000000E0
:1048C00025752C25752C25752C25752C25752C000A
:1048D00025752C25752C25752C25752C00000000C0
:1048E00025642C25642C25642C25642C25642C003F
:1048F00025752C25752C25752C25750D0A000000B5
:1049000052656164696E672061742025752C20767C
:1049100064643D25756D560046535220312D352077
:104920002025752C25752C25752C25752C257500B5
:1049300046535220362D31302025752C25752C25D7
:10494000752C25752C2575004653522031312D319B
:10495000352025752C25752C25752C25752C257550
:10496000000000004653522031362D313920257584
:104970002C25752C25752C257500000054454D50AF
:104980002025642C25642C25642C25642C256400AA
:104990004341504E2025752C25752C25752C2575E9
:1049A0002C25752C25750000434150532025752C6E
:1049B00025752C25752C25752C25752C2575000045
:1049C0005465726D696E616C0000000052545400B1
:1049D000534547474552000073645F626C655F67EB
:1049E000617474635F65786368616E67655F6D7439
:1049F000755F7265717565737428292072657475A9
:104A0000726E65642025732E0000000073645F627F
:104A10006C655F67617474735F65786368616E6706
:104A2000655F6D74755F7265706C79282920726599
:104A30007475726E65642025732E00006E72665F59
:104A4000626C655F6761747400000000626C655F92
:104A50006E7573006E72665F736468006E72665F77
:104A60007364685F626C65006E72665F7364685F32
:104A7000736F63005549443D253038582530385808
:104A80002C5645523D253038582C53545245414DF3
:104A90003D25730041534349495F56315F545300EC
:104AA0002575202575202563205241573D256C64CE
:104AB00000000000426174743D25756D56000000D1
:104AC000436F6E6E656374656400000044697363D0
:104AD0006F6E6E656374656400000000446174610C
:104AE000206C656E2069732073657420746F2030AC
:104AF00078255828256429004C4D54303120636FA7
:104B0000756E742025750000282A00207F000000A3
:104B1000102A0020DC43020010440200BC430200C3
:104B200018440200204402002844020030440200DD
:104B300038440200404402000000000048440200E3
:104B4000504402005844020060440200000000008B
:104B50000338FDD8704700003031323334353637F2
:104B60003839414243444546BC420200BC4202003F
:104B70000400000000000000744402000100000076
:104B80008044020002000000A04402000300000074
:104B9000C444020004000000D844020005000000E4
:104BA000EC4402000600000000450200070000007F
:104BB000184502000800000030450200090000000E
:104BC000484502000A000000644502000B00000096
:104BD0007C4502000C000000944502000D0000001E
:104BE000A84502000E000000BC4502000F000000B6
:104BF000CC45020010000000E0450200110000005A
:104C0000F8450200120000000846020013000000F0
:104C100020460200800000003446020081000000AF
:104C20005846020082000000744602008300000023
:104C30009046020084000000B0460200850000009B
:104C4000D446020086000000FC46020090000000EE
:104C50001447020091000000344702009200000057
:104C600054470200008200006C47020001820000ED
:104C70008C47020002820000A84702000084000066
:104C8000C447020001840000E847020002840000DB
:104C900014480200038400003C480200556E6B6E0D
:104CA0006F776E206572726F7220636F64650000AB
:104CB0009ECADC240EE5A9E093F3A3B50000406E84
:104CC000C4420200D442020008000000BC420200BC
:104CD000C442020008000000BC420200BC420200C4
:104CE000080000000100000784420200BC420200EC
:104CF0000800000074420200844202000800000024
:104D00000338FDD8704700000200020001000201D4
:104D10000000000500000000010002010000000783
:104D20000000000002000201000000050000000079
:104D30000200020100000007000000000200040160
:104D40000201000901000000020004010201000943
:104D5000020000000200040102010009030000003B
:104D60000000000005000009000000000000000035
:104D7000050000040000000000000000000000002A
:104D80000338FDD87047000088380020000000007C
:104D90000000000000000000000000000000000013
:104DA0000000000000000000000000000000000003
:104DB00000000000000000000000000000000000F3
:104DC00000000000000000000000000000000000E3
:104DD00000000000000000000000000000000000D3
:104DE00000000000000000000000000000000000C3
:104DF00000000000000000000000000000000000B3
:104E000000000000000000000000000000000000A2
:104E10000000000000000000000000000000000092
:104E20000000000000000000000000000000000082
:104E30000000000000000000000000000000000072
:104E40000000000000000000000000000000000062
:104E50000000000000000000000000000000000052
:104E60000000000000000000000000000000000042
:104E70000000000000000000000000000000000032
:104E80000000000000000000000000000000000022
:104E90000000000000000000000000000000000012
:104EA0000000000000000000000000000000000002
:104EB00000000000000000000000000000000000F2
:104EC00000000000000000000000000000000000E2
:104ED00000000000000000000000000000000000D2
:104EE00000000000000000000000000000000000C2
:104EF00000000000000000000000000000000000B2
:104F000000000000000000000000000000000000A1
:104F10000000000000000000000000000000000091
:104F20000000000000000000000000000000000081
:104F30000000000000000000000000000000000071
:104F40000000000000000000000000000000000061
:104F50000000000000000000000000000000000051
:104F60000000000000000000000000000000000041
:104F70000000000000000000000000000000000031
:104F80000000000000000000000000000000000021
:104F90000000000000000000000000000000000011
:104FA0000000000000000000000000000000000001
:104FB00000000000000000000000000000000000F1
:104FC00000000000000000000000000000000000E1
:104FD00000000000000000000000000000000000D1
:104FE00000000000000000000000000000000000C1
:104FF00000000000000000000000000000000000B1
:10500000FFFFFFFFFFFFFFFFFFFFFFFFFFFFFFFFB0
:10501000FFFFFFFFFFFFFFFFFFFFFFFFFFFFFFFFA0
:10502000FFFFFFFFFFFFFFFFFFFFFFFFFFFFFFFF90
:10503000FFFFFFFFFFFFFFFFFFFFFFFFFFFFFFFF80
:10504000FFFFFFFFFFFFFFFFFFFFFFFFFFFFFFFF70
:10505000FFFFFFFFFFFFFFFFFFFFFFFFFFFFFFFF60
:10506000FFFFFFFFFFFFFFFFFFFFFFFFFFFFFFFF50
:10507000FFFFFFFFFFFFFFFFFFFFFFFFFFFFFFFF40
:10508000FFFFFFFFFFFFFFFFFFFFFFFFFFFFFFFF30
:10509000FFFFFFFFFFFFFFFFFFFFFFFFFFFFFFFF20
:1050A000FFFFFFFFFFFFFFFFFFFFFFFFFFFFFFFF10
:1050B000FFFFFFFFFFFFFFFFFFFFFFFFFFFFFFFF00
:1050C000FFFFFFFFFFFFFFFFFFFFFFFFFFFFFFFFF0
:1050D000FFFFFFFFFFFFFFFFFFFFFFFFFFFFFFFFE0
:1050E000FFFFFFFFFFFFFFFFFFFFFFFFFFFFFFFFD0
:1050F000FFFFFFFFFFFFFFFFFFFFFFFFFFFFFFFFC0
:10510000FFFFFFFFFFFFFFFFFFFFFFFFFFFFFFFFAF
:10511000FFFFFFFFFFFFFFFFFFFFFFFFFFFFFFFF9F
:10512000FFFFFFFFFFFFFFFFFFFFFFFFFFFFFFFF8F
:10513000FFFFFFFFFFFFFFFFFFFFFFFFFFFFFFFF7F
:10514000FFFFFFFFFFFFFFFFFFFFFFFFFFFFFFFF6F
:10515000FFFFFFFFFFFFFFFFFFFFFFFFFFFFFFFF5F
:10516000FFFFFFFFFFFFFFFFFFFFFFFFFFFFFFFF4F
:10517000FFFFFFFFFFFFFFFFFFFFFFFFFFFFFFFF3F
:10518000FFFFFFFFFFFFFFFFFFFFFFFFFFFFFFFF2F
:10519000FFFFFFFFFFFFFFFFFFFFFFFFFFFFFFFF1F
:1051A000FFFFFFFFFFFFFFFFFFFFFFFFFFFFFFFF0F
:1051B000FFFFFFFFFFFFFFFFFFFFFFFFFFFFFFFFFF
:1051C000FFFFFFFFFFFFFFFFFFFFFFFFFFFFFFFFEF
:1051D000FFFFFFFFFFFFFFFFFFFFFFFFFFFFFFFFDF
:1051E000FFFFFFFFFFFFFFFFFFFFFFFFFFFFFFFFCF
:1051F000FFFFFFFFFFFFFFFFFFFFFFFFFFFFFFFFBF
:10520000FFFFFFFFFFFFFFFFFFFFFFFFFFFFFFFFAE
:10521000FFFFFFFFFFFFFFFFFFFFFFFFFFFFFFFF9E
:10522000FFFFFFFFFFFFFFFFFFFFFFFFFFFFFFFF8E
:10523000FFFFFFFFFFFFFFFFFFFFFFFFFFFFFFFF7E
:10524000FFFFFFFFFFFFFFFFFFFFFFFFFFFFFFFF6E
:10525000FFFFFFFFFFFFFFFFFFFFFFFFFFFFFFFF5E
:10526000FFFFFFFFFFFFFFFFFFFFFFFFFFFFFFFF4E
:10527000FFFFFFFFFFFFFFFFFFFFFFFFFFFFFFFF3E
:10528000FFFFFFFFFFFFFFFFFFFFFFFFFFFFFFFF2E
:10529000FFFFFFFFFFFFFFFFFFFFFFFFFFFFFFFF1E
:1052A000FFFFFFFFFFFFFFFFFFFFFFFFFFFFFFFF0E
:1052B000FFFFFFFFFFFFFFFFFFFFFFFFFFFFFFFFFE
:1052C000FFFFFFFFFFFFFFFFFFFFFFFFFFFFFFFFEE
:1052D000FFFFFFFFFFFFFFFFFFFFFFFFFFFFFFFFDE
:1052E000FFFFFFFFFFFFFFFFFFFFFFFFFFFFFFFFCE
:1052F000FFFFFFFFFFFFFFFFFFFFFFFFFFFFFFFFBE
:10530000FFFFFFFFFFFFFFFFFFFFFFFFFFFFFFFFAD
:10531000FFFFFFFFFFFFFFFFFFFFFFFFFFFFFFFF9D
:10532000FFFFFFFFFFFFFFFFFFFFFFFFFFFFFFFF8D
:10533000FFFFFFFFFFFFFFFFFFFFFFFFFFFFFFFF7D
:10534000FFFFFFFFFFFFFFFFFFFFFFFFFFFFFFFF6D
:10535000FFFFFFFFFFFFFFFFFFFFFFFFFFFFFFFF5D
:10536000FFFFFFFFFFFFFFFFFFFFFFFFFFFFFFFF4D
:10537000FFFFFFFFFFFFFFFFFFFFFFFFFFFFFFFF3D
:10538000FFFFFFFFFFFFFFFFFFFFFFFFFFFFFFFF2D
:10539000FFFFFFFFFFFFFFFFFFFFFFFFFFFFFFFF1D
:1053A000FFFFFFFFFFFFFFFFFFFFFFFFFFFFFFFF0D
:1053B000FFFFFFFFFFFFFFFFFFFFFFFFFFFFFFFFFD
:1053C000FFFFFFFFFFFFFFFFFFFFFFFFFFFFFFFFED
:1053D000FFFFFFFFFFFFFFFFFFFFFFFFFFFFFFFFDD
:1053E000FFFFFFFFFFFFFFFFFFFFFFFFFFFFFFFFCD
:1053F000FFFFFFFFFFFFFFFFFFFFFFFFFFFFFFFFBD
:10540000FFFFFFFFFFFFFFFFFFFFFFFFFFFFFFFFAC
:10541000FFFFFFFFFFFFFFFFFFFFFFFFFFFFFFFF9C
:10542000FFFFFFFFFFFFFFFFFFFFFFFFFFFFFFFF8C
:10543000FFFFFFFFFFFFFFFFFFFFFFFFFFFFFFFF7C
:10544000FFFFFFFFFFFFFFFFFFFFFFFFFFFFFFFF6C
:10545000FFFFFFFFFFFFFFFFFFFFFFFFFFFFFFFF5C
:10546000FFFFFFFFFFFFFFFFFFFFFFFFFFFFFFFF4C
:10547000FFFFFFFFFFFFFFFFFFFFFFFFFFFFFFFF3C
:10548000FFFFFFFFFFFFFFFFFFFFFFFFFFFFFFFF2C
:10549000FFFFFFFFFFFFFFFFFFFFFFFFFFFFFFFF1C
:1054A000FFFFFFFFFFFFFFFFFFFFFFFFFFFFFFFF0C
:1054B000FFFFFFFFFFFFFFFFFFFFFFFFFFFFFFFFFC
:1054C000FFFFFFFFFFFFFFFFFFFFFFFFFFFFFFFFEC
:1054D000FFFFFFFFFFFFFFFFFFFFFFFFFFFFFFFFDC
:1054E000FFFFFFFFFFFFFFFFFFFFFFFFFFFFFFFFCC
:1054F000FFFFFFFFFFFFFFFFFFFFFFFFFFFFFFFFBC
:10550000FFFFFFFFFFFFFFFFFFFFFFFFFFFFFFFFAB
:10551000FFFFFFFFFFFFFFFFFFFFFFFFFFFFFFFF9B
:10552000FFFFFFFFFFFFFFFFFFFFFFFFFFFFFFFF8B
:10553000FFFFFFFFFFFFFFFFFFFFFFFFFFFFFFFF7B
:10554000FFFFFFFFFFFFFFFFFFFFFFFFFFFFFFFF6B
:10555000FFFFFFFFFFFFFFFFFFFFFFFFFFFFFFFF5B
:10556000FFFFFFFFFFFFFFFFFFFFFFFFFFFFFFFF4B
:10557000FFFFFFFFFFFFFFFFFFFFFFFFFFFFFFFF3B
:10558000FFFFFFFFFFFFFFFFFFFFFFFFFFFFFFFF2B
:10559000FFFFFFFFFFFFFFFFFFFFFFFFFFFFFFFF1B
:1055A000FFFFFFFFFFFFFFFFFFFFFFFFFFFFFFFF0B
:1055B000FFFFFFFFFFFFFFFFFFFFFFFFFFFFFFFFFB
:1055C000FFFFFFFFFFFFFFFFFFFFFFFFFFFFFFFFEB
:1055D000FFFFFFFFFFFFFFFFFFFFFFFFFFFFFFFFDB
:1055E000FFFFFFFFFFFFFFFFFFFFFFFFFFFFFFFFCB
:1055F000FFFFFFFFFFFFFFFFFFFFFFFFFFFFFFFFBB
:10560000FFFFFFFFFFFFFFFFFFFFFFFFFFFFFFFFAA
:10561000FFFFFFFFFFFFFFFFFFFFFFFFFFFFFFFF9A
:10562000FFFFFFFFFFFFFFFFFFFFFFFFFFFFFFFF8A
:10563000FFFFFFFFFFFFFFFFFFFFFFFFFFFFFFFF7A
:10564000FFFFFFFFFFFFFFFFFFFFFFFFFFFFFFFF6A
:10565000FFFFFFFFFFFFFFFFFFFFFFFFFFFFFFFF5A
:10566000FFFFFFFFFFFFFFFFFFFFFFFFFFFFFFFF4A
:10567000FFFFFFFFFFFFFFFFFFFFFFFFFFFFFFFF3A
:10568000FFFFFFFFFFFFFFFFFFFFFFFFFFFFFFFF2A
:10569000FFFFFFFFFFFFFFFFFFFFFFFFFFFFFFFF1A
:1056A000FFFFFFFFFFFFFFFFFFFFFFFFFFFFFFFF0A
:1056B000FFFFFFFFFFFFFFFFFFFFFFFFFFFFFFFFFA
:1056C000FFFFFFFFFFFFFFFFFFFFFFFFFFFFFFFFEA
:1056D000FFFFFFFFFFFFFFFFFFFFFFFFFFFFFFFFDA
:1056E000FFFFFFFFFFFFFFFFFFFFFFFFFFFFFFFFCA
:1056F000FFFFFFFFFFFFFFFFFFFFFFFFFFFFFFFFBA
:10570000FFFFFFFFFFFFFFFFFFFFFFFFFFFFFFFFA9
:10571000FFFFFFFFFFFFFFFFFFFFFFFFFFFFFFFF99
:10572000FFFFFFFFFFFFFFFFFFFFFFFFFFFFFFFF89
:10573000FFFFFFFFFFFFFFFFFFFFFFFFFFFFFFFF79
:10574000FFFFFFFFFFFFFFFFFFFFFFFFFFFFFFFF69
:10575000FFFFFFFFFFFFFFFFFFFFFFFFFFFFFFFF59
:10576000FFFFFFFFFFFFFFFFFFFFFFFFFFFFFFFF49
:10577000FFFFFFFFFFFFFFFFFFFFFFFFFFFFFFFF39
:10578000FFFFFFFFFFFFFFFFFFFFFFFFFFFFFFFF29
:10579000FFFFFFFFFFFFFFFFFFFFFFFFFFFFFFFF19
:1057A000FFFFFFFFFFFFFFFFFFFFFFFFFFFFFFFF09
:1057B000FFFFFFFFFFFFFFFFFFFFFFFFFFFFFFFFF9
:1057C000FFFFFFFFFFFFFFFFFFFFFFFFFFFFFFFFE9
:1057D000FFFFFFFFFFFFFFFFFFFFFFFFFFFFFFFFD9
:1057E000FFFFFFFFFFFFFFFFFFFFFFFFFFFFFFFFC9
:1057F000FFFFFFFFFFFFFFFFFFFFFFFFFFFFFFFFB9
:10580000FFFFFFFFFFFFFFFFFFFFFFFFFFFFFFFFA8
:10581000FFFFFFFFFFFFFFFFFFFFFFFFFFFFFFFF98
:10582000FFFFFFFFFFFFFFFFFFFFFFFFFFFFFFFF88
:10583000FFFFFFFFFFFFFFFFFFFFFFFFFFFFFFFF78
:10584000FFFFFFFFFFFFFFFFFFFFFFFFFFFFFFFF68
:10585000FFFFFFFFFFFFFFFFFFFFFFFFFFFFFFFF58
:10586000FFFFFFFFFFFFFFFFFFFFFFFFFFFFFFFF48
:10587000FFFFFFFFFFFFFFFFFFFFFFFFFFFFFFFF38
:10588000FFFFFFFFFFFFFFFFFFFFFFFFFFFFFFFF28
:10589000FFFFFFFFFFFFFFFFFFFFFFFFFFFFFFFF18
:1058A000FFFFFFFFFFFFFFFFFFFFFFFFFFFFFFFF08
:1058B000FFFFFFFFFFFFFFFFFFFFFFFFFFFFFFFFF8
:1058C000FFFFFFFFFFFFFFFFFFFFFFFFFFFFFFFFE8
:1058D000FFFFFFFFFFFFFFFFFFFFFFFFFFFFFFFFD8
:1058E000FFFFFFFFFFFFFFFFFFFFFFFFFFFFFFFFC8
:1058F000FFFFFFFFFFFFFFFFFFFFFFFFFFFFFFFFB8
:10590000FFFFFFFFFFFFFFFFFFFFFFFFFFFFFFFFA7
:10591000FFFFFFFFFFFFFFFFFFFFFFFFFFFFFFFF97
:10592000FFFFFFFFFFFFFFFFFFFFFFFFFFFFFFFF87
:10593000FFFFFFFFFFFFFFFFFFFFFFFFFFFFFFFF77
:10594000FFFFFFFFFFFFFFFFFFFFFFFFFFFFFFFF67
:10595000FFFFFFFFFFFFFFFFFFFFFFFFFFFFFFFF57
:10596000FFFFFFFFFFFFFFFFFFFFFFFFFFFFFFFF47
:10597000FFFFFFFFFFFFFFFFFFFFFFFFFFFFFFFF37
:10598000FFFFFFFFFFFFFFFFFFFFFFFFFFFFFFFF27
:10599000FFFFFFFFFFFFFFFFFFFFFFFFFFFFFFFF17
:1059A000FFFFFFFFFFFFFFFFFFFFFFFFFFFFFFFF07
:1059B000FFFFFFFFFFFFFFFFFFFFFFFFFFFFFFFFF7
:1059C000FFFFFFFFFFFFFFFFFFFFFFFFFFFFFFFFE7
:1059D000FFFFFFFFFFFFFFFFFFFFFFFFFFFFFFFFD7
:1059E000FFFFFFFFFFFFFFFFFFFFFFFFFFFFFFFFC7
:1059F000FFFFFFFFFFFFFFFFFFFFFFFFFFFFFFFFB7
:105A0000FFFFFFFFFFFFFFFFFFFFFFFFFFFFFFFFA6
:105A1000FFFFFFFFFFFFFFFFFFFFFFFFFFFFFFFF96
:105A2000FFFFFFFFFFFFFFFFFFFFFFFFFFFFFFFF86
:105A3000FFFFFFFFFFFFFFFFFFFFFFFFFFFFFFFF76
:105A4000FFFFFFFFFFFFFFFFFFFFFFFFFFFFFFFF66
:105A5000FFFFFFFFFFFFFFFFFFFFFFFFFFFFFFFF56
:105A6000FFFFFFFFFFFFFFFFFFFFFFFFFFFFFFFF46
:105A7000FFFFFFFFFFFFFFFFFFFFFFFFFFFFFFFF36
:105A8000FFFFFFFFFFFFFFFFFFFFFFFFFFFFFFFF26
:105A9000FFFFFFFFFFFFFFFFFFFFFFFFFFFFFFFF16
:105AA000FFFFFFFFFFFFFFFFFFFFFFFFFFFFFFFF06
:105AB000FFFFFFFFFFFFFFFFFFFFFFFFFFFFFFFFF6
:105AC000FFFFFFFFFFFFFFFFFFFFFFFFFFFFFFFFE6
:105AD000FFFFFFFFFFFFFFFFFFFFFFFFFFFFFFFFD6
:105AE000FFFFFFFFFFFFFFFFFFFFFFFFFFFFFFFFC6
:105AF000FFFFFFFFFFFFFFFFFFFFFFFFFFFFFFFFB6
:105B0000FFFFFFFFFFFFFFFFFFFFFFFFFFFFFFFFA5
:105B1000FFFFFFFFFFFFFFFFFFFFFFFFFFFFFFFF95
:105B2000FFFFFFFFFFFFFFFFFFFFFFFFFFFFFFFF85
:105B3000FFFFFFFFFFFFFFFFFFFFFFFFFFFFFFFF75
:105B4000FFFFFFFFFFFFFFFFFFFFFFFFFFFFFFFF65
:105B5000FFFFFFFFFFFFFFFFFFFFFFFFFFFFFFFF55
:105B6000FFFFFFFFFFFFFFFFFFFFFFFFFFFFFFFF45
:105B7000FFFFFFFFFFFFFFFFFFFFFFFFFFFFFFFF35
:105B8000FFFFFFFFFFFFFFFFFFFFFFFFFFFFFFFF25
:105B9000FFFFFFFFFFFFFFFFFFFFFFFFFFFFFFFF15
:105BA000FFFFFFFFFFFFFFFFFFFFFFFFFFFFFFFF05
:105BB000FFFFFFFFFFFFFFFFFFFFFFFFFFFFFFFFF5
:105BC000FFFFFFFFFFFFFFFFFFFFFFFFFFFFFFFFE5
:105BD000FFFFFFFFFFFFFFFFFFFFFFFFFFFFFFFFD5
:105BE000FFFFFFFFFFFFFFFFFFFFFFFFFFFFFFFFC5
:105BF000FFFFFFFFFFFFFFFFFFFFFFFFFFFFFFFFB5
:105C0000FFFFFFFFFFFFFFFFFFFFFFFFFFFFFFFFA4
:105C1000FFFFFFFFFFFFFFFFFFFFFFFFFFFFFFFF94
:105C2000FFFFFFFFFFFFFFFFFFFFFFFFFFFFFFFF84
:105C3000FFFFFFFFFFFFFFFFFFFFFFFFFFFFFFFF74
:105C4000FFFFFFFFFFFFFFFFFFFFFFFFFFFFFFFF64
:105C5000FFFFFFFFFFFFFFFFFFFFFFFFFFFFFFFF54
:105C6000FFFFFFFFFFFFFFFFFFFFFFFFFFFFFFFF44
:105C7000FFFFFFFFFFFFFFFFFFFFFFFFFFFFFFFF34
:105C8000FFFFFFFFFFFFFFFFFFFFFFFFFFFFFFFF24
:105C9000FFFFFFFFFFFFFFFFFFFFFFFFFFFFFFFF14
:105CA000FFFFFFFFFFFFFFFFFFFFFFFFFFFFFFFF04
:105CB000FFFFFFFFFFFFFFFFFFFFFFFFFFFFFFFFF4
:105CC000FFFFFFFFFFFFFFFFFFFFFFFFFFFFFFFFE4
:105CD000FFFFFFFFFFFFFFFFFFFFFFFFFFFFFFFFD4
:105CE000FFFFFFFFFFFFFFFFFFFFFFFFFFFFFFFFC4
:105CF000FFFFFFFFFFFFFFFFFFFFFFFFFFFFFFFFB4
:105D0000FFFFFFFFFFFFFFFFFFFFFFFFFFFFFFFFA3
:105D1000FFFFFFFFFFFFFFFFFFFFFFFFFFFFFFFF93
:105D2000FFFFFFFFFFFFFFFFFFFFFFFFFFFFFFFF83
:105D3000FFFFFFFFFFFFFFFFFFFFFFFFFFFFFFFF73
:105D4000FFFFFFFFFFFFFFFFFFFFFFFFFFFFFFFF63
:105D5000FFFFFFFFFFFFFFFFFFFFFFFFFFFFFFFF53
:105D6000FFFFFFFFFFFFFFFFFFFFFFFFFFFFFFFF43
:105D7000FFFFFFFFFFFFFFFFFFFFFFFFFFFFFFFF33
:105D8000FFFFFFFFFFFFFFFFFFFFFFFFFFFFFFFF23
:105D9000FFFFFFFFFFFFFFFFFFFFFFFFFFFFFFFF13
:105DA000FFFFFFFFFFFFFFFFFFFFFFFFFFFFFFFF03
:105DB000FFFFFFFFFFFFFFFFFFFFFFFFFFFFFFFFF3
:105DC000FFFFFFFFFFFFFFFFFFFFFFFFFFFFFFFFE3
:105DD000FFFFFFFFFFFFFFFFFFFFFFFFFFFFFFFFD3
:105DE000FFFFFFFFFFFFFFFFFFFFFFFFFFFFFFFFC3
:105DF000FFFFFFFFFFFFFFFFFFFFFFFFFFFFFFFFB3
:105E0000FFFFFFFFFFFFFFFFFFFFFFFFFFFFFFFFA2
:105E1000FFFFFFFFFFFFFFFFFFFFFFFFFFFFFFFF92
:105E2000FFFFFFFFFFFFFFFFFFFFFFFFFFFFFFFF82
:105E3000FFFFFFFFFFFFFFFFFFFFFFFFFFFFFFFF72
:105E4000FFFFFFFFFFFFFFFFFFFFFFFFFFFFFFFF62
:105E5000FFFFFFFFFFFFFFFFFFFFFFFFFFFFFFFF52
:105E6000FFFFFFFFFFFFFFFFFFFFFFFFFFFFFFFF42
:105E7000FFFFFFFFFFFFFFFFFFFFFFFFFFFFFFFF32
:105E8000FFFFFFFFFFFFFFFFFFFFFFFFFFFFFFFF22
:105E9000FFFFFFFFFFFFFFFFFFFFFFFFFFFFFFFF12
:105EA000FFFFFFFFFFFFFFFFFFFFFFFFFFFFFFFF02
:105EB000FFFFFFFFFFFFFFFFFFFFFFFFFFFFFFFFF2
:105EC000FFFFFFFFFFFFFFFFFFFFFFFFFFFFFFFFE2
:105ED000FFFFFFFFFFFFFFFFFFFFFFFFFFFFFFFFD2
:105EE000FFFFFFFFFFFFFFFFFFFFFFFFFFFFFFFFC2
:105EF000FFFFFFFFFFFFFFFFFFFFFFFFFFFFFFFFB2
:105F0000FFFFFFFFFFFFFFFFFFFFFFFFFFFFFFFFA1
:105F1000FFFFFFFFFFFFFFFFFFFFFFFFFFFFFFFF91
:105F2000FFFFFFFFFFFFFFFFFFFFFFFFFFFFFFFF81
:105F3000FFFFFFFFFFFFFFFFFFFFFFFFFFFFFFFF71
:105F4000FFFFFFFFFFFFFFFFFFFFFFFFFFFFFFFF61
:105F5000FFFFFFFFFFFFFFFFFFFFFFFFFFFFFFFF51
:105F6000FFFFFFFFFFFFFFFFFFFFFFFFFFFFFFFF41
:105F7000FFFFFFFFFFFFFFFFFFFFFFFFFFFFFFFF31
:105F8000FFFFFFFFFFFFFFFFFFFFFFFFFFFFFFFF21
:105F9000FFFFFFFFFFFFFFFFFFFFFFFFFFFFFFFF11
:105FA000FFFFFFFFFFFFFFFFFFFFFFFFFFFFFFFF01
:105FB000FFFFFFFFFFFFFFFFFFFFFFFFFFFFFFFFF1
:105FC000FFFFFFFFFFFFFFFFFFFFFFFFFFFFFFFFE1
:105FD000FFFFFFFFFFFFFFFFFFFFFFFFFFFFFFFFD1
:105FE000FFFFFFFFFFFFFFFFFFFFFFFFFFFFFFFFC1
:105FF000FFFFFFFFFFFFFFFFFFFFFFFFFFFFFFFFB1
:10600000FFFFFFFFFFFFFFFFFFFFFFFFFFFFFFFFA0
:10601000FFFFFFFFFFFFFFFFFFFFFFFFFFFFFFFF90
:10602000FFFFFFFFFFFFFFFFFFFFFFFFFFFFFFFF80
:10603000FFFFFFFFFFFFFFFFFFFFFFFFFFFFFFFF70
:10604000FFFFFFFFFFFFFFFFFFFFFFFFFFFFFFFF60
:10605000FFFFFFFFFFFFFFFFFFFFFFFFFFFFFFFF50
:10606000FFFFFFFFFFFFFFFFFFFFFFFFFFFFFFFF40
:10607000FFFFFFFFFFFFFFFFFFFFFFFFFFFFFFFF30
:10608000FFFFFFFFFFFFFFFFFFFFFFFFFFFFFFFF20
:10609000FFFFFFFFFFFFFFFFFFFFFFFFFFFFFFFF10
:1060A000FFFFFFFFFFFFFFFFFFFFFFFFFFFFFFFF00
:1060B000FFFFFFFFFFFFFFFFFFFFFFFFFFFFFFFFF0
:1060C000FFFFFFFFFFFFFFFFFFFFFFFFFFFFFFFFE0
:1060D000FFFFFFFFFFFFFFFFFFFFFFFFFFFFFFFFD0
:1060E000FFFFFFFFFFFFFFFFFFFFFFFFFFFFFFFFC0
:1060F000FFFFFFFFFFFFFFFFFFFFFFFFFFFFFFFFB0
:10610000FFFFFFFFFFFFFFFFFFFFFFFFFFFFFFFF9F
:10611000FFFFFFFFFFFFFFFFFFFFFFFFFFFFFFFF8F
:10612000FFFFFFFFFFFFFFFFFFFFFFFFFFFFFFFF7F
:10613000FFFFFFFFFFFFFFFFFFFFFFFFFFFFFFFF6F
:10614000FFFFFFFFFFFFFFFFFFFFFFFFFFFFFFFF5F
:10615000FFFFFFFFFFFFFFFFFFFFFFFFFFFFFFFF4F
:10616000FFFFFFFFFFFFFFFFFFFFFFFFFFFFFFFF3F
:10617000FFFFFFFFFFFFFFFFFFFFFFFFFFFFFFFF2F
:10618000FFFFFFFFFFFFFFFFFFFFFFFFFFFFFFFF1F
:10619000FFFFFFFFFFFFFFFFFFFFFFFFFFFFFFFF0F
:1061A000FFFFFFFFFFFFFFFFFFFFFFFFFFFFFFFFFF
:1061B000FFFFFFFFFFFFFFFFFFFFFFFFFFFFFFFFEF
:1061C000FFFFFFFFFFFFFFFFFFFFFFFFFFFFFFFFDF
:1061D000FFFFFFFFFFFFFFFFFFFFFFFFFFFFFFFFCF
:1061E000FFFFFFFFFFFFFFFFFFFFFFFFFFFFFFFFBF
:1061F000FFFFFFFFFFFFFFFFFFFFFFFFFFFFFFFFAF
:10620000FFFFFFFFFFFFFFFFFFFFFFFFFFFFFFFF9E
:10621000FFFFFFFFFFFFFFFFFFFFFFFFFFFFFFFF8E
:10622000FFFFFFFFFFFFFFFFFFFFFFFFFFFFFFFF7E
:10623000FFFFFFFFFFFFFFFFFFFFFFFFFFFFFFFF6E
:10624000FFFFFFFFFFFFFFFFFFFFFFFFFFFFFFFF5E
:10625000FFFFFFFFFFFFFFFFFFFFFFFFFFFFFFFF4E
:10626000FFFFFFFFFFFFFFFFFFFFFFFFFFFFFFFF3E
:10627000FFFFFFFFFFFFFFFFFFFFFFFFFFFFFFFF2E
:10628000FFFFFFFFFFFFFFFFFFFFFFFFFFFFFFFF1E
:10629000FFFFFFFFFFFFFFFFFFFFFFFFFFFFFFFF0E
:1062A000FFFFFFFFFFFFFFFFFFFFFFFFFFFFFFFFFE
:1062B000FFFFFFFFFFFFFFFFFFFFFFFFFFFFFFFFEE
:1062C000FFFFFFFFFFFFFFFFFFFFFFFFFFFFFFFFDE
:1062D000FFFFFFFFFFFFFFFFFFFFFFFFFFFFFFFFCE
:1062E000FFFFFFFFFFFFFFFFFFFFFFFFFFFFFFFFBE
:1062F000FFFFFFFFFFFFFFFFFFFFFFFFFFFFFFFFAE
:10630000FFFFFFFFFFFFFFFFFFFFFFFFFFFFFFFF9D
:10631000FFFFFFFFFFFFFFFFFFFFFFFFFFFFFFFF8D
:10632000FFFFFFFFFFFFFFFFFFFFFFFFFFFFFFFF7D
:10633000FFFFFFFFFFFFFFFFFFFFFFFFFFFFFFFF6D
:10634000FFFFFFFFFFFFFFFFFFFFFFFFFFFFFFFF5D
:10635000FFFFFFFFFFFFFFFFFFFFFFFFFFFFFFFF4D
:10636000FFFFFFFFFFFFFFFFFFFFFFFFFFFFFFFF3D
:10637000FFFFFFFFFFFFFFFFFFFFFFFFFFFFFFFF2D
:10638000FFFFFFFFFFFFFFFFFFFFFFFFFFFFFFFF1D
:10639000FFFFFFFFFFFFFFFFFFFFFFFFFFFFFFFF0D
:1063A000FFFFFFFFFFFFFFFFFFFFFFFFFFFFFFFFFD
:1063B000FFFFFFFFFFFFFFFFFFFFFFFFFFFFFFFFED
:1063C000FFFFFFFFFFFFFFFFFFFFFFFFFFFFFFFFDD
:1063D000FFFFFFFFFFFFFFFFFFFFFFFFFFFFFFFFCD
:1063E000FFFFFFFFFFFFFFFFFFFFFFFFFFFFFFFFBD
:1063F000FFFFFFFFFFFFFFFFFFFFFFFFFFFFFFFFAD
:10640000FFFFFFFFFFFFFFFFFFFFFFFFFFFFFFFF9C
:10641000FFFFFFFFFFFFFFFFFFFFFFFFFFFFFFFF8C
:10642000FFFFFFFFFFFFFFFFFFFFFFFFFFFFFFFF7C
:10643000FFFFFFFFFFFFFFFFFFFFFFFFFFFFFFFF6C
:10644000FFFFFFFFFFFFFFFFFFFFFFFFFFFFFFFF5C
:10645000FFFFFFFFFFFFFFFFFFFFFFFFFFFFFFFF4C
:10646000FFFFFFFFFFFFFFFFFFFFFFFFFFFFFFFF3C
:10647000FFFFFFFFFFFFFFFFFFFFFFFFFFFFFFFF2C
:10648000FFFFFFFFFFFFFFFFFFFFFFFFFFFFFFFF1C
:10649000FFFFFFFFFFFFFFFFFFFFFFFFFFFFFFFF0C
:1064A000FFFFFFFFFFFFFFFFFFFFFFFFFFFFFFFFFC
:1064B000FFFFFFFFFFFFFFFFFFFFFFFFFFFFFFFFEC
:1064C000FFFFFFFFFFFFFFFFFFFFFFFFFFFFFFFFDC
:1064D000FFFFFFFFFFFFFFFFFFFFFFFFFFFFFFFFCC
:1064E000FFFFFFFFFFFFFFFFFFFFFFFFFFFFFFFFBC
:1064F000FFFFFFFFFFFFFFFFFFFFFFFFFFFFFFFFAC
:10650000FFFFFFFFFFFFFFFFFFFFFFFFFFFFFFFF9B
:10651000FFFFFFFFFFFFFFFFFFFFFFFFFFFFFFFF8B
:10652000FFFFFFFFFFFFFFFFFFFFFFFFFFFFFFFF7B
:10653000FFFFFFFFFFFFFFFFFFFFFFFFFFFFFFFF6B
:10654000FFFFFFFFFFFFFFFFFFFFFFFFFFFFFFFF5B
:10655000FFFFFFFFFFFFFFFFFFFFFFFFFFFFFFFF4B
:10656000FFFFFFFFFFFFFFFFFFFFFFFFFFFFFFFF3B
:10657000FFFFFFFFFFFFFFFFFFFFFFFFFFFFFFFF2B
:10658000FFFFFFFFFFFFFFFFFFFFFFFFFFFFFFFF1B
:10659000FFFFFFFFFFFFFFFFFFFFFFFFFFFFFFFF0B
:1065A000FFFFFFFFFFFFFFFFFFFFFFFFFFFFFFFFFB
:1065B000FFFFFFFFFFFFFFFFFFFFFFFFFFFFFFFFEB
:1065C000FFFFFFFFFFFFFFFFFFFFFFFFFFFFFFFFDB
:1065D000FFFFFFFFFFFFFFFFFFFFFFFFFFFFFFFFCB
:1065E000FFFFFFFFFFFFFFFFFFFFFFFFFFFFFFFFBB
:1065F000FFFFFFFFFFFFFFFFFFFFFFFFFFFFFFFFAB
:10660000FFFFFFFFFFFFFFFFFFFFFFFFFFFFFFFF9A
:10661000FFFFFFFFFFFFFFFFFFFFFFFFFFFFFFFF8A
:10662000FFFFFFFFFFFFFFFFFFFFFFFFFFFFFFFF7A
:10663000FFFFFFFFFFFFFFFFFFFFFFFFFFFFFFFF6A
:10664000FFFFFFFFFFFFFFFFFFFFFFFFFFFFFFFF5A
:10665000FFFFFFFFFFFFFFFFFFFFFFFFFFFFFFFF4A
:10666000FFFFFFFFFFFFFFFFFFFFFFFFFFFFFFFF3A
:10667000FFFFFFFFFFFFFFFFFFFFFFFFFFFFFFFF2A
:10668000FFFFFFFFFFFFFFFFFFFFFFFFFFFFFFFF1A
:10669000FFFFFFFFFFFFFFFFFFFFFFFFFFFFFFFF0A
:1066A000FFFFFFFFFFFFFFFFFFFFFFFFFFFFFFFFFA
:1066B000FFFFFFFFFFFFFFFFFFFFFFFFFFFFFFFFEA
:1066C000FFFFFFFFFFFFFFFFFFFFFFFFFFFFFFFFDA
:1066D000FFFFFFFFFFFFFFFFFFFFFFFFFFFFFFFFCA
:1066E000FFFFFFFFFFFFFFFFFFFFFFFFFFFFFFFFBA
:1066F000FFFFFFFFFFFFFFFFFFFFFFFFFFFFFFFFAA
:10670000FFFFFFFFFFFFFFFFFFFFFFFFFFFFFFFF99
:10671000FFFFFFFFFFFFFFFFFFFFFFFFFFFFFFFF89
:10672000FFFFFFFFFFFFFFFFFFFFFFFFFFFFFFFF79
:10673000FFFFFFFFFFFFFFFFFFFFFFFFFFFFFFFF69
:10674000FFFFFFFFFFFFFFFFFFFFFFFFFFFFFFFF59
:10675000FFFFFFFFFFFFFFFFFFFFFFFFFFFFFFFF49
:10676000FFFFFFFFFFFFFFFFFFFFFFFFFFFFFFFF39
:10677000FFFFFFFFFFFFFFFFFFFFFFFFFFFFFFFF29
:10678000FFFFFFFFFFFFFFFFFFFFFFFFFFFFFFFF19
:10679000FFFFFFFFFFFFFFFFFFFFFFFFFFFFFFFF09
:1067A000FFFFFFFFFFFFFFFFFFFFFFFFFFFFFFFFF9
:1067B000FFFFFFFFFFFFFFFFFFFFFFFFFFFFFFFFE9
:1067C000FFFFFFFFFFFFFFFFFFFFFFFFFFFFFFFFD9
:1067D000FFFFFFFFFFFFFFFFFFFFFFFFFFFFFFFFC9
:1067E000FFFFFFFFFFFFFFFFFFFFFFFFFFFFFFFFB9
:1067F000FFFFFFFFFFFFFFFFFFFFFFFFFFFFFFFFA9
:10680000FFFFFFFFFFFFFFFFFFFFFFFFFFFFFFFF98
:10681000FFFFFFFFFFFFFFFFFFFFFFFFFFFFFFFF88
:10682000FFFFFFFFFFFFFFFFFFFFFFFFFFFFFFFF78
:10683000FFFFFFFFFFFFFFFFFFFFFFFFFFFFFFFF68
:10684000FFFFFFFFFFFFFFFFFFFFFFFFFFFFFFFF58
:10685000FFFFFFFFFFFFFFFFFFFFFFFFFFFFFFFF48
:10686000FFFFFFFFFFFFFFFFFFFFFFFFFFFFFFFF38
:10687000FFFFFFFFFFFFFFFFFFFFFFFFFFFFFFFF28
:10688000FFFFFFFFFFFFFFFFFFFFFFFFFFFFFFFF18
:10689000FFFFFFFFFFFFFFFFFFFFFFFFFFFFFFFF08
:1068A000FFFFFFFFFFFFFFFFFFFFFFFFFFFFFFFFF8
:1068B000FFFFFFFFFFFFFFFFFFFFFFFFFFFFFFFFE8
:1068C000FFFFFFFFFFFFFFFFFFFFFFFFFFFFFFFFD8
:1068D000FFFFFFFFFFFFFFFFFFFFFFFFFFFFFFFFC8
:1068E000FFFFFFFFFFFFFFFFFFFFFFFFFFFFFFFFB8
:1068F000FFFFFFFFFFFFFFFFFFFFFFFFFFFFFFFFA8
:10690000FFFFFFFFFFFFFFFFFFFFFFFFFFFFFFFF97
:10691000FFFFFFFFFFFFFFFFFFFFFFFFFFFFFFFF87
:10692000FFFFFFFFFFFFFFFFFFFFFFFFFFFFFFFF77
:10693000FFFFFFFFFFFFFFFFFFFFFFFFFFFFFFFF67
:10694000FFFFFFFFFFFFFFFFFFFFFFFFFFFFFFFF57
:10695000FFFFFFFFFFFFFFFFFFFFFFFFFFFFFFFF47
:10696000FFFFFFFFFFFFFFFFFFFFFFFFFFFFFFFF37
:10697000FFFFFFFFFFFFFFFFFFFFFFFFFFFFFFFF27
:10698000FFFFFFFFFFFFFFFFFFFFFFFFFFFFFFFF17
:10699000FFFFFFFFFFFFFFFFFFFFFFFFFFFFFFFF07
:1069A000FFFFFFFFFFFFFFFFFFFFFFFFFFFFFFFFF7
:1069B000FFFFFFFFFFFFFFFFFFFFFFFFFFFFFFFFE7
:1069C000FFFFFFFFFFFFFFFFFFFFFFFFFFFFFFFFD7
:1069D000FFFFFFFFFFFFFFFFFFFFFFFFFFFFFFFFC7
:1069E000FFFFFFFFFFFFFFFFFFFFFFFFFFFFFFFFB7
:1069F000FFFFFFFFFFFFFFFFFFFFFFFFFFFFFFFFA7
:106A0000FFFFFFFFFFFFFFFFFFFFFFFFFFFFFFFF96
:106A1000FFFFFFFFFFFFFFFFFFFFFFFFFFFFFFFF86
:106A2000FFFFFFFFFFFFFFFFFFFFFFFFFFFFFFFF76
:106A3000FFFFFFFFFFFFFFFFFFFFFFFFFFFFFFFF66
:106A4000FFFFFFFFFFFFFFFFFFFFFFFFFFFFFFFF56
:106A5000FFFFFFFFFFFFFFFFFFFFFFFFFFFFFFFF46
:106A6000FFFFFFFFFFFFFFFFFFFFFFFFFFFFFFFF36
:106A7000FFFFFFFFFFFFFFFFFFFFFFFFFFFFFFFF26
:106A8000FFFFFFFFFFFFFFFFFFFFFFFFFFFFFFFF16
:106A9000FFFFFFFFFFFFFFFFFFFFFFFFFFFFFFFF06
:106AA000FFFFFFFFFFFFFFFFFFFFFFFFFFFFFFFFF6
:106AB000FFFFFFFFFFFFFFFFFFFFFFFFFFFFFFFFE6
:106AC000FFFFFFFFFFFFFFFFFFFFFFFFFFFFFFFFD6
:106AD000FFFFFFFFFFFFFFFFFFFFFFFFFFFFFFFFC6
:106AE000FFFFFFFFFFFFFFFFFFFFFFFFFFFFFFFFB6
:106AF000FFFFFFFFFFFFFFFFFFFFFFFFFFFFFFFFA6
:106B0000FFFFFFFFFFFFFFFFFFFFFFFFFFFFFFFF95
:106B1000FFFFFFFFFFFFFFFFFFFFFFFFFFFFFFFF85
:106B2000FFFFFFFFFFFFFFFFFFFFFFFFFFFFFFFF75
:106B3000FFFFFFFFFFFFFFFFFFFFFFFFFFFFFFFF65
:106B4000FFFFFFFFFFFFFFFFFFFFFFFFFFFFFFFF55
:106B5000FFFFFFFFFFFFFFFFFFFFFFFFFFFFFFFF45
:106B6000FFFFFFFFFFFFFFFFFFFFFFFFFFFFFFFF35
:106B7000FFFFFFFFFFFFFFFFFFFFFFFFFFFFFFFF25
:106B8000FFFFFFFFFFFFFFFFFFFFFFFFFFFFFFFF15
:106B9000FFFFFFFFFFFFFFFFFFFFFFFFFFFFFFFF05
:106BA000FFFFFFFFFFFFFFFFFFFFFFFFFFFFFFFFF5
:106BB000FFFFFFFFFFFFFFFFFFFFFFFFFFFFFFFFE5
:106BC000FFFFFFFFFFFFFFFFFFFFFFFFFFFFFFFFD5
:106BD000FFFFFFFFFFFFFFFFFFFFFFFFFFFFFFFFC5
:106BE000FFFFFFFFFFFFFFFFFFFFFFFFFFFFFFFFB5
:106BF000FFFFFFFFFFFFFFFFFFFFFFFFFFFFFFFFA5
:106C0000FFFFFFFFFFFFFFFFFFFFFFFFFFFFFFFF94
:106C1000FFFFFFFFFFFFFFFFFFFFFFFFFFFFFFFF84
:106C2000FFFFFFFFFFFFFFFFFFFFFFFFFFFFFFFF74
:106C3000FFFFFFFFFFFFFFFFFFFFFFFFFFFFFFFF64
:106C4000FFFFFFFFFFFFFFFFFFFFFFFFFFFFFFFF54
:106C5000FFFFFFFFFFFFFFFFFFFFFFFFFFFFFFFF44
:106C6000FFFFFFFFFFFFFFFFFFFFFFFFFFFFFFFF34
:106C7000FFFFFFFFFFFFFFFFFFFFFFFFFFFFFFFF24
:106C8000FFFFFFFFFFFFFFFFFFFFFFFFFFFFFFFF14
:106C9000FFFFFFFFFFFFFFFFFFFFFFFFFFFFFFFF04
:106CA000FFFFFFFFFFFFFFFFFFFFFFFFFFFFFFFFF4
:106CB000FFFFFFFFFFFFFFFFFFFFFFFFFFFFFFFFE4
:106CC000FFFFFFFFFFFFFFFFFFFFFFFFFFFFFFFFD4
:106CD000FFFFFFFFFFFFFFFFFFFFFFFFFFFFFFFFC4
:106CE000FFFFFFFFFFFFFFFFFFFFFFFFFFFFFFFFB4
:106CF000FFFFFFFFFFFFFFFFFFFFFFFFFFFFFFFFA4
:106D0000FFFFFFFFFFFFFFFFFFFFFFFFFFFFFFFF93
:106D1000FFFFFFFFFFFFFFFFFFFFFFFFFFFFFFFF83
:106D2000FFFFFFFFFFFFFFFFFFFFFFFFFFFFFFFF73
:106D3000FFFFFFFFFFFFFFFFFFFFFFFFFFFFFFFF63
:106D4000FFFFFFFFFFFFFFFFFFFFFFFFFFFFFFFF53
:106D5000FFFFFFFFFFFFFFFFFFFFFFFFFFFFFFFF43
:106D6000FFFFFFFFFFFFFFFFFFFFFFFFFFFFFFFF33
:106D7000FFFFFFFFFFFFFFFFFFFFFFFFFFFFFFFF23
:106D8000FFFFFFFFFFFFFFFFFFFFFFFFFFFFFFFF13
:106D9000FFFFFFFFFFFFFFFFFFFFFFFFFFFFFFFF03
:106DA000FFFFFFFFFFFFFFFFFFFFFFFFFFFFFFFFF3
:106DB000FFFFFFFFFFFFFFFFFFFFFFFFFFFFFFFFE3
:106DC000FFFFFFFFFFFFFFFFFFFFFFFFFFFFFFFFD3
:106DD000FFFFFFFFFFFFFFFFFFFFFFFFFFFFFFFFC3
:106DE000FFFFFFFFFFFFFFFFFFFFFFFFFFFFFFFFB3
:106DF000FFFFFFFFFFFFFFFFFFFFFFFFFFFFFFFFA3
:106E0000FFFFFFFFFFFFFFFFFFFFFFFFFFFFFFFF92
:106E1000FFFFFFFFFFFFFFFFFFFFFFFFFFFFFFFF82
:106E2000FFFFFFFFFFFFFFFFFFFFFFFFFFFFFFFF72
:106E3000FFFFFFFFFFFFFFFFFFFFFFFFFFFFFFFF62
:106E4000FFFFFFFFFFFFFFFFFFFFFFFFFFFFFFFF52
:106E5000FFFFFFFFFFFFFFFFFFFFFFFFFFFFFFFF42
:106E6000FFFFFFFFFFFFFFFFFFFFFFFFFFFFFFFF32
:106E7000FFFFFFFFFFFFFFFFFFFFFFFFFFFFFFFF22
:106E8000FFFFFFFFFFFFFFFFFFFFFFFFFFFFFFFF12
:106E9000FFFFFFFFFFFFFFFFFFFFFFFFFFFFFFFF02
:106EA000FFFFFFFFFFFFFFFFFFFFFFFFFFFFFFFFF2
:106EB000FFFFFFFFFFFFFFFFFFFFFFFFFFFFFFFFE2
:106EC000FFFFFFFFFFFFFFFFFFFFFFFFFFFFFFFFD2
:106ED000FFFFFFFFFFFFFFFFFFFFFFFFFFFFFFFFC2
:106EE000FFFFFFFFFFFFFFFFFFFFFFFFFFFFFFFFB2
:106EF000FFFFFFFFFFFFFFFFFFFFFFFFFFFFFFFFA2
:106F0000FFFFFFFFFFFFFFFFFFFFFFFFFFFFFFFF91
:106F1000FFFFFFFFFFFFFFFFFFFFFFFFFFFFFFFF81
:106F2000FFFFFFFFFFFFFFFFFFFFFFFFFFFFFFFF71
:106F3000FFFFFFFFFFFFFFFFFFFFFFFFFFFFFFFF61
:106F4000FFFFFFFFFFFFFFFFFFFFFFFFFFFFFFFF51
:106F5000FFFFFFFFFFFFFFFFFFFFFFFFFFFFFFFF41
:106F6000FFFFFFFFFFFFFFFFFFFFFFFFFFFFFFFF31
:106F7000FFFFFFFFFFFFFFFFFFFFFFFFFFFFFFFF21
:106F8000FFFFFFFFFFFFFFFFFFFFFFFFFFFFFFFF11
:106F9000FFFFFFFFFFFFFFFFFFFFFFFFFFFFFFFF01
:106FA000FFFFFFFFFFFFFFFFFFFFFFFFFFFFFFFFF1
:106FB000FFFFFFFFFFFFFFFFFFFFFFFFFFFFFFFFE1
:106FC000FFFFFFFFFFFFFFFFFFFFFFFFFFFFFFFFD1
:106FD000FFFFFFFFFFFFFFFFFFFFFFFFFFFFFFFFC1
:106FE000FFFFFFFFFFFFFFFFFFFFFFFFFFFFFFFFB1
:106FF000FFFFFFFFFFFFFFFFFFFFFFFFFFFFFFFFA1
:10700000FFFFFFFFFFFFFFFFFFFFFFFFFFFFFFFF90
:10701000FFFFFFFFFFFFFFFFFFFFFFFFFFFFFFFF80
:10702000FFFFFFFFFFFFFFFFFFFFFFFFFFFFFFFF70
:10703000FFFFFFFFFFFFFFFFFFFFFFFFFFFFFFFF60
:10704000FFFFFFFFFFFFFFFFFFFFFFFFFFFFFFFF50
:10705000FFFFFFFFFFFFFFFFFFFFFFFFFFFFFFFF40
:10706000FFFFFFFFFFFFFFFFFFFFFFFFFFFFFFFF30
:10707000FFFFFFFFFFFFFFFFFFFFFFFFFFFFFFFF20
:10708000FFFFFFFFFFFFFFFFFFFFFFFFFFFFFFFF10
:10709000FFFFFFFFFFFFFFFFFFFFFFFFFFFFFFFF00
:1070A000FFFFFFFFFFFFFFFFFFFFFFFFFFFFFFFFF0
:1070B000FFFFFFFFFFFFFFFFFFFFFFFFFFFFFFFFE0
:1070C000FFFFFFFFFFFFFFFFFFFFFFFFFFFFFFFFD0
:1070D000FFFFFFFFFFFFFFFFFFFFFFFFFFFFFFFFC0
:1070E000FFFFFFFFFFFFFFFFFFFFFFFFFFFFFFFFB0
:1070F000FFFFFFFFFFFFFFFFFFFFFFFFFFFFFFFFA0
:10710000FFFFFFFFFFFFFFFFFFFFFFFFFFFFFFFF8F
:10711000FFFFFFFFFFFFFFFFFFFFFFFFFFFFFFFF7F
:10712000FFFFFFFFFFFFFFFFFFFFFFFFFFFFFFFF6F
:10713000FFFFFFFFFFFFFFFFFFFFFFFFFFFFFFFF5F
:10714000FFFFFFFFFFFFFFFFFFFFFFFFFFFFFFFF4F
:10715000FFFFFFFFFFFFFFFFFFFFFFFFFFFFFFFF3F
:10716000FFFFFFFFFFFFFFFFFFFFFFFFFFFFFFFF2F
:10717000FFFFFFFFFFFFFFFFFFFFFFFFFFFFFFFF1F
:10718000FFFFFFFFFFFFFFFFFFFFFFFFFFFFFFFF0F
:10719000FFFFFFFFFFFFFFFFFFFFFFFFFFFFFFFFFF
:1071A000FFFFFFFFFFFFFFFFFFFFFFFFFFFFFFFFEF
:1071B000FFFFFFFFFFFFFFFFFFFFFFFFFFFFFFFFDF
:1071C000FFFFFFFFFFFFFFFFFFFFFFFFFFFFFFFFCF
:1071D000FFFFFFFFFFFFFFFFFFFFFFFFFFFFFFFFBF
:1071E000FFFFFFFFFFFFFFFFFFFFFFFFFFFFFFFFAF
:1071F000FFFFFFFFFFFFFFFFFFFFFFFFFFFFFFFF9F
:10720000FFFFFFFFFFFFFFFFFFFFFFFFFFFFFFFF8E
:10721000FFFFFFFFFFFFFFFFFFFFFFFFFFFFFFFF7E
:10722000FFFFFFFFFFFFFFFFFFFFFFFFFFFFFFFF6E
:10723000FFFFFFFFFFFFFFFFFFFFFFFFFFFFFFFF5E
:10724000FFFFFFFFFFFFFFFFFFFFFFFFFFFFFFFF4E
:10725000FFFFFFFFFFFFFFFFFFFFFFFFFFFFFFFF3E
:10726000FFFFFFFFFFFFFFFFFFFFFFFFFFFFFFFF2E
:10727000FFFFFFFFFFFFFFFFFFFFFFFFFFFFFFFF1E
:10728000FFFFFFFFFFFFFFFFFFFFFFFFFFFFFFFF0E
:10729000FFFFFFFFFFFFFFFFFFFFFFFFFFFFFFFFFE
:1072A000FFFFFFFFFFFFFFFFFFFFFFFFFFFFFFFFEE
:1072B000FFFFFFFFFFFFFFFFFFFFFFFFFFFFFFFFDE
:1072C000FFFFFFFFFFFFFFFFFFFFFFFFFFFFFFFFCE
:1072D000FFFFFFFFFFFFFFFFFFFFFFFFFFFFFFFFBE
:1072E000FFFFFFFFFFFFFFFFFFFFFFFFFFFFFFFFAE
:1072F000FFFFFFFFFFFFFFFFFFFFFFFFFFFFFFFF9E
:10730000FFFFFFFFFFFFFFFFFFFFFFFFFFFFFFFF8D
:10731000FFFFFFFFFFFFFFFFFFFFFFFFFFFFFFFF7D
:10732000FFFFFFFFFFFFFFFFFFFFFFFFFFFFFFFF6D
:10733000FFFFFFFFFFFFFFFFFFFFFFFFFFFFFFFF5D
:10734000FFFFFFFFFFFFFFFFFFFFFFFFFFFFFFFF4D
:10735000FFFFFFFFFFFFFFFFFFFFFFFFFFFFFFFF3D
:10736000FFFFFFFFFFFFFFFFFFFFFFFFFFFFFFFF2D
:10737000FFFFFFFFFFFFFFFFFFFFFFFFFFFFFFFF1D
:10738000FFFFFFFFFFFFFFFFFFFFFFFFFFFFFFFF0D
:10739000FFFFFFFFFFFFFFFFFFFFFFFFFFFFFFFFFD
:1073A000FFFFFFFFFFFFFFFFFFFFFFFFFFFFFFFFED
:1073B000FFFFFFFFFFFFFFFFFFFFFFFFFFFFFFFFDD
:1073C000FFFFFFFFFFFFFFFFFFFFFFFFFFFFFFFFCD
:1073D000FFFFFFFFFFFFFFFFFFFFFFFFFFFFFFFFBD
:1073E000FFFFFFFFFFFFFFFFFFFFFFFFFFFFFFFFAD
:1073F000FFFFFFFFFFFFFFFFFFFFFFFFFFFFFFFF9D
:10740000FFFFFFFFFFFFFFFFFFFFFFFFFFFFFFFF8C
:10741000FFFFFFFFFFFFFFFFFFFFFFFFFFFFFFFF7C
:10742000FFFFFFFFFFFFFFFFFFFFFFFFFFFFFFFF6C
:10743000FFFFFFFFFFFFFFFFFFFFFFFFFFFFFFFF5C
:10744000FFFFFFFFFFFFFFFFFFFFFFFFFFFFFFFF4C
:10745000FFFFFFFFFFFFFFFFFFFFFFFFFFFFFFFF3C
:10746000FFFFFFFFFFFFFFFFFFFFFFFFFFFFFFFF2C
:10747000FFFFFFFFFFFFFFFFFFFFFFFFFFFFFFFF1C
:10748000FFFFFFFFFFFFFFFFFFFFFFFFFFFFFFFF0C
:10749000FFFFFFFFFFFFFFFFFFFFFFFFFFFFFFFFFC
:1074A000FFFFFFFFFFFFFFFFFFFFFFFFFFFFFFFFEC
:1074B000FFFFFFFFFFFFFFFFFFFFFFFFFFFFFFFFDC
:1074C000FFFFFFFFFFFFFFFFFFFFFFFFFFFFFFFFCC
:1074D000FFFFFFFFFFFFFFFFFFFFFFFFFFFFFFFFBC
:1074E000FFFFFFFFFFFFFFFFFFFFFFFFFFFFFFFFAC
:1074F000FFFFFFFFFFFFFFFFFFFFFFFFFFFFFFFF9C
:10750000FFFFFFFFFFFFFFFFFFFFFFFFFFFFFFFF8B
:10751000FFFFFFFFFFFFFFFFFFFFFFFFFFFFFFFF7B
:10752000FFFFFFFFFFFFFFFFFFFFFFFFFFFFFFFF6B
:10753000FFFFFFFFFFFFFFFFFFFFFFFFFFFFFFFF5B
:10754000FFFFFFFFFFFFFFFFFFFFFFFFFFFFFFFF4B
:10755000FFFFFFFFFFFFFFFFFFFFFFFFFFFFFFFF3B
:10756000FFFFFFFFFFFFFFFFFFFFFFFFFFFFFFFF2B
:10757000FFFFFFFFFFFFFFFFFFFFFFFFFFFFFFFF1B
:10758000FFFFFFFFFFFFFFFFFFFFFFFFFFFFFFFF0B
:10759000FFFFFFFFFFFFFFFFFFFFFFFFFFFFFFFFFB
:1075A000FFFFFFFFFFFFFFFFFFFFFFFFFFFFFFFFEB
:1075B000FFFFFFFFFFFFFFFFFFFFFFFFFFFFFFFFDB
:1075C000FFFFFFFFFFFFFFFFFFFFFFFFFFFFFFFFCB
:1075D000FFFFFFFFFFFFFFFFFFFFFFFFFFFFFFFFBB
:1075E000FFFFFFFFFFFFFFFFFFFFFFFFFFFFFFFFAB
:1075F000FFFFFFFFFFFFFFFFFFFFFFFFFFFFFFFF9B
:10760000FFFFFFFFFFFFFFFFFFFFFFFFFFFFFFFF8A
:10761000FFFFFFFFFFFFFFFFFFFFFFFFFFFFFFFF7A
:10762000FFFFFFFFFFFFFFFFFFFFFFFFFFFFFFFF6A
:10763000FFFFFFFFFFFFFFFFFFFFFFFFFFFFFFFF5A
:10764000FFFFFFFFFFFFFFFFFFFFFFFFFFFFFFFF4A
:10765000FFFFFFFFFFFFFFFFFFFFFFFFFFFFFFFF3A
:10766000FFFFFFFFFFFFFFFFFFFFFFFFFFFFFFFF2A
:10767000FFFFFFFFFFFFFFFFFFFFFFFFFFFFFFFF1A
:10768000FFFFFFFFFFFFFFFFFFFFFFFFFFFFFFFF0A
:10769000FFFFFFFFFFFFFFFFFFFFFFFFFFFFFFFFFA
:1076A000FFFFFFFFFFFFFFFFFFFFFFFFFFFFFFFFEA
:1076B000FFFFFFFFFFFFFFFFFFFFFFFFFFFFFFFFDA
:1076C000FFFFFFFFFFFFFFFFFFFFFFFFFFFFFFFFCA
:1076D000FFFFFFFFFFFFFFFFFFFFFFFFFFFFFFFFBA
:1076E000FFFFFFFFFFFFFFFFFFFFFFFFFFFFFFFFAA
:1076F000FFFFFFFFFFFFFFFFFFFFFFFFFFFFFFFF9A
:10770000FFFFFFFFFFFFFFFFFFFFFFFFFFFFFFFF89
:10771000FFFFFFFFFFFFFFFFFFFFFFFFFFFFFFFF79
:10772000FFFFFFFFFFFFFFFFFFFFFFFFFFFFFFFF69
:10773000FFFFFFFFFFFFFFFFFFFFFFFFFFFFFFFF59
:10774000FFFFFFFFFFFFFFFFFFFFFFFFFFFFFFFF49
:10775000FFFFFFFFFFFFFFFFFFFFFFFFFFFFFFFF39
:10776000FFFFFFFFFFFFFFFFFFFFFFFFFFFFFFFF29
:10777000FFFFFFFFFFFFFFFFFFFFFFFFFFFFFFFF19
:10778000FFFFFFFFFFFFFFFFFFFFFFFFFFFFFFFF09
:10779000FFFFFFFFFFFFFFFFFFFFFFFFFFFFFFFFF9
:1077A000FFFFFFFFFFFFFFFFFFFFFFFFFFFFFFFFE9
:1077B000FFFFFFFFFFFFFFFFFFFFFFFFFFFFFFFFD9
:1077C000FFFFFFFFFFFFFFFFFFFFFFFFFFFFFFFFC9
:1077D000FFFFFFFFFFFFFFFFFFFFFFFFFFFFFFFFB9
:1077E000FFFFFFFFFFFFFFFFFFFFFFFFFFFFFFFFA9
:1077F000FFFFFFFFFFFFFFFFFFFFFFFFFFFFFFFF99
:10780000FFFFFFFFFFFFFFFFFFFFFFFFFFFFFFFF88
:10781000FFFFFFFFFFFFFFFFFFFFFFFFFFFFFFFF78
:10782000FFFFFFFFFFFFFFFFFFFFFFFFFFFFFFFF68
:10783000FFFFFFFFFFFFFFFFFFFFFFFFFFFFFFFF58
:10784000FFFFFFFFFFFFFFFFFFFFFFFFFFFFFFFF48
:10785000FFFFFFFFFFFFFFFFFFFFFFFFFFFFFFFF38
:10786000FFFFFFFFFFFFFFFFFFFFFFFFFFFFFFFF28
:10787000FFFFFFFFFFFFFFFFFFFFFFFFFFFFFFFF18
:10788000FFFFFFFFFFFFFFFFFFFFFFFFFFFFFFFF08
:10789000FFFFFFFFFFFFFFFFFFFFFFFFFFFFFFFFF8
:1078A000FFFFFFFFFFFFFFFFFFFFFFFFFFFFFFFFE8
:1078B000FFFFFFFFFFFFFFFFFFFFFFFFFFFFFFFFD8
:1078C000FFFFFFFFFFFFFFFFFFFFFFFFFFFFFFFFC8
:1078D000FFFFFFFFFFFFFFFFFFFFFFFFFFFFFFFFB8
:1078E000FFFFFFFFFFFFFFFFFFFFFFFFFFFFFFFFA8
:1078F000FFFFFFFFFFFFFFFFFFFFFFFFFFFFFFFF98
:10790000FFFFFFFFFFFFFFFFFFFFFFFFFFFFFFFF87
:10791000FFFFFFFFFFFFFFFFFFFFFFFFFFFFFFFF77
:10792000FFFFFFFFFFFFFFFFFFFFFFFFFFFFFFFF67
:10793000FFFFFFFFFFFFFFFFFFFFFFFFFFFFFFFF57
:10794000FFFFFFFFFFFFFFFFFFFFFFFFFFFFFFFF47
:10795000FFFFFFFFFFFFFFFFFFFFFFFFFFFFFFFF37
:10796000FFFFFFFFFFFFFFFFFFFFFFFFFFFFFFFF27
:10797000FFFFFFFFFFFFFFFFFFFFFFFFFFFFFFFF17
:10798000FFFFFFFFFFFFFFFFFFFFFFFFFFFFFFFF07
:10799000FFFFFFFFFFFFFFFFFFFFFFFFFFFFFFFFF7
:1079A000FFFFFFFFFFFFFFFFFFFFFFFFFFFFFFFFE7
:1079B000FFFFFFFFFFFFFFFFFFFFFFFFFFFFFFFFD7
:1079C000FFFFFFFFFFFFFFFFFFFFFFFFFFFFFFFFC7
:1079D000FFFFFFFFFFFFFFFFFFFFFFFFFFFFFFFFB7
:1079E000FFFFFFFFFFFFFFFFFFFFFFFFFFFFFFFFA7
:1079F000FFFFFFFFFFFFFFFFFFFFFFFFFFFFFFFF97
:107A0000FFFFFFFFFFFFFFFFFFFFFFFFFFFFFFFF86
:107A1000FFFFFFFFFFFFFFFFFFFFFFFFFFFFFFFF76
:107A2000FFFFFFFFFFFFFFFFFFFFFFFFFFFFFFFF66
:107A3000FFFFFFFFFFFFFFFFFFFFFFFFFFFFFFFF56
:107A4000FFFFFFFFFFFFFFFFFFFFFFFFFFFFFFFF46
:107A5000FFFFFFFFFFFFFFFFFFFFFFFFFFFFFFFF36
:107A6000FFFFFFFFFFFFFFFFFFFFFFFFFFFFFFFF26
:107A7000FFFFFFFFFFFFFFFFFFFFFFFFFFFFFFFF16
:107A8000FFFFFFFFFFFFFFFFFFFFFFFFFFFFFFFF06
:107A9000FFFFFFFFFFFFFFFFFFFFFFFFFFFFFFFFF6
:107AA000FFFFFFFFFFFFFFFFFFFFFFFFFFFFFFFFE6
:107AB000FFFFFFFFFFFFFFFFFFFFFFFFFFFFFFFFD6
:107AC000FFFFFFFFFFFFFFFFFFFFFFFFFFFFFFFFC6
:107AD000FFFFFFFFFFFFFFFFFFFFFFFFFFFFFFFFB6
:107AE000FFFFFFFFFFFFFFFFFFFFFFFFFFFFFFFFA6
:107AF000FFFFFFFFFFFFFFFFFFFFFFFFFFFFFFFF96
:107B0000FFFFFFFFFFFFFFFFFFFFFFFFFFFFFFFF85
:107B1000FFFFFFFFFFFFFFFFFFFFFFFFFFFFFFFF75
:107B2000FFFFFFFFFFFFFFFFFFFFFFFFFFFFFFFF65
:107B3000FFFFFFFFFFFFFFFFFFFFFFFFFFFFFFFF55
:107B4000FFFFFFFFFFFFFFFFFFFFFFFFFFFFFFFF45
:107B5000FFFFFFFFFFFFFFFFFFFFFFFFFFFFFFFF35
:107B6000FFFFFFFFFFFFFFFFFFFFFFFFFFFFFFFF25
:107B7000FFFFFFFFFFFFFFFFFFFFFFFFFFFFFFFF15
:107B8000FFFFFFFFFFFFFFFFFFFFFFFFFFFFFFFF05
:107B9000FFFFFFFFFFFFFFFFFFFFFFFFFFFFFFFFF5
:107BA000FFFFFFFFFFFFFFFFFFFFFFFFFFFFFFFFE5
:107BB000FFFFFFFFFFFFFFFFFFFFFFFFFFFFFFFFD5
:107BC000FFFFFFFFFFFFFFFFFFFFFFFFFFFFFFFFC5
:107BD000FFFFFFFFFFFFFFFFFFFFFFFFFFFFFFFFB5
:107BE000FFFFFFFFFFFFFFFFFFFFFFFFFFFFFFFFA5
:107BF000FFFFFFFFFFFFFFFFFFFFFFFFFFFFFFFF95
:107C0000FFFFFFFFFFFFFFFFFFFFFFFFFFFFFFFF84
:107C1000FFFFFFFFFFFFFFFFFFFFFFFFFFFFFFFF74
:107C2000FFFFFFFFFFFFFFFFFFFFFFFFFFFFFFFF64
:107C3000FFFFFFFFFFFFFFFFFFFFFFFFFFFFFFFF54
:107C4000FFFFFFFFFFFFFFFFFFFFFFFFFFFFFFFF44
:107C5000FFFFFFFFFFFFFFFFFFFFFFFFFFFFFFFF34
:107C6000FFFFFFFFFFFFFFFFFFFFFFFFFFFFFFFF24
:107C7000FFFFFFFFFFFFFFFFFFFFFFFFFFFFFFFF14
:107C8000FFFFFFFFFFFFFFFFFFFFFFFFFFFFFFFF04
:107C9000FFFFFFFFFFFFFFFFFFFFFFFFFFFFFFFFF4
:107CA000FFFFFFFFFFFFFFFFFFFFFFFFFFFFFFFFE4
:107CB000FFFFFFFFFFFFFFFFFFFFFFFFFFFFFFFFD4
:107CC000FFFFFFFFFFFFFFFFFFFFFFFFFFFFFFFFC4
:107CD000FFFFFFFFFFFFFFFFFFFFFFFFFFFFFFFFB4
:107CE000FFFFFFFFFFFFFFFFFFFFFFFFFFFFFFFFA4
:107CF000FFFFFFFFFFFFFFFFFFFFFFFFFFFFFFFF94
:107D0000FFFFFFFFFFFFFFFFFFFFFFFFFFFFFFFF83
:107D1000FFFFFFFFFFFFFFFFFFFFFFFFFFFFFFFF73
:107D2000FFFFFFFFFFFFFFFFFFFFFFFFFFFFFFFF63
:107D3000FFFFFFFFFFFFFFFFFFFFFFFFFFFFFFFF53
:107D4000FFFFFFFFFFFFFFFFFFFFFFFFFFFFFFFF43
:107D5000FFFFFFFFFFFFFFFFFFFFFFFFFFFFFFFF33
:107D6000FFFFFFFFFFFFFFFFFFFFFFFFFFFFFFFF23
:107D7000FFFFFFFFFFFFFFFFFFFFFFFFFFFFFFFF13
:107D8000FFFFFFFFFFFFFFFFFFFFFFFFFFFFFFFF03
:107D9000FFFFFFFFFFFFFFFFFFFFFFFFFFFFFFFFF3
:107DA000FFFFFFFFFFFFFFFFFFFFFFFFFFFFFFFFE3
:107DB000FFFFFFFFFFFFFFFFFFFFFFFFFFFFFFFFD3
:107DC000FFFFFFFFFFFFFFFFFFFFFFFFFFFFFFFFC3
:107DD000FFFFFFFFFFFFFFFFFFFFFFFFFFFFFFFFB3
:107DE000FFFFFFFFFFFFFFFFFFFFFFFFFFFFFFFFA3
:107DF000FFFFFFFFFFFFFFFFFFFFFFFFFFFFFFFF93
:107E0000FFFFFFFFFFFFFFFFFFFFFFFFFFFFFFFF82
:107E1000FFFFFFFFFFFFFFFFFFFFFFFFFFFFFFFF72
:107E2000FFFFFFFFFFFFFFFFFFFFFFFFFFFFFFFF62
:107E3000FFFFFFFFFFFFFFFFFFFFFFFFFFFFFFFF52
:107E4000FFFFFFFFFFFFFFFFFFFFFFFFFFFFFFFF42
:107E5000FFFFFFFFFFFFFFFFFFFFFFFFFFFFFFFF32
:107E6000FFFFFFFFFFFFFFFFFFFFFFFFFFFFFFFF22
:107E7000FFFFFFFFFFFFFFFFFFFFFFFFFFFFFFFF12
:107E8000FFFFFFFFFFFFFFFFFFFFFFFFFFFFFFFF02
:107E9000FFFFFFFFFFFFFFFFFFFFFFFFFFFFFFFFF2
:107EA000FFFFFFFFFFFFFFFFFFFFFFFFFFFFFFFFE2
:107EB000FFFFFFFFFFFFFFFFFFFFFFFFFFFFFFFFD2
:107EC000FFFFFFFFFFFFFFFFFFFFFFFFFFFFFFFFC2
:107ED000FFFFFFFFFFFFFFFFFFFFFFFFFFFFFFFFB2
:107EE000FFFFFFFFFFFFFFFFFFFFFFFFFFFFFFFFA2
:107EF000FFFFFFFFFFFFFFFFFFFFFFFFFFFFFFFF92
:107F0000FFFFFFFFFFFFFFFFFFFFFFFFFFFFFFFF81
:107F1000FFFFFFFFFFFFFFFFFFFFFFFFFFFFFFFF71
:107F2000FFFFFFFFFFFFFFFFFFFFFFFFFFFFFFFF61
:107F3000FFFFFFFFFFFFFFFFFFFFFFFFFFFFFFFF51
:107F4000FFFFFFFFFFFFFFFFFFFFFFFFFFFFFFFF41
:107F5000FFFFFFFFFFFFFFFFFFFFFFFFFFFFFFFF31
:107F6000FFFFFFFFFFFFFFFFFFFFFFFFFFFFFFFF21
:107F7000FFFFFFFFFFFFFFFFFFFFFFFFFFFFFFFF11
:107F8000FFFFFFFFFFFFFFFFFFFFFFFFFFFFFFFF01
:107F9000FFFFFFFFFFFFFFFFFFFFFFFFFFFFFFFFF1
:107FA000FFFFFFFFFFFFFFFFFFFFFFFFFFFFFFFFE1
:107FB000FFFFFFFFFFFFFFFFFFFFFFFFFFFFFFFFD1
:107FC000FFFFFFFFFFFFFFFFFFFFFFFFFFFFFFFFC1
:107FD000FFFFFFFFFFFFFFFFFFFFFFFFFFFFFFFFB1
:107FE000FFFFFFFFFFFFFFFFFFFFFFFFFFFFFFFFA1
:107FF000FFFFFFFFFFFFFFFFFFFFFFFFFFFFFFFF91
:10800000FFFFFFFFFFFFFFFFFFFFFFFFFFFFFFFF80
:10801000FFFFFFFFFFFFFFFFFFFFFFFFFFFFFFFF70
:10802000FFFFFFFFFFFFFFFFFFFFFFFFFFFFFFFF60
:10803000FFFFFFFFFFFFFFFFFFFFFFFFFFFFFFFF50
:10804000FFFFFFFFFFFFFFFFFFFFFFFFFFFFFFFF40
:10805000FFFFFFFFFFFFFFFFFFFFFFFFFFFFFFFF30
:10806000FFFFFFFFFFFFFFFFFFFFFFFFFFFFFFFF20
:10807000FFFFFFFFFFFFFFFFFFFFFFFFFFFFFFFF10
:10808000FFFFFFFFFFFFFFFFFFFFFFFFFFFFFFFF00
:10809000FFFFFFFFFFFFFFFFFFFFFFFFFFFFFFFFF0
:1080A000FFFFFFFFFFFFFFFFFFFFFFFFFFFFFFFFE0
:1080B000FFFFFFFFFFFFFFFFFFFFFFFFFFFFFFFFD0
:1080C000FFFFFFFFFFFFFFFFFFFFFFFFFFFFFFFFC0
:1080D000FFFFFFFFFFFFFFFFFFFFFFFFFFFFFFFFB0
:1080E000FFFFFFFFFFFFFFFFFFFFFFFFFFFFFFFFA0
:1080F000FFFFFFFFFFFFFFFFFFFFFFFFFFFFFFFF90
:10810000FFFFFFFFFFFFFFFFFFFFFFFFFFFFFFFF7F
:10811000FFFFFFFFFFFFFFFFFFFFFFFFFFFFFFFF6F
:10812000FFFFFFFFFFFFFFFFFFFFFFFFFFFFFFFF5F
:10813000FFFFFFFFFFFFFFFFFFFFFFFFFFFFFFFF4F
:10814000FFFFFFFFFFFFFFFFFFFFFFFFFFFFFFFF3F
:10815000FFFFFFFFFFFFFFFFFFFFFFFFFFFFFFFF2F
:10816000FFFFFFFFFFFFFFFFFFFFFFFFFFFFFFFF1F
:10817000FFFFFFFFFFFFFFFFFFFFFFFFFFFFFFFF0F
:10818000FFFFFFFFFFFFFFFFFFFFFFFFFFFFFFFFFF
:10819000FFFFFFFFFFFFFFFFFFFFFFFFFFFFFFFFEF
:1081A000FFFFFFFFFFFFFFFFFFFFFFFFFFFFFFFFDF
:1081B000FFFFFFFFFFFFFFFFFFFFFFFFFFFFFFFFCF
:1081C000FFFFFFFFFFFFFFFFFFFFFFFFFFFFFFFFBF
:1081D000FFFFFFFFFFFFFFFFFFFFFFFFFFFFFFFFAF
:1081E000FFFFFFFFFFFFFFFFFFFFFFFFFFFFFFFF9F
:1081F000FFFFFFFFFFFFFFFFFFFFFFFFFFFFFFFF8F
:10820000FFFFFFFFFFFFFFFFFFFFFFFFFFFFFFFF7E
:10821000FFFFFFFFFFFFFFFFFFFFFFFFFFFFFFFF6E
:10822000FFFFFFFFFFFFFFFFFFFFFFFFFFFFFFFF5E
:10823000FFFFFFFFFFFFFFFFFFFFFFFFFFFFFFFF4E
:10824000FFFFFFFFFFFFFFFFFFFFFFFFFFFFFFFF3E
:10825000FFFFFFFFFFFFFFFFFFFFFFFFFFFFFFFF2E
:10826000FFFFFFFFFFFFFFFFFFFFFFFFFFFFFFFF1E
:10827000FFFFFFFFFFFFFFFFFFFFFFFFFFFFFFFF0E
:10828000FFFFFFFFFFFFFFFFFFFFFFFFFFFFFFFFFE
:10829000FFFFFFFFFFFFFFFFFFFFFFFFFFFFFFFFEE
:1082A000FFFFFFFFFFFFFFFFFFFFFFFFFFFFFFFFDE
:1082B000FFFFFFFFFFFFFFFFFFFFFFFFFFFFFFFFCE
:1082C000FFFFFFFFFFFFFFFFFFFFFFFFFFFFFFFFBE
:1082D000FFFFFFFFFFFFFFFFFFFFFFFFFFFFFFFFAE
:1082E000FFFFFFFFFFFFFFFFFFFFFFFFFFFFFFFF9E
:1082F000FFFFFFFFFFFFFFFFFFFFFFFFFFFFFFFF8E
:10830000FFFFFFFFFFFFFFFFFFFFFFFFFFFFFFFF7D
:10831000FFFFFFFFFFFFFFFFFFFFFFFFFFFFFFFF6D
:10832000FFFFFFFFFFFFFFFFFFFFFFFFFFFFFFFF5D
:10833000FFFFFFFFFFFFFFFFFFFFFFFFFFFFFFFF4D
:10834000FFFFFFFFFFFFFFFFFFFFFFFFFFFFFFFF3D
:10835000FFFFFFFFFFFFFFFFFFFFFFFFFFFFFFFF2D
:10836000FFFFFFFFFFFFFFFFFFFFFFFFFFFFFFFF1D
:10837000FFFFFFFFFFFFFFFFFFFFFFFFFFFFFFFF0D
:10838000FFFFFFFFFFFFFFFFFFFFFFFFFFFFFFFFFD
:10839000FFFFFFFFFFFFFFFFFFFFFFFFFFFFFFFFED
:1083A000FFFFFFFFFFFFFFFFFFFFFFFFFFFFFFFFDD
:1083B000FFFFFFFFFFFFFFFFFFFFFFFFFFFFFFFFCD
:1083C000FFFFFFFFFFFFFFFFFFFFFFFFFFFFFFFFBD
:1083D000FFFFFFFFFFFFFFFFFFFFFFFFFFFFFFFFAD
:1083E000FFFFFFFFFFFFFFFFFFFFFFFFFFFFFFFF9D
:1083F000FFFFFFFFFFFFFFFFFFFFFFFFFFFFFFFF8D
:10840000FFFFFFFFFFFFFFFFFFFFFFFFFFFFFFFF7C
:10841000FFFFFFFFFFFFFFFFFFFFFFFFFFFFFFFF6C
:10842000FFFFFFFFFFFFFFFFFFFFFFFFFFFFFFFF5C
:10843000FFFFFFFFFFFFFFFFFFFFFFFFFFFFFFFF4C
:10844000FFFFFFFFFFFFFFFFFFFFFFFFFFFFFFFF3C
:10845000FFFFFFFFFFFFFFFFFFFFFFFFFFFFFFFF2C
:10846000FFFFFFFFFFFFFFFFFFFFFFFFFFFFFFFF1C
:10847000FFFFFFFFFFFFFFFFFFFFFFFFFFFFFFFF0C
:10848000FFFFFFFFFFFFFFFFFFFFFFFFFFFFFFFFFC
:10849000FFFFFFFFFFFFFFFFFFFFFFFFFFFFFFFFEC
:1084A000FFFFFFFFFFFFFFFFFFFFFFFFFFFFFFFFDC
:1084B000FFFFFFFFFFFFFFFFFFFFFFFFFFFFFFFFCC
:1084C000FFFFFFFFFFFFFFFFFFFFFFFFFFFFFFFFBC
:1084D000FFFFFFFFFFFFFFFFFFFFFFFFFFFFFFFFAC
:1084E000FFFFFFFFFFFFFFFFFFFFFFFFFFFFFFFF9C
:1084F000FFFFFFFFFFFFFFFFFFFFFFFFFFFFFFFF8C
:10850000FFFFFFFFFFFFFFFFFFFFFFFFFFFFFFFF7B
:10851000FFFFFFFFFFFFFFFFFFFFFFFFFFFFFFFF6B
:10852000FFFFFFFFFFFFFFFFFFFFFFFFFFFFFFFF5B
:10853000FFFFFFFFFFFFFFFFFFFFFFFFFFFFFFFF4B
:10854000FFFFFFFFFFFFFFFFFFFFFFFFFFFFFFFF3B
:10855000FFFFFFFFFFFFFFFFFFFFFFFFFFFFFFFF2B
:10856000FFFFFFFFFFFFFFFFFFFFFFFFFFFFFFFF1B
:10857000FFFFFFFFFFFFFFFFFFFFFFFFFFFFFFFF0B
:10858000FFFFFFFFFFFFFFFFFFFFFFFFFFFFFFFFFB
:10859000FFFFFFFFFFFFFFFFFFFFFFFFFFFFFFFFEB
:1085A000FFFFFFFFFFFFFFFFFFFFFFFFFFFFFFFFDB
:1085B000FFFFFFFFFFFFFFFFFFFFFFFFFFFFFFFFCB
:1085C000FFFFFFFFFFFFFFFFFFFFFFFFFFFFFFFFBB
:1085D000FFFFFFFFFFFFFFFFFFFFFFFFFFFFFFFFAB
:1085E000FFFFFFFFFFFFFFFFFFFFFFFFFFFFFFFF9B
:1085F000FFFFFFFFFFFFFFFFFFFFFFFFFFFFFFFF8B
:10860000FFFFFFFFFFFFFFFFFFFFFFFFFFFFFFFF7A
:10861000FFFFFFFFFFFFFFFFFFFFFFFFFFFFFFFF6A
:10862000FFFFFFFFFFFFFFFFFFFFFFFFFFFFFFFF5A
:10863000FFFFFFFFFFFFFFFFFFFFFFFFFFFFFFFF4A
:10864000FFFFFFFFFFFFFFFFFFFFFFFFFFFFFFFF3A
:10865000FFFFFFFFFFFFFFFFFFFFFFFFFFFFFFFF2A
:10866000FFFFFFFFFFFFFFFFFFFFFFFFFFFFFFFF1A
:10867000FFFFFFFFFFFFFFFFFFFFFFFFFFFFFFFF0A
:10868000FFFFFFFFFFFFFFFFFFFFFFFFFFFFFFFFFA
:10869000FFFFFFFFFFFFFFFFFFFFFFFFFFFFFFFFEA
:1086A000FFFFFFFFFFFFFFFFFFFFFFFFFFFFFFFFDA
:1086B000FFFFFFFFFFFFFFFFFFFFFFFFFFFFFFFFCA
:1086C000FFFFFFFFFFFFFFFFFFFFFFFFFFFFFFFFBA
:1086D000FFFFFFFFFFFFFFFFFFFFFFFFFFFFFFFFAA
:1086E000FFFFFFFFFFFFFFFFFFFFFFFFFFFFFFFF9A
:1086F000FFFFFFFFFFFFFFFFFFFFFFFFFFFFFFFF8A
:10870000FFFFFFFFFFFFFFFFFFFFFFFFFFFFFFFF79
:10871000FFFFFFFFFFFFFFFFFFFFFFFFFFFFFFFF69
:10872000FFFFFFFFFFFFFFFFFFFFFFFFFFFFFFFF59
:10873000FFFFFFFFFFFFFFFFFFFFFFFFFFFFFFFF49
:10874000FFFFFFFFFFFFFFFFFFFFFFFFFFFFFFFF39
:10875000FFFFFFFFFFFFFFFFFFFFFFFFFFFFFFFF29
:10876000FFFFFFFFFFFFFFFFFFFFFFFFFFFFFFFF19
:10877000FFFFFFFFFFFFFFFFFFFFFFFFFFFFFFFF09
:10878000FFFFFFFFFFFFFFFFFFFFFFFFFFFFFFFFF9
:10879000FFFFFFFFFFFFFFFFFFFFFFFFFFFFFFFFE9
:1087A000FFFFFFFFFFFFFFFFFFFFFFFFFFFFFFFFD9
:1087B000FFFFFFFFFFFFFFFFFFFFFFFFFFFFFFFFC9
:1087C000FFFFFFFFFFFFFFFFFFFFFFFFFFFFFFFFB9
:1087D000FFFFFFFFFFFFFFFFFFFFFFFFFFFFFFFFA9
:1087E000FFFFFFFFFFFFFFFFFFFFFFFFFFFFFFFF99
:1087F000FFFFFFFFFFFFFFFFFFFFFFFFFFFFFFFF89
:10880000FFFFFFFFFFFFFFFFFFFFFFFFFFFFFFFF78
:10881000FFFFFFFFFFFFFFFFFFFFFFFFFFFFFFFF68
:10882000FFFFFFFFFFFFFFFFFFFFFFFFFFFFFFFF58
:10883000FFFFFFFFFFFFFFFFFFFFFFFFFFFFFFFF48
:10884000FFFFFFFFFFFFFFFFFFFFFFFFFFFFFFFF38
:10885000FFFFFFFFFFFFFFFFFFFFFFFFFFFFFFFF28
:10886000FFFFFFFFFFFFFFFFFFFFFFFFFFFFFFFF18
:10887000FFFFFFFFFFFFFFFFFFFFFFFFFFFFFFFF08
:10888000FFFFFFFFFFFFFFFFFFFFFFFFFFFFFFFFF8
:10889000FFFFFFFFFFFFFFFFFFFFFFFFFFFFFFFFE8
:1088A000FFFFFFFFFFFFFFFFFFFFFFFFFFFFFFFFD8
:1088B000FFFFFFFFFFFFFFFFFFFFFFFFFFFFFFFFC8
:1088C000FFFFFFFFFFFFFFFFFFFFFFFFFFFFFFFFB8
:1088D000FFFFFFFFFFFFFFFFFFFFFFFFFFFFFFFFA8
:1088E000FFFFFFFFFFFFFFFFFFFFFFFFFFFFFFFF98
:1088F000FFFFFFFFFFFFFFFFFFFFFFFFFFFFFFFF88
:10890000FFFFFFFFFFFFFFFFFFFFFFFFFFFFFFFF77
:10891000FFFFFFFFFFFFFFFFFFFFFFFFFFFFFFFF67
:10892000FFFFFFFFFFFFFFFFFFFFFFFFFFFFFFFF57
:10893000FFFFFFFFFFFFFFFFFFFFFFFFFFFFFFFF47
:10894000FFFFFFFFFFFFFFFFFFFFFFFFFFFFFFFF37
:10895000FFFFFFFFFFFFFFFFFFFFFFFFFFFFFFFF27
:10896000FFFFFFFFFFFFFFFFFFFFFFFFFFFFFFFF17
:10897000FFFFFFFFFFFFFFFFFFFFFFFFFFFFFFFF07
:10898000FFFFFFFFFFFFFFFFFFFFFFFFFFFFFFFFF7
:10899000FFFFFFFFFFFFFFFFFFFFFFFFFFFFFFFFE7
:1089A000FFFFFFFFFFFFFFFFFFFFFFFFFFFFFFFFD7
:1089B000FFFFFFFFFFFFFFFFFFFFFFFFFFFFFFFFC7
:1089C000FFFFFFFFFFFFFFFFFFFFFFFFFFFFFFFFB7
:1089D000FFFFFFFFFFFFFFFFFFFFFFFFFFFFFFFFA7
:1089E000FFFFFFFFFFFFFFFFFFFFFFFFFFFFFFFF97
:1089F000FFFFFFFFFFFFFFFFFFFFFFFFFFFFFFFF87
:108A0000FFFFFFFFFFFFFFFFFFFFFFFFFFFFFFFF76
:108A1000FFFFFFFFFFFFFFFFFFFFFFFFFFFFFFFF66
:108A2000FFFFFFFFFFFFFFFFFFFFFFFFFFFFFFFF56
:108A3000FFFFFFFFFFFFFFFFFFFFFFFFFFFFFFFF46
:108A4000FFFFFFFFFFFFFFFFFFFFFFFFFFFFFFFF36
:108A5000FFFFFFFFFFFFFFFFFFFFFFFFFFFFFFFF26
:108A6000FFFFFFFFFFFFFFFFFFFFFFFFFFFFFFFF16
:108A7000FFFFFFFFFFFFFFFFFFFFFFFFFFFFFFFF06
:108A8000FFFFFFFFFFFFFFFFFFFFFFFFFFFFFFFFF6
:108A9000FFFFFFFFFFFFFFFFFFFFFFFFFFFFFFFFE6
:108AA000FFFFFFFFFFFFFFFFFFFFFFFFFFFFFFFFD6
:108AB000FFFFFFFFFFFFFFFFFFFFFFFFFFFFFFFFC6
:108AC000FFFFFFFFFFFFFFFFFFFFFFFFFFFFFFFFB6
:108AD000FFFFFFFFFFFFFFFFFFFFFFFFFFFFFFFFA6
:108AE000FFFFFFFFFFFFFFFFFFFFFFFFFFFFFFFF96
:108AF000FFFFFFFFFFFFFFFFFFFFFFFFFFFFFFFF86
:108B0000FFFFFFFFFFFFFFFFFFFFFFFFFFFFFFFF75
:108B1000FFFFFFFFFFFFFFFFFFFFFFFFFFFFFFFF65
:108B2000FFFFFFFFFFFFFFFFFFFFFFFFFFFFFFFF55
:108B3000FFFFFFFFFFFFFFFFFFFFFFFFFFFFFFFF45
:108B4000FFFFFFFFFFFFFFFFFFFFFFFFFFFFFFFF35
:108B5000FFFFFFFFFFFFFFFFFFFFFFFFFFFFFFFF25
:108B6000FFFFFFFFFFFFFFFFFFFFFFFFFFFFFFFF15
:108B7000FFFFFFFFFFFFFFFFFFFFFFFFFFFFFFFF05
:108B8000FFFFFFFFFFFFFFFFFFFFFFFFFFFFFFFFF5
:108B9000FFFFFFFFFFFFFFFFFFFFFFFFFFFFFFFFE5
:108BA000FFFFFFFFFFFFFFFFFFFFFFFFFFFFFFFFD5
:108BB000FFFFFFFFFFFFFFFFFFFFFFFFFFFFFFFFC5
:108BC000FFFFFFFFFFFFFFFFFFFFFFFFFFFFFFFFB5
:108BD000FFFFFFFFFFFFFFFFFFFFFFFFFFFFFFFFA5
:108BE000FFFFFFFFFFFFFFFFFFFFFFFFFFFFFFFF95
:108BF000FFFFFFFFFFFFFFFFFFFFFFFFFFFFFFFF85
:108C0000FFFFFFFFFFFFFFFFFFFFFFFFFFFFFFFF74
:108C1000FFFFFFFFFFFFFFFFFFFFFFFFFFFFFFFF64
:108C2000FFFFFFFFFFFFFFFFFFFFFFFFFFFFFFFF54
:108C3000FFFFFFFFFFFFFFFFFFFFFFFFFFFFFFFF44
:108C4000FFFFFFFFFFFFFFFFFFFFFFFFFFFFFFFF34
:108C5000FFFFFFFFFFFFFFFFFFFFFFFFFFFFFFFF24
:108C6000FFFFFFFFFFFFFFFFFFFFFFFFFFFFFFFF14
:108C7000FFFFFFFFFFFFFFFFFFFFFFFFFFFFFFFF04
:108C8000FFFFFFFFFFFFFFFFFFFFFFFFFFFFFFFFF4
:108C9000FFFFFFFFFFFFFFFFFFFFFFFFFFFFFFFFE4
:108CA000FFFFFFFFFFFFFFFFFFFFFFFFFFFFFFFFD4
:108CB000FFFFFFFFFFFFFFFFFFFFFFFFFFFFFFFFC4
:108CC000FFFFFFFFFFFFFFFFFFFFFFFFFFFFFFFFB4
:108CD000FFFFFFFFFFFFFFFFFFFFFFFFFFFFFFFFA4
:108CE000FFFFFFFFFFFFFFFFFFFFFFFFFFFFFFFF94
:108CF000FFFFFFFFFFFFFFFFFFFFFFFFFFFFFFFF84
:108D0000FFFFFFFFFFFFFFFFFFFFFFFFFFFFFFFF73
:108D1000FFFFFFFFFFFFFFFFFFFFFFFFFFFFFFFF63
:108D2000FFFFFFFFFFFFFFFFFFFFFFFFFFFFFFFF53
:108D3000FFFFFFFFFFFFFFFFFFFFFFFFFFFFFFFF43
:108D4000FFFFFFFFFFFFFFFFFFFFFFFFFFFFFFFF33
:108D5000FFFFFFFFFFFFFFFFFFFFFFFFFFFFFFFF23
:108D6000FFFFFFFFFFFFFFFFFFFFFFFFFFFFFFFF13
:108D7000FFFFFFFFFFFFFFFFFFFFFFFFFFFFFFFF03
:108D8000FFFFFFFFFFFFFFFFFFFFFFFFFFFFFFFFF3
:108D9000FFFFFFFFFFFFFFFFFFFFFFFFFFFFFFFFE3
:108DA000FFFFFFFFFFFFFFFFFFFFFFFFFFFFFFFFD3
:108DB000FFFFFFFFFFFFFFFFFFFFFFFFFFFFFFFFC3
:108DC000FFFFFFFFFFFFFFFFFFFFFFFFFFFFFFFFB3
:108DD000FFFFFFFFFFFFFFFFFFFFFFFFFFFFFFFFA3
:108DE000FFFFFFFFFFFFFFFFFFFFFFFFFFFFFFFF93
:108DF000FFFFFFFFFFFFFFFFFFFFFFFFFFFFFFFF83
:108E0000FFFFFFFFFFFFFFFFFFFFFFFFFFFFFFFF72
:108E1000FFFFFFFFFFFFFFFFFFFFFFFFFFFFFFFF62
:108E2000FFFFFFFFFFFFFFFFFFFFFFFFFFFFFFFF52
:108E3000FFFFFFFFFFFFFFFFFFFFFFFFFFFFFFFF42
:108E4000FFFFFFFFFFFFFFFFFFFFFFFFFFFFFFFF32
:108E5000FFFFFFFFFFFFFFFFFFFFFFFFFFFFFFFF22
:108E6000FFFFFFFFFFFFFFFFFFFFFFFFFFFFFFFF12
:108E7000FFFFFFFFFFFFFFFFFFFFFFFFFFFFFFFF02
:108E8000FFFFFFFFFFFFFFFFFFFFFFFFFFFFFFFFF2
:108E9000FFFFFFFFFFFFFFFFFFFFFFFFFFFFFFFFE2
:108EA000FFFFFFFFFFFFFFFFFFFFFFFFFFFFFFFFD2
:108EB000FFFFFFFFFFFFFFFFFFFFFFFFFFFFFFFFC2
:108EC000FFFFFFFFFFFFFFFFFFFFFFFFFFFFFFFFB2
:108ED000FFFFFFFFFFFFFFFFFFFFFFFFFFFFFFFFA2
:108EE000FFFFFFFFFFFFFFFFFFFFFFFFFFFFFFFF92
:108EF000FFFFFFFFFFFFFFFFFFFFFFFFFFFFFFFF82
:108F0000FFFFFFFFFFFFFFFFFFFFFFFFFFFFFFFF71
:108F1000FFFFFFFFFFFFFFFFFFFFFFFFFFFFFFFF61
:108F2000FFFFFFFFFFFFFFFFFFFFFFFFFFFFFFFF51
:108F3000FFFFFFFFFFFFFFFFFFFFFFFFFFFFFFFF41
:108F4000FFFFFFFFFFFFFFFFFFFFFFFFFFFFFFFF31
:108F5000FFFFFFFFFFFFFFFFFFFFFFFFFFFFFFFF21
:108F6000FFFFFFFFFFFFFFFFFFFFFFFFFFFFFFFF11
:108F7000FFFFFFFFFFFFFFFFFFFFFFFFFFFFFFFF01
:108F8000FFFFFFFFFFFFFFFFFFFFFFFFFFFFFFFFF1
:108F9000FFFFFFFFFFFFFFFFFFFFFFFFFFFFFFFFE1
:108FA000FFFFFFFFFFFFFFFFFFFFFFFFFFFFFFFFD1
:108FB000FFFFFFFFFFFFFFFFFFFFFFFFFFFFFFFFC1
:108FC000FFFFFFFFFFFFFFFFFFFFFFFFFFFFFFFFB1
:108FD000FFFFFFFFFFFFFFFFFFFFFFFFFFFFFFFFA1
:108FE000FFFFFFFFFFFFFFFFFFFFFFFFFFFFFFFF91
:108FF000FFFFFFFFFFFFFFFFFFFFFFFFFFFFFFFF81
:10900000FFFFFFFFFFFFFFFFFFFFFFFFFFFFFFFF70
:10901000FFFFFFFFFFFFFFFFFFFFFFFFFFFFFFFF60
:10902000FFFFFFFFFFFFFFFFFFFFFFFFFFFFFFFF50
:10903000FFFFFFFFFFFFFFFFFFFFFFFFFFFFFFFF40
:10904000FFFFFFFFFFFFFFFFFFFFFFFFFFFFFFFF30
:10905000FFFFFFFFFFFFFFFFFFFFFFFFFFFFFFFF20
:10906000FFFFFFFFFFFFFFFFFFFFFFFFFFFFFFFF10
:10907000FFFFFFFFFFFFFFFFFFFFFFFFFFFFFFFF00
:10908000FFFFFFFFFFFFFFFFFFFFFFFFFFFFFFFFF0
:10909000FFFFFFFFFFFFFFFFFFFFFFFFFFFFFFFFE0
:1090A000FFFFFFFFFFFFFFFFFFFFFFFFFFFFFFFFD0
:1090B000FFFFFFFFFFFFFFFFFFFFFFFFFFFFFFFFC0
:1090C000FFFFFFFFFFFFFFFFFFFFFFFFFFFFFFFFB0
:1090D000FFFFFFFFFFFFFFFFFFFFFFFFFFFFFFFFA0
:1090E000FFFFFFFFFFFFFFFFFFFFFFFFFFFFFFFF90
:1090F000FFFFFFFFFFFFFFFFFFFFFFFFFFFFFFFF80
:10910000FFFFFFFFFFFFFFFFFFFFFFFFFFFFFFFF6F
:10911000FFFFFFFFFFFFFFFFFFFFFFFFFFFFFFFF5F
:10912000FFFFFFFFFFFFFFFFFFFFFFFFFFFFFFFF4F
:10913000FFFFFFFFFFFFFFFFFFFFFFFFFFFFFFFF3F
:10914000FFFFFFFFFFFFFFFFFFFFFFFFFFFFFFFF2F
:10915000FFFFFFFFFFFFFFFFFFFFFFFFFFFFFFFF1F
:10916000FFFFFFFFFFFFFFFFFFFFFFFFFFFFFFFF0F
:10917000FFFFFFFFFFFFFFFFFFFFFFFFFFFFFFFFFF
:10918000FFFFFFFFFFFFFFFFFFFFFFFFFFFFFFFFEF
:10919000FFFFFFFFFFFFFFFFFFFFFFFFFFFFFFFFDF
:1091A000FFFFFFFFFFFFFFFFFFFFFFFFFFFFFFFFCF
:1091B000FFFFFFFFFFFFFFFFFFFFFFFFFFFFFFFFBF
:1091C000FFFFFFFFFFFFFFFFFFFFFFFFFFFFFFFFAF
:1091D000FFFFFFFFFFFFFFFFFFFFFFFFFFFFFFFF9F
:1091E000FFFFFFFFFFFFFFFFFFFFFFFFFFFFFFFF8F
:1091F000FFFFFFFFFFFFFFFFFFFFFFFFFFFFFFFF7F
:10920000FFFFFFFFFFFFFFFFFFFFFFFFFFFFFFFF6E
:10921000FFFFFFFFFFFFFFFFFFFFFFFFFFFFFFFF5E
:10922000FFFFFFFFFFFFFFFFFFFFFFFFFFFFFFFF4E
:10923000FFFFFFFFFFFFFFFFFFFFFFFFFFFFFFFF3E
:10924000FFFFFFFFFFFFFFFFFFFFFFFFFFFFFFFF2E
:10925000FFFFFFFFFFFFFFFFFFFFFFFFFFFFFFFF1E
:10926000FFFFFFFFFFFFFFFFFFFFFFFFFFFFFFFF0E
:10927000FFFFFFFFFFFFFFFFFFFFFFFFFFFFFFFFFE
:10928000FFFFFFFFFFFFFFFFFFFFFFFFFFFFFFFFEE
:10929000FFFFFFFFFFFFFFFFFFFFFFFFFFFFFFFFDE
:1092A000FFFFFFFFFFFFFFFFFFFFFFFFFFFFFFFFCE
:1092B000FFFFFFFFFFFFFFFFFFFFFFFFFFFFFFFFBE
:1092C000FFFFFFFFFFFFFFFFFFFFFFFFFFFFFFFFAE
:1092D000FFFFFFFFFFFFFFFFFFFFFFFFFFFFFFFF9E
:1092E000FFFFFFFFFFFFFFFFFFFFFFFFFFFFFFFF8E
:1092F000FFFFFFFFFFFFFFFFFFFFFFFFFFFFFFFF7E
:10930000FFFFFFFFFFFFFFFFFFFFFFFFFFFFFFFF6D
:10931000FFFFFFFFFFFFFFFFFFFFFFFFFFFFFFFF5D
:10932000FFFFFFFFFFFFFFFFFFFFFFFFFFFFFFFF4D
:10933000FFFFFFFFFFFFFFFFFFFFFFFFFFFFFFFF3D
:10934000FFFFFFFFFFFFFFFFFFFFFFFFFFFFFFFF2D
:10935000FFFFFFFFFFFFFFFFFFFFFFFFFFFFFFFF1D
:10936000FFFFFFFFFFFFFFFFFFFFFFFFFFFFFFFF0D
:10937000FFFFFFFFFFFFFFFFFFFFFFFFFFFFFFFFFD
:10938000FFFFFFFFFFFFFFFFFFFFFFFFFFFFFFFFED
:10939000FFFFFFFFFFFFFFFFFFFFFFFFFFFFFFFFDD
:1093A000FFFFFFFFFFFFFFFFFFFFFFFFFFFFFFFFCD
:1093B000FFFFFFFFFFFFFFFFFFFFFFFFFFFFFFFFBD
:1093C000FFFFFFFFFFFFFFFFFFFFFFFFFFFFFFFFAD
:1093D000FFFFFFFFFFFFFFFFFFFFFFFFFFFFFFFF9D
:1093E000FFFFFFFFFFFFFFFFFFFFFFFFFFFFFFFF8D
:1093F000FFFFFFFFFFFFFFFFFFFFFFFFFFFFFFFF7D
:10940000FFFFFFFFFFFFFFFFFFFFFFFFFFFFFFFF6C
:10941000FFFFFFFFFFFFFFFFFFFFFFFFFFFFFFFF5C
:10942000FFFFFFFFFFFFFFFFFFFFFFFFFFFFFFFF4C
:10943000FFFFFFFFFFFFFFFFFFFFFFFFFFFFFFFF3C
:10944000FFFFFFFFFFFFFFFFFFFFFFFFFFFFFFFF2C
:10945000FFFFFFFFFFFFFFFFFFFFFFFFFFFFFFFF1C
:10946000FFFFFFFFFFFFFFFFFFFFFFFFFFFFFFFF0C
:10947000FFFFFFFFFFFFFFFFFFFFFFFFFFFFFFFFFC
:10948000FFFFFFFFFFFFFFFFFFFFFFFFFFFFFFFFEC
:10949000FFFFFFFFFFFFFFFFFFFFFFFFFFFFFFFFDC
:1094A000FFFFFFFFFFFFFFFFFFFFFFFFFFFFFFFFCC
:1094B000FFFFFFFFFFFFFFFFFFFFFFFFFFFFFFFFBC
:1094C000FFFFFFFFFFFFFFFFFFFFFFFFFFFFFFFFAC
:1094D000FFFFFFFFFFFFFFFFFFFFFFFFFFFFFFFF9C
:1094E000FFFFFFFFFFFFFFFFFFFFFFFFFFFFFFFF8C
:1094F000FFFFFFFFFFFFFFFFFFFFFFFFFFFFFFFF7C
:10950000FFFFFFFFFFFFFFFFFFFFFFFFFFFFFFFF6B
:10951000FFFFFFFFFFFFFFFFFFFFFFFFFFFFFFFF5B
:10952000FFFFFFFFFFFFFFFFFFFFFFFFFFFFFFFF4B
:10953000FFFFFFFFFFFFFFFFFFFFFFFFFFFFFFFF3B
:10954000FFFFFFFFFFFFFFFFFFFFFFFFFFFFFFFF2B
:10955000FFFFFFFFFFFFFFFFFFFFFFFFFFFFFFFF1B
:10956000FFFFFFFFFFFFFFFFFFFFFFFFFFFFFFFF0B
:10957000FFFFFFFFFFFFFFFFFFFFFFFFFFFFFFFFFB
:10958000FFFFFFFFFFFFFFFFFFFFFFFFFFFFFFFFEB
:10959000FFFFFFFFFFFFFFFFFFFFFFFFFFFFFFFFDB
:1095A000FFFFFFFFFFFFFFFFFFFFFFFFFFFFFFFFCB
:1095B000FFFFFFFFFFFFFFFFFFFFFFFFFFFFFFFFBB
:1095C000FFFFFFFFFFFFFFFFFFFFFFFFFFFFFFFFAB
:1095D000FFFFFFFFFFFFFFFFFFFFFFFFFFFFFFFF9B
:1095E000FFFFFFFFFFFFFFFFFFFFFFFFFFFFFFFF8B
:1095F000FFFFFFFFFFFFFFFFFFFFFFFFFFFFFFFF7B
:10960000FFFFFFFFFFFFFFFFFFFFFFFFFFFFFFFF6A
:10961000FFFFFFFFFFFFFFFFFFFFFFFFFFFFFFFF5A
:10962000FFFFFFFFFFFFFFFFFFFFFFFFFFFFFFFF4A
:10963000FFFFFFFFFFFFFFFFFFFFFFFFFFFFFFFF3A
:10964000FFFFFFFFFFFFFFFFFFFFFFFFFFFFFFFF2A
:10965000FFFFFFFFFFFFFFFFFFFFFFFFFFFFFFFF1A
:10966000FFFFFFFFFFFFFFFFFFFFFFFFFFFFFFFF0A
:10967000FFFFFFFFFFFFFFFFFFFFFFFFFFFFFFFFFA
:10968000FFFFFFFFFFFFFFFFFFFFFFFFFFFFFFFFEA
:10969000FFFFFFFFFFFFFFFFFFFFFFFFFFFFFFFFDA
:1096A000FFFFFFFFFFFFFFFFFFFFFFFFFFFFFFFFCA
:1096B000FFFFFFFFFFFFFFFFFFFFFFFFFFFFFFFFBA
:1096C000FFFFFFFFFFFFFFFFFFFFFFFFFFFFFFFFAA
:1096D000FFFFFFFFFFFFFFFFFFFFFFFFFFFFFFFF9A
:1096E000FFFFFFFFFFFFFFFFFFFFFFFFFFFFFFFF8A
:1096F000FFFFFFFFFFFFFFFFFFFFFFFFFFFFFFFF7A
:10970000FFFFFFFFFFFFFFFFFFFFFFFFFFFFFFFF69
:10971000FFFFFFFFFFFFFFFFFFFFFFFFFFFFFFFF59
:10972000FFFFFFFFFFFFFFFFFFFFFFFFFFFFFFFF49
:10973000FFFFFFFFFFFFFFFFFFFFFFFFFFFFFFFF39
:10974000FFFFFFFFFFFFFFFFFFFFFFFFFFFFFFFF29
:10975000FFFFFFFFFFFFFFFFFFFFFFFFFFFFFFFF19
:10976000FFFFFFFFFFFFFFFFFFFFFFFFFFFFFFFF09
:10977000FFFFFFFFFFFFFFFFFFFFFFFFFFFFFFFFF9
:10978000FFFFFFFFFFFFFFFFFFFFFFFFFFFFFFFFE9
:10979000FFFFFFFFFFFFFFFFFFFFFFFFFFFFFFFFD9
:1097A000FFFFFFFFFFFFFFFFFFFFFFFFFFFFFFFFC9
:1097B000FFFFFFFFFFFFFFFFFFFFFFFFFFFFFFFFB9
:1097C000FFFFFFFFFFFFFFFFFFFFFFFFFFFFFFFFA9
:1097D000FFFFFFFFFFFFFFFFFFFFFFFFFFFFFFFF99
:1097E000FFFFFFFFFFFFFFFFFFFFFFFFFFFFFFFF89
:1097F000FFFFFFFFFFFFFFFFFFFFFFFFFFFFFFFF79
:10980000FFFFFFFFFFFFFFFFFFFFFFFFFFFFFFFF68
:10981000FFFFFFFFFFFFFFFFFFFFFFFFFFFFFFFF58
:10982000FFFFFFFFFFFFFFFFFFFFFFFFFFFFFFFF48
:10983000FFFFFFFFFFFFFFFFFFFFFFFFFFFFFFFF38
:10984000FFFFFFFFFFFFFFFFFFFFFFFFFFFFFFFF28
:10985000FFFFFFFFFFFFFFFFFFFFFFFFFFFFFFFF18
:10986000FFFFFFFFFFFFFFFFFFFFFFFFFFFFFFFF08
:10987000FFFFFFFFFFFFFFFFFFFFFFFFFFFFFFFFF8
:10988000FFFFFFFFFFFFFFFFFFFFFFFFFFFFFFFFE8
:10989000FFFFFFFFFFFFFFFFFFFFFFFFFFFFFFFFD8
:1098A000FFFFFFFFFFFFFFFFFFFFFFFFFFFFFFFFC8
:1098B000FFFFFFFFFFFFFFFFFFFFFFFFFFFFFFFFB8
:1098C000FFFFFFFFFFFFFFFFFFFFFFFFFFFFFFFFA8
:1098D000FFFFFFFFFFFFFFFFFFFFFFFFFFFFFFFF98
:1098E000FFFFFFFFFFFFFFFFFFFFFFFFFFFFFFFF88
:1098F000FFFFFFFFFFFFFFFFFFFFFFFFFFFFFFFF78
:10990000FFFFFFFFFFFFFFFFFFFFFFFFFFFFFFFF67
:10991000FFFFFFFFFFFFFFFFFFFFFFFFFFFFFFFF57
:10992000FFFFFFFFFFFFFFFFFFFFFFFFFFFFFFFF47
:10993000FFFFFFFFFFFFFFFFFFFFFFFFFFFFFFFF37
:10994000FFFFFFFFFFFFFFFFFFFFFFFFFFFFFFFF27
:10995000FFFFFFFFFFFFFFFFFFFFFFFFFFFFFFFF17
:10996000FFFFFFFFFFFFFFFFFFFFFFFFFFFFFFFF07
:10997000FFFFFFFFFFFFFFFFFFFFFFFFFFFFFFFFF7
:10998000FFFFFFFFFFFFFFFFFFFFFFFFFFFFFFFFE7
:10999000FFFFFFFFFFFFFFFFFFFFFFFFFFFFFFFFD7
:1099A000FFFFFFFFFFFFFFFFFFFFFFFFFFFFFFFFC7
:1099B000FFFFFFFFFFFFFFFFFFFFFFFFFFFFFFFFB7
:1099C000FFFFFFFFFFFFFFFFFFFFFFFFFFFFFFFFA7
:1099D000FFFFFFFFFFFFFFFFFFFFFFFFFFFFFFFF97
:1099E000FFFFFFFFFFFFFFFFFFFFFFFFFFFFFFFF87
:1099F000FFFFFFFFFFFFFFFFFFFFFFFFFFFFFFFF77
:109A0000FFFFFFFFFFFFFFFFFFFFFFFFFFFFFFFF66
:109A1000FFFFFFFFFFFFFFFFFFFFFFFFFFFFFFFF56
:109A2000FFFFFFFFFFFFFFFFFFFFFFFFFFFFFFFF46
:109A3000FFFFFFFFFFFFFFFFFFFFFFFFFFFFFFFF36
:109A4000FFFFFFFFFFFFFFFFFFFFFFFFFFFFFFFF26
:109A5000FFFFFFFFFFFFFFFFFFFFFFFFFFFFFFFF16
:109A6000FFFFFFFFFFFFFFFFFFFFFFFFFFFFFFFF06
:109A7000FFFFFFFFFFFFFFFFFFFFFFFFFFFFFFFFF6
:109A8000FFFFFFFFFFFFFFFFFFFFFFFFFFFFFFFFE6
:109A9000FFFFFFFFFFFFFFFFFFFFFFFFFFFFFFFFD6
:109AA000FFFFFFFFFFFFFFFFFFFFFFFFFFFFFFFFC6
:109AB000FFFFFFFFFFFFFFFFFFFFFFFFFFFFFFFFB6
:109AC000FFFFFFFFFFFFFFFFFFFFFFFFFFFFFFFFA6
:109AD000FFFFFFFFFFFFFFFFFFFFFFFFFFFFFFFF96
:109AE000FFFFFFFFFFFFFFFFFFFFFFFFFFFFFFFF86
:109AF000FFFFFFFFFFFFFFFFFFFFFFFFFFFFFFFF76
:109B0000FFFFFFFFFFFFFFFFFFFFFFFFFFFFFFFF65
:109B1000FFFFFFFFFFFFFFFFFFFFFFFFFFFFFFFF55
:109B2000FFFFFFFFFFFFFFFFFFFFFFFFFFFFFFFF45
:109B3000FFFFFFFFFFFFFFFFFFFFFFFFFFFFFFFF35
:109B4000FFFFFFFFFFFFFFFFFFFFFFFFFFFFFFFF25
:109B5000FFFFFFFFFFFFFFFFFFFFFFFFFFFFFFFF15
:109B6000FFFFFFFFFFFFFFFFFFFFFFFFFFFFFFFF05
:109B7000FFFFFFFFFFFFFFFFFFFFFFFFFFFFFFFFF5
:109B8000FFFFFFFFFFFFFFFFFFFFFFFFFFFFFFFFE5
:109B9000FFFFFFFFFFFFFFFFFFFFFFFFFFFFFFFFD5
:109BA000FFFFFFFFFFFFFFFFFFFFFFFFFFFFFFFFC5
:109BB000FFFFFFFFFFFFFFFFFFFFFFFFFFFFFFFFB5
:109BC000FFFFFFFFFFFFFFFFFFFFFFFFFFFFFFFFA5
:109BD000FFFFFFFFFFFFFFFFFFFFFFFFFFFFFFFF95
:109BE000FFFFFFFFFFFFFFFFFFFFFFFFFFFFFFFF85
:109BF000FFFFFFFFFFFFFFFFFFFFFFFFFFFFFFFF75
:109C0000FFFFFFFFFFFFFFFFFFFFFFFFFFFFFFFF64
:109C1000FFFFFFFFFFFFFFFFFFFFFFFFFFFFFFFF54
:109C2000FFFFFFFFFFFFFFFFFFFFFFFFFFFFFFFF44
:109C3000FFFFFFFFFFFFFFFFFFFFFFFFFFFFFFFF34
:109C4000FFFFFFFFFFFFFFFFFFFFFFFFFFFFFFFF24
:109C5000FFFFFFFFFFFFFFFFFFFFFFFFFFFFFFFF14
:109C6000FFFFFFFFFFFFFFFFFFFFFFFFFFFFFFFF04
:109C7000FFFFFFFFFFFFFFFFFFFFFFFFFFFFFFFFF4
:109C8000FFFFFFFFFFFFFFFFFFFFFFFFFFFFFFFFE4
:109C9000FFFFFFFFFFFFFFFFFFFFFFFFFFFFFFFFD4
:109CA000FFFFFFFFFFFFFFFFFFFFFFFFFFFFFFFFC4
:109CB000FFFFFFFFFFFFFFFFFFFFFFFFFFFFFFFFB4
:109CC000FFFFFFFFFFFFFFFFFFFFFFFFFFFFFFFFA4
:109CD000FFFFFFFFFFFFFFFFFFFFFFFFFFFFFFFF94
:109CE000FFFFFFFFFFFFFFFFFFFFFFFFFFFFFFFF84
:109CF000FFFFFFFFFFFFFFFFFFFFFFFFFFFFFFFF74
:109D0000FFFFFFFFFFFFFFFFFFFFFFFFFFFFFFFF63
:109D1000FFFFFFFFFFFFFFFFFFFFFFFFFFFFFFFF53
:109D2000FFFFFFFFFFFFFFFFFFFFFFFFFFFFFFFF43
:109D3000FFFFFFFFFFFFFFFFFFFFFFFFFFFFFFFF33
:109D4000FFFFFFFFFFFFFFFFFFFFFFFFFFFFFFFF23
:109D5000FFFFFFFFFFFFFFFFFFFFFFFFFFFFFFFF13
:109D6000FFFFFFFFFFFFFFFFFFFFFFFFFFFFFFFF03
:109D7000FFFFFFFFFFFFFFFFFFFFFFFFFFFFFFFFF3
:109D8000FFFFFFFFFFFFFFFFFFFFFFFFFFFFFFFFE3
:109D9000FFFFFFFFFFFFFFFFFFFFFFFFFFFFFFFFD3
:109DA000FFFFFFFFFFFFFFFFFFFFFFFFFFFFFFFFC3
:109DB000FFFFFFFFFFFFFFFFFFFFFFFFFFFFFFFFB3
:109DC000FFFFFFFFFFFFFFFFFFFFFFFFFFFFFFFFA3
:109DD000FFFFFFFFFFFFFFFFFFFFFFFFFFFFFFFF93
:109DE000FFFFFFFFFFFFFFFFFFFFFFFFFFFFFFFF83
:109DF000FFFFFFFFFFFFFFFFFFFFFFFFFFFFFFFF73
:109E0000FFFFFFFFFFFFFFFFFFFFFFFFFFFFFFFF62
:109E1000FFFFFFFFFFFFFFFFFFFFFFFFFFFFFFFF52
:109E2000FFFFFFFFFFFFFFFFFFFFFFFFFFFFFFFF42
:109E3000FFFFFFFFFFFFFFFFFFFFFFFFFFFFFFFF32
:109E4000FFFFFFFFFFFFFFFFFFFFFFFFFFFFFFFF22
:109E5000FFFFFFFFFFFFFFFFFFFFFFFFFFFFFFFF12
:109E6000FFFFFFFFFFFFFFFFFFFFFFFFFFFFFFFF02
:109E7000FFFFFFFFFFFFFFFFFFFFFFFFFFFFFFFFF2
:109E8000FFFFFFFFFFFFFFFFFFFFFFFFFFFFFFFFE2
:109E9000FFFFFFFFFFFFFFFFFFFFFFFFFFFFFFFFD2
:109EA000FFFFFFFFFFFFFFFFFFFFFFFFFFFFFFFFC2
:109EB000FFFFFFFFFFFFFFFFFFFFFFFFFFFFFFFFB2
:109EC000FFFFFFFFFFFFFFFFFFFFFFFFFFFFFFFFA2
:109ED000FFFFFFFFFFFFFFFFFFFFFFFFFFFFFFFF92
:109EE000FFFFFFFFFFFFFFFFFFFFFFFFFFFFFFFF82
:109EF000FFFFFFFFFFFFFFFFFFFFFFFFFFFFFFFF72
:109F0000FFFFFFFFFFFFFFFFFFFFFFFFFFFFFFFF61
:109F1000FFFFFFFFFFFFFFFFFFFFFFFFFFFFFFFF51
:109F2000FFFFFFFFFFFFFFFFFFFFFFFFFFFFFFFF41
:109F3000FFFFFFFFFFFFFFFFFFFFFFFFFFFFFFFF31
:109F4000FFFFFFFFFFFFFFFFFFFFFFFFFFFFFFFF21
:109F5000FFFFFFFFFFFFFFFFFFFFFFFFFFFFFFFF11
:109F6000FFFFFFFFFFFFFFFFFFFFFFFFFFFFFFFF01
:109F7000FFFFFFFFFFFFFFFFFFFFFFFFFFFFFFFFF1
:109F8000FFFFFFFFFFFFFFFFFFFFFFFFFFFFFFFFE1
:109F9000FFFFFFFFFFFFFFFFFFFFFFFFFFFFFFFFD1
:109FA000FFFFFFFFFFFFFFFFFFFFFFFFFFFFFFFFC1
:109FB000FFFFFFFFFFFFFFFFFFFFFFFFFFFFFFFFB1
:109FC000FFFFFFFFFFFFFFFFFFFFFFFFFFFFFFFFA1
:109FD000FFFFFFFFFFFFFFFFFFFFFFFFFFFFFFFF91
:109FE000FFFFFFFFFFFFFFFFFFFFFFFFFFFFFFFF81
:109FF000FFFFFFFFFFFFFFFFFFFFFFFFFFFFFFFF71
:10A00000FFFFFFFFFFFFFFFFFFFFFFFFFFFFFFFF60
:10A01000FFFFFFFFFFFFFFFFFFFFFFFFFFFFFFFF50
:10A02000FFFFFFFFFFFFFFFFFFFFFFFFFFFFFFFF40
:10A03000FFFFFFFFFFFFFFFFFFFFFFFFFFFFFFFF30
:10A04000FFFFFFFFFFFFFFFFFFFFFFFFFFFFFFFF20
:10A05000FFFFFFFFFFFFFFFFFFFFFFFFFFFFFFFF10
:10A06000FFFFFFFFFFFFFFFFFFFFFFFFFFFFFFFF00
:10A07000FFFFFFFFFFFFFFFFFFFFFFFFFFFFFFFFF0
:10A08000FFFFFFFFFFFFFFFFFFFFFFFFFFFFFFFFE0
:10A09000FFFFFFFFFFFFFFFFFFFFFFFFFFFFFFFFD0
:10A0A000FFFFFFFFFFFFFFFFFFFFFFFFFFFFFFFFC0
:10A0B000FFFFFFFFFFFFFFFFFFFFFFFFFFFFFFFFB0
:10A0C000FFFFFFFFFFFFFFFFFFFFFFFFFFFFFFFFA0
:10A0D000FFFFFFFFFFFFFFFFFFFFFFFFFFFFFFFF90
:10A0E000FFFFFFFFFFFFFFFFFFFFFFFFFFFFFFFF80
:10A0F000FFFFFFFFFFFFFFFFFFFFFFFFFFFFFFFF70
:10A10000FFFFFFFFFFFFFFFFFFFFFFFFFFFFFFFF5F
:10A11000FFFFFFFFFFFFFFFFFFFFFFFFFFFFFFFF4F
:10A12000FFFFFFFFFFFFFFFFFFFFFFFFFFFFFFFF3F
:10A13000FFFFFFFFFFFFFFFFFFFFFFFFFFFFFFFF2F
:10A14000FFFFFFFFFFFFFFFFFFFFFFFFFFFFFFFF1F
:10A15000FFFFFFFFFFFFFFFFFFFFFFFFFFFFFFFF0F
:10A16000FFFFFFFFFFFFFFFFFFFFFFFFFFFFFFFFFF
:10A17000FFFFFFFFFFFFFFFFFFFFFFFFFFFFFFFFEF
:10A18000FFFFFFFFFFFFFFFFFFFFFFFFFFFFFFFFDF
:10A19000FFFFFFFFFFFFFFFFFFFFFFFFFFFFFFFFCF
:10A1A000FFFFFFFFFFFFFFFFFFFFFFFFFFFFFFFFBF
:10A1B000FFFFFFFFFFFFFFFFFFFFFFFFFFFFFFFFAF
:10A1C000FFFFFFFFFFFFFFFFFFFFFFFFFFFFFFFF9F
:10A1D000FFFFFFFFFFFFFFFFFFFFFFFFFFFFFFFF8F
:10A1E000FFFFFFFFFFFFFFFFFFFFFFFFFFFFFFFF7F
:10A1F000FFFFFFFFFFFFFFFFFFFFFFFFFFFFFFFF6F
:10A20000FFFFFFFFFFFFFFFFFFFFFFFFFFFFFFFF5E
:10A21000FFFFFFFFFFFFFFFFFFFFFFFFFFFFFFFF4E
:10A22000FFFFFFFFFFFFFFFFFFFFFFFFFFFFFFFF3E
:10A23000FFFFFFFFFFFFFFFFFFFFFFFFFFFFFFFF2E
:10A24000FFFFFFFFFFFFFFFFFFFFFFFFFFFFFFFF1E
:10A25000FFFFFFFFFFFFFFFFFFFFFFFFFFFFFFFF0E
:10A26000FFFFFFFFFFFFFFFFFFFFFFFFFFFFFFFFFE
:10A27000FFFFFFFFFFFFFFFFFFFFFFFFFFFFFFFFEE
:10A28000FFFFFFFFFFFFFFFFFFFFFFFFFFFFFFFFDE
:10A29000FFFFFFFFFFFFFFFFFFFFFFFFFFFFFFFFCE
:10A2A000FFFFFFFFFFFFFFFFFFFFFFFFFFFFFFFFBE
:10A2B000FFFFFFFFFFFFFFFFFFFFFFFFFFFFFFFFAE
:10A2C000FFFFFFFFFFFFFFFFFFFFFFFFFFFFFFFF9E
:10A2D000FFFFFFFFFFFFFFFFFFFFFFFFFFFFFFFF8E
:10A2E000FFFFFFFFFFFFFFFFFFFFFFFFFFFFFFFF7E
:10A2F000FFFFFFFFFFFFFFFFFFFFFFFFFFFFFFFF6E
:10A30000FFFFFFFFFFFFFFFFFFFFFFFFFFFFFFFF5D
:10A31000FFFFFFFFFFFFFFFFFFFFFFFFFFFFFFFF4D
:10A32000FFFFFFFFFFFFFFFFFFFFFFFFFFFFFFFF3D
:10A33000FFFFFFFFFFFFFFFFFFFFFFFFFFFFFFFF2D
:10A34000FFFFFFFFFFFFFFFFFFFFFFFFFFFFFFFF1D
:10A35000FFFFFFFFFFFFFFFFFFFFFFFFFFFFFFFF0D
:10A36000FFFFFFFFFFFFFFFFFFFFFFFFFFFFFFFFFD
:10A37000FFFFFFFFFFFFFFFFFFFFFFFFFFFFFFFFED
:10A38000FFFFFFFFFFFFFFFFFFFFFFFFFFFFFFFFDD
:10A39000FFFFFFFFFFFFFFFFFFFFFFFFFFFFFFFFCD
:10A3A000FFFFFFFFFFFFFFFFFFFFFFFFFFFFFFFFBD
:10A3B000FFFFFFFFFFFFFFFFFFFFFFFFFFFFFFFFAD
:10A3C000FFFFFFFFFFFFFFFFFFFFFFFFFFFFFFFF9D
:10A3D000FFFFFFFFFFFFFFFFFFFFFFFFFFFFFFFF8D
:10A3E000FFFFFFFFFFFFFFFFFFFFFFFFFFFFFFFF7D
:10A3F000FFFFFFFFFFFFFFFFFFFFFFFFFFFFFFFF6D
:10A40000FFFFFFFFFFFFFFFFFFFFFFFFFFFFFFFF5C
:10A41000FFFFFFFFFFFFFFFFFFFFFFFFFFFFFFFF4C
:10A42000FFFFFFFFFFFFFFFFFFFFFFFFFFFFFFFF3C
:10A43000FFFFFFFFFFFFFFFFFFFFFFFFFFFFFFFF2C
:10A44000FFFFFFFFFFFFFFFFFFFFFFFFFFFFFFFF1C
:10A45000FFFFFFFFFFFFFFFFFFFFFFFFFFFFFFFF0C
:10A46000FFFFFFFFFFFFFFFFFFFFFFFFFFFFFFFFFC
:10A47000FFFFFFFFFFFFFFFFFFFFFFFFFFFFFFFFEC
:10A48000FFFFFFFFFFFFFFFFFFFFFFFFFFFFFFFFDC
:10A49000FFFFFFFFFFFFFFFFFFFFFFFFFFFFFFFFCC
:10A4A000FFFFFFFFFFFFFFFFFFFFFFFFFFFFFFFFBC
:10A4B000FFFFFFFFFFFFFFFFFFFFFFFFFFFFFFFFAC
:10A4C000FFFFFFFFFFFFFFFFFFFFFFFFFFFFFFFF9C
:10A4D000FFFFFFFFFFFFFFFFFFFFFFFFFFFFFFFF8C
:10A4E000FFFFFFFFFFFFFFFFFFFFFFFFFFFFFFFF7C
:10A4F000FFFFFFFFFFFFFFFFFFFFFFFFFFFFFFFF6C
:10A50000FFFFFFFFFFFFFFFFFFFFFFFFFFFFFFFF5B
:10A51000FFFFFFFFFFFFFFFFFFFFFFFFFFFFFFFF4B
:10A52000FFFFFFFFFFFFFFFFFFFFFFFFFFFFFFFF3B
:10A53000FFFFFFFFFFFFFFFFFFFFFFFFFFFFFFFF2B
:10A54000FFFFFFFFFFFFFFFFFFFFFFFFFFFFFFFF1B
:10A55000FFFFFFFFFFFFFFFFFFFFFFFFFFFFFFFF0B
:10A56000FFFFFFFFFFFFFFFFFFFFFFFFFFFFFFFFFB
:10A57000FFFFFFFFFFFFFFFFFFFFFFFFFFFFFFFFEB
:10A58000FFFFFFFFFFFFFFFFFFFFFFFFFFFFFFFFDB
:10A59000FFFFFFFFFFFFFFFFFFFFFFFFFFFFFFFFCB
:10A5A000FFFFFFFFFFFFFFFFFFFFFFFFFFFFFFFFBB
:10A5B000FFFFFFFFFFFFFFFFFFFFFFFFFFFFFFFFAB
:10A5C000FFFFFFFFFFFFFFFFFFFFFFFFFFFFFFFF9B
:10A5D000FFFFFFFFFFFFFFFFFFFFFFFFFFFFFFFF8B
:10A5E000FFFFFFFFFFFFFFFFFFFFFFFFFFFFFFFF7B
:10A5F000FFFFFFFFFFFFFFFFFFFFFFFFFFFFFFFF6B
:10A60000FFFFFFFFFFFFFFFFFFFFFFFFFFFFFFFF5A
:10A61000FFFFFFFFFFFFFFFFFFFFFFFFFFFFFFFF4A
:10A62000FFFFFFFFFFFFFFFFFFFFFFFFFFFFFFFF3A
:10A63000FFFFFFFFFFFFFFFFFFFFFFFFFFFFFFFF2A
:10A64000FFFFFFFFFFFFFFFFFFFFFFFFFFFFFFFF1A
:10A65000FFFFFFFFFFFFFFFFFFFFFFFFFFFFFFFF0A
:10A66000FFFFFFFFFFFFFFFFFFFFFFFFFFFFFFFFFA
:10A67000FFFFFFFFFFFFFFFFFFFFFFFFFFFFFFFFEA
:10A68000FFFFFFFFFFFFFFFFFFFFFFFFFFFFFFFFDA
:10A69000FFFFFFFFFFFFFFFFFFFFFFFFFFFFFFFFCA
:10A6A000FFFFFFFFFFFFFFFFFFFFFFFFFFFFFFFFBA
:10A6B000FFFFFFFFFFFFFFFFFFFFFFFFFFFFFFFFAA
:10A6C000FFFFFFFFFFFFFFFFFFFFFFFFFFFFFFFF9A
:10A6D000FFFFFFFFFFFFFFFFFFFFFFFFFFFFFFFF8A
:10A6E000FFFFFFFFFFFFFFFFFFFFFFFFFFFFFFFF7A
:10A6F000FFFFFFFFFFFFFFFFFFFFFFFFFFFFFFFF6A
:10A70000FFFFFFFFFFFFFFFFFFFFFFFFFFFFFFFF59
:10A71000FFFFFFFFFFFFFFFFFFFFFFFFFFFFFFFF49
:10A72000FFFFFFFFFFFFFFFFFFFFFFFFFFFFFFFF39
:10A73000FFFFFFFFFFFFFFFFFFFFFFFFFFFFFFFF29
:10A74000FFFFFFFFFFFFFFFFFFFFFFFFFFFFFFFF19
:10A75000FFFFFFFFFFFFFFFFFFFFFFFFFFFFFFFF09
:10A76000FFFFFFFFFFFFFFFFFFFFFFFFFFFFFFFFF9
:10A77000FFFFFFFFFFFFFFFFFFFFFFFFFFFFFFFFE9
:10A78000FFFFFFFFFFFFFFFFFFFFFFFFFFFFFFFFD9
:10A79000FFFFFFFFFFFFFFFFFFFFFFFFFFFFFFFFC9
:10A7A000FFFFFFFFFFFFFFFFFFFFFFFFFFFFFFFFB9
:10A7B000FFFFFFFFFFFFFFFFFFFFFFFFFFFFFFFFA9
:10A7C000FFFFFFFFFFFFFFFFFFFFFFFFFFFFFFFF99
:10A7D000FFFFFFFFFFFFFFFFFFFFFFFFFFFFFFFF89
:10A7E000FFFFFFFFFFFFFFFFFFFFFFFFFFFFFFFF79
:10A7F000FFFFFFFFFFFFFFFFFFFFFFFFFFFFFFFF69
:10A80000FFFFFFFFFFFFFFFFFFFFFFFFFFFFFFFF58
:10A81000FFFFFFFFFFFFFFFFFFFFFFFFFFFFFFFF48
:10A82000FFFFFFFFFFFFFFFFFFFFFFFFFFFFFFFF38
:10A83000FFFFFFFFFFFFFFFFFFFFFFFFFFFFFFFF28
:10A84000FFFFFFFFFFFFFFFFFFFFFFFFFFFFFFFF18
:10A85000FFFFFFFFFFFFFFFFFFFFFFFFFFFFFFFF08
:10A86000FFFFFFFFFFFFFFFFFFFFFFFFFFFFFFFFF8
:10A87000FFFFFFFFFFFFFFFFFFFFFFFFFFFFFFFFE8
:10A88000FFFFFFFFFFFFFFFFFFFFFFFFFFFFFFFFD8
:10A89000FFFFFFFFFFFFFFFFFFFFFFFFFFFFFFFFC8
:10A8A000FFFFFFFFFFFFFFFFFFFFFFFFFFFFFFFFB8
:10A8B000FFFFFFFFFFFFFFFFFFFFFFFFFFFFFFFFA8
:10A8C000FFFFFFFFFFFFFFFFFFFFFFFFFFFFFFFF98
:10A8D000FFFFFFFFFFFFFFFFFFFFFFFFFFFFFFFF88
:10A8E000FFFFFFFFFFFFFFFFFFFFFFFFFFFFFFFF78
:10A8F000FFFFFFFFFFFFFFFFFFFFFFFFFFFFFFFF68
:10A90000FFFFFFFFFFFFFFFFFFFFFFFFFFFFFFFF57
:10A91000FFFFFFFFFFFFFFFFFFFFFFFFFFFFFFFF47
:10A92000FFFFFFFFFFFFFFFFFFFFFFFFFFFFFFFF37
:10A93000FFFFFFFFFFFFFFFFFFFFFFFFFFFFFFFF27
:10A94000FFFFFFFFFFFFFFFFFFFFFFFFFFFFFFFF17
:10A95000FFFFFFFFFFFFFFFFFFFFFFFFFFFFFFFF07
:10A96000FFFFFFFFFFFFFFFFFFFFFFFFFFFFFFFFF7
:10A97000FFFFFFFFFFFFFFFFFFFFFFFFFFFFFFFFE7
:10A98000FFFFFFFFFFFFFFFFFFFFFFFFFFFFFFFFD7
:10A99000FFFFFFFFFFFFFFFFFFFFFFFFFFFFFFFFC7
:10A9A000FFFFFFFFFFFFFFFFFFFFFFFFFFFFFFFFB7
:10A9B000FFFFFFFFFFFFFFFFFFFFFFFFFFFFFFFFA7
:10A9C000FFFFFFFFFFFFFFFFFFFFFFFFFFFFFFFF97
:10A9D000FFFFFFFFFFFFFFFFFFFFFFFFFFFFFFFF87
:10A9E000FFFFFFFFFFFFFFFFFFFFFFFFFFFFFFFF77
:10A9F000FFFFFFFFFFFFFFFFFFFFFFFFFFFFFFFF67
:10AA0000FFFFFFFFFFFFFFFFFFFFFFFFFFFFFFFF56
:10AA1000FFFFFFFFFFFFFFFFFFFFFFFFFFFFFFFF46
:10AA2000FFFFFFFFFFFFFFFFFFFFFFFFFFFFFFFF36
:10AA3000FFFFFFFFFFFFFFFFFFFFFFFFFFFFFFFF26
:10AA4000FFFFFFFFFFFFFFFFFFFFFFFFFFFFFFFF16
:10AA5000FFFFFFFFFFFFFFFFFFFFFFFFFFFFFFFF06
:10AA6000FFFFFFFFFFFFFFFFFFFFFFFFFFFFFFFFF6
:10AA7000FFFFFFFFFFFFFFFFFFFFFFFFFFFFFFFFE6
:10AA8000FFFFFFFFFFFFFFFFFFFFFFFFFFFFFFFFD6
:10AA9000FFFFFFFFFFFFFFFFFFFFFFFFFFFFFFFFC6
:10AAA000FFFFFFFFFFFFFFFFFFFFFFFFFFFFFFFFB6
:10AAB000FFFFFFFFFFFFFFFFFFFFFFFFFFFFFFFFA6
:10AAC000FFFFFFFFFFFFFFFFFFFFFFFFFFFFFFFF96
:10AAD000FFFFFFFFFFFFFFFFFFFFFFFFFFFFFFFF86
:10AAE000FFFFFFFFFFFFFFFFFFFFFFFFFFFFFFFF76
:10AAF000FFFFFFFFFFFFFFFFFFFFFFFFFFFFFFFF66
:10AB0000FFFFFFFFFFFFFFFFFFFFFFFFFFFFFFFF55
:10AB1000FFFFFFFFFFFFFFFFFFFFFFFFFFFFFFFF45
:10AB2000FFFFFFFFFFFFFFFFFFFFFFFFFFFFFFFF35
:10AB3000FFFFFFFFFFFFFFFFFFFFFFFFFFFFFFFF25
:10AB4000FFFFFFFFFFFFFFFFFFFFFFFFFFFFFFFF15
:10AB5000FFFFFFFFFFFFFFFFFFFFFFFFFFFFFFFF05
:10AB6000FFFFFFFFFFFFFFFFFFFFFFFFFFFFFFFFF5
:10AB7000FFFFFFFFFFFFFFFFFFFFFFFFFFFFFFFFE5
:10AB8000FFFFFFFFFFFFFFFFFFFFFFFFFFFFFFFFD5
:10AB9000FFFFFFFFFFFFFFFFFFFFFFFFFFFFFFFFC5
:10ABA000FFFFFFFFFFFFFFFFFFFFFFFFFFFFFFFFB5
:10ABB000FFFFFFFFFFFFFFFFFFFFFFFFFFFFFFFFA5
:10ABC000FFFFFFFFFFFFFFFFFFFFFFFFFFFFFFFF95
:10ABD000FFFFFFFFFFFFFFFFFFFFFFFFFFFFFFFF85
:10ABE000FFFFFFFFFFFFFFFFFFFFFFFFFFFFFFFF75
:10ABF000FFFFFFFFFFFFFFFFFFFFFFFFFFFFFFFF65
:10AC0000FFFFFFFFFFFFFFFFFFFFFFFFFFFFFFFF54
:10AC1000FFFFFFFFFFFFFFFFFFFFFFFFFFFFFFFF44
:10AC2000FFFFFFFFFFFFFFFFFFFFFFFFFFFFFFFF34
:10AC3000FFFFFFFFFFFFFFFFFFFFFFFFFFFFFFFF24
:10AC4000FFFFFFFFFFFFFFFFFFFFFFFFFFFFFFFF14
:10AC5000FFFFFFFFFFFFFFFFFFFFFFFFFFFFFFFF04
:10AC6000FFFFFFFFFFFFFFFFFFFFFFFFFFFFFFFFF4
:10AC7000FFFFFFFFFFFFFFFFFFFFFFFFFFFFFFFFE4
:10AC8000FFFFFFFFFFFFFFFFFFFFFFFFFFFFFFFFD4
:10AC9000FFFFFFFFFFFFFFFFFFFFFFFFFFFFFFFFC4
:10ACA000FFFFFFFFFFFFFFFFFFFFFFFFFFFFFFFFB4
:10ACB000FFFFFFFFFFFFFFFFFFFFFFFFFFFFFFFFA4
:10ACC000FFFFFFFFFFFFFFFFFFFFFFFFFFFFFFFF94
:10ACD000FFFFFFFFFFFFFFFFFFFFFFFFFFFFFFFF84
:10ACE000FFFFFFFFFFFFFFFFFFFFFFFFFFFFFFFF74
:10ACF000FFFFFFFFFFFFFFFFFFFFFFFFFFFFFFFF64
:10AD0000FFFFFFFFFFFFFFFFFFFFFFFFFFFFFFFF53
:10AD1000FFFFFFFFFFFFFFFFFFFFFFFFFFFFFFFF43
:10AD2000FFFFFFFFFFFFFFFFFFFFFFFFFFFFFFFF33
:10AD3000FFFFFFFFFFFFFFFFFFFFFFFFFFFFFFFF23
:10AD4000FFFFFFFFFFFFFFFFFFFFFFFFFFFFFFFF13
:10AD5000FFFFFFFFFFFFFFFFFFFFFFFFFFFFFFFF03
:10AD6000FFFFFFFFFFFFFFFFFFFFFFFFFFFFFFFFF3
:10AD7000FFFFFFFFFFFFFFFFFFFFFFFFFFFFFFFFE3
:10AD8000FFFFFFFFFFFFFFFFFFFFFFFFFFFFFFFFD3
:10AD9000FFFFFFFFFFFFFFFFFFFFFFFFFFFFFFFFC3
:10ADA000FFFFFFFFFFFFFFFFFFFFFFFFFFFFFFFFB3
:10ADB000FFFFFFFFFFFFFFFFFFFFFFFFFFFFFFFFA3
:10ADC000FFFFFFFFFFFFFFFFFFFFFFFFFFFFFFFF93
:10ADD000FFFFFFFFFFFFFFFFFFFFFFFFFFFFFFFF83
:10ADE000FFFFFFFFFFFFFFFFFFFFFFFFFFFFFFFF73
:10ADF000FFFFFFFFFFFFFFFFFFFFFFFFFFFFFFFF63
:10AE0000FFFFFFFFFFFFFFFFFFFFFFFFFFFFFFFF52
:10AE1000FFFFFFFFFFFFFFFFFFFFFFFFFFFFFFFF42
:10AE2000FFFFFFFFFFFFFFFFFFFFFFFFFFFFFFFF32
:10AE3000FFFFFFFFFFFFFFFFFFFFFFFFFFFFFFFF22
:10AE4000FFFFFFFFFFFFFFFFFFFFFFFFFFFFFFFF12
:10AE5000FFFFFFFFFFFFFFFFFFFFFFFFFFFFFFFF02
:10AE6000FFFFFFFFFFFFFFFFFFFFFFFFFFFFFFFFF2
:10AE7000FFFFFFFFFFFFFFFFFFFFFFFFFFFFFFFFE2
:10AE8000FFFFFFFFFFFFFFFFFFFFFFFFFFFFFFFFD2
:10AE9000FFFFFFFFFFFFFFFFFFFFFFFFFFFFFFFFC2
:10AEA000FFFFFFFFFFFFFFFFFFFFFFFFFFFFFFFFB2
:10AEB000FFFFFFFFFFFFFFFFFFFFFFFFFFFFFFFFA2
:10AEC000FFFFFFFFFFFFFFFFFFFFFFFFFFFFFFFF92
:10AED000FFFFFFFFFFFFFFFFFFFFFFFFFFFFFFFF82
:10AEE000FFFFFFFFFFFFFFFFFFFFFFFFFFFFFFFF72
:10AEF000FFFFFFFFFFFFFFFFFFFFFFFFFFFFFFFF62
:10AF0000FFFFFFFFFFFFFFFFFFFFFFFFFFFFFFFF51
:10AF1000FFFFFFFFFFFFFFFFFFFFFFFFFFFFFFFF41
:10AF2000FFFFFFFFFFFFFFFFFFFFFFFFFFFFFFFF31
:10AF3000FFFFFFFFFFFFFFFFFFFFFFFFFFFFFFFF21
:10AF4000FFFFFFFFFFFFFFFFFFFFFFFFFFFFFFFF11
:10AF5000FFFFFFFFFFFFFFFFFFFFFFFFFFFFFFFF01
:10AF6000FFFFFFFFFFFFFFFFFFFFFFFFFFFFFFFFF1
:10AF7000FFFFFFFFFFFFFFFFFFFFFFFFFFFFFFFFE1
:10AF8000FFFFFFFFFFFFFFFFFFFFFFFFFFFFFFFFD1
:10AF9000FFFFFFFFFFFFFFFFFFFFFFFFFFFFFFFFC1
:10AFA000FFFFFFFFFFFFFFFFFFFFFFFFFFFFFFFFB1
:10AFB000FFFFFFFFFFFFFFFFFFFFFFFFFFFFFFFFA1
:10AFC000FFFFFFFFFFFFFFFFFFFFFFFFFFFFFFFF91
:10AFD000FFFFFFFFFFFFFFFFFFFFFFFFFFFFFFFF81
:10AFE000FFFFFFFFFFFFFFFFFFFFFFFFFFFFFFFF71
:10AFF000FFFFFFFFFFFFFFFFFFFFFFFFFFFFFFFF61
:10B00000FFFFFFFFFFFFFFFFFFFFFFFFFFFFFFFF50
:10B01000FFFFFFFFFFFFFFFFFFFFFFFFFFFFFFFF40
:10B02000FFFFFFFFFFFFFFFFFFFFFFFFFFFFFFFF30
:10B03000FFFFFFFFFFFFFFFFFFFFFFFFFFFFFFFF20
:10B04000FFFFFFFFFFFFFFFFFFFFFFFFFFFFFFFF10
:10B05000FFFFFFFFFFFFFFFFFFFFFFFFFFFFFFFF00
:10B06000FFFFFFFFFFFFFFFFFFFFFFFFFFFFFFFFF0
:10B07000FFFFFFFFFFFFFFFFFFFFFFFFFFFFFFFFE0
:10B08000FFFFFFFFFFFFFFFFFFFFFFFFFFFFFFFFD0
:10B09000FFFFFFFFFFFFFFFFFFFFFFFFFFFFFFFFC0
:10B0A000FFFFFFFFFFFFFFFFFFFFFFFFFFFFFFFFB0
:10B0B000FFFFFFFFFFFFFFFFFFFFFFFFFFFFFFFFA0
:10B0C000FFFFFFFFFFFFFFFFFFFFFFFFFFFFFFFF90
:10B0D000FFFFFFFFFFFFFFFFFFFFFFFFFFFFFFFF80
:10B0E000FFFFFFFFFFFFFFFFFFFFFFFFFFFFFFFF70
:10B0F000FFFFFFFFFFFFFFFFFFFFFFFFFFFFFFFF60
:10B10000FFFFFFFFFFFFFFFFFFFFFFFFFFFFFFFF4F
:10B11000FFFFFFFFFFFFFFFFFFFFFFFFFFFFFFFF3F
:10B12000FFFFFFFFFFFFFFFFFFFFFFFFFFFFFFFF2F
:10B13000FFFFFFFFFFFFFFFFFFFFFFFFFFFFFFFF1F
:10B14000FFFFFFFFFFFFFFFFFFFFFFFFFFFFFFFF0F
:10B15000FFFFFFFFFFFFFFFFFFFFFFFFFFFFFFFFFF
:10B16000FFFFFFFFFFFFFFFFFFFFFFFFFFFFFFFFEF
:10B17000FFFFFFFFFFFFFFFFFFFFFFFFFFFFFFFFDF
:10B18000FFFFFFFFFFFFFFFFFFFFFFFFFFFFFFFFCF
:10B19000FFFFFFFFFFFFFFFFFFFFFFFFFFFFFFFFBF
:10B1A000FFFFFFFFFFFFFFFFFFFFFFFFFFFFFFFFAF
:10B1B000FFFFFFFFFFFFFFFFFFFFFFFFFFFFFFFF9F
:10B1C000FFFFFFFFFFFFFFFFFFFFFFFFFFFFFFFF8F
:10B1D000FFFFFFFFFFFFFFFFFFFFFFFFFFFFFFFF7F
:10B1E000FFFFFFFFFFFFFFFFFFFFFFFFFFFFFFFF6F
:10B1F000FFFFFFFFFFFFFFFFFFFFFFFFFFFFFFFF5F
:10B20000FFFFFFFFFFFFFFFFFFFFFFFFFFFFFFFF4E
:10B21000FFFFFFFFFFFFFFFFFFFFFFFFFFFFFFFF3E
:10B22000FFFFFFFFFFFFFFFFFFFFFFFFFFFFFFFF2E
:10B23000FFFFFFFFFFFFFFFFFFFFFFFFFFFFFFFF1E
:10B24000FFFFFFFFFFFFFFFFFFFFFFFFFFFFFFFF0E
:10B25000FFFFFFFFFFFFFFFFFFFFFFFFFFFFFFFFFE
:10B26000FFFFFFFFFFFFFFFFFFFFFFFFFFFFFFFFEE
:10B27000FFFFFFFFFFFFFFFFFFFFFFFFFFFFFFFFDE
:10B28000FFFFFFFFFFFFFFFFFFFFFFFFFFFFFFFFCE
:10B29000FFFFFFFFFFFFFFFFFFFFFFFFFFFFFFFFBE
:10B2A000FFFFFFFFFFFFFFFFFFFFFFFFFFFFFFFFAE
:10B2B000FFFFFFFFFFFFFFFFFFFFFFFFFFFFFFFF9E
:10B2C000FFFFFFFFFFFFFFFFFFFFFFFFFFFFFFFF8E
:10B2D000FFFFFFFFFFFFFFFFFFFFFFFFFFFFFFFF7E
:10B2E000FFFFFFFFFFFFFFFFFFFFFFFFFFFFFFFF6E
:10B2F000FFFFFFFFFFFFFFFFFFFFFFFFFFFFFFFF5E
:10B30000FFFFFFFFFFFFFFFFFFFFFFFFFFFFFFFF4D
:10B31000FFFFFFFFFFFFFFFFFFFFFFFFFFFFFFFF3D
:10B32000FFFFFFFFFFFFFFFFFFFFFFFFFFFFFFFF2D
:10B33000FFFFFFFFFFFFFFFFFFFFFFFFFFFFFFFF1D
:10B34000FFFFFFFFFFFFFFFFFFFFFFFFFFFFFFFF0D
:10B35000FFFFFFFFFFFFFFFFFFFFFFFFFFFFFFFFFD
:10B36000FFFFFFFFFFFFFFFFFFFFFFFFFFFFFFFFED
:10B37000FFFFFFFFFFFFFFFFFFFFFFFFFFFFFFFFDD
:10B38000FFFFFFFFFFFFFFFFFFFFFFFFFFFFFFFFCD
:10B39000FFFFFFFFFFFFFFFFFFFFFFFFFFFFFFFFBD
:10B3A000FFFFFFFFFFFFFFFFFFFFFFFFFFFFFFFFAD
:10B3B000FFFFFFFFFFFFFFFFFFFFFFFFFFFFFFFF9D
:10B3C000FFFFFFFFFFFFFFFFFFFFFFFFFFFFFFFF8D
:10B3D000FFFFFFFFFFFFFFFFFFFFFFFFFFFFFFFF7D
:10B3E000FFFFFFFFFFFFFFFFFFFFFFFFFFFFFFFF6D
:10B3F000FFFFFFFFFFFFFFFFFFFFFFFFFFFFFFFF5D
:10B40000FFFFFFFFFFFFFFFFFFFFFFFFFFFFFFFF4C
:10B41000FFFFFFFFFFFFFFFFFFFFFFFFFFFFFFFF3C
:10B42000FFFFFFFFFFFFFFFFFFFFFFFFFFFFFFFF2C
:10B43000FFFFFFFFFFFFFFFFFFFFFFFFFFFFFFFF1C
:10B44000FFFFFFFFFFFFFFFFFFFFFFFFFFFFFFFF0C
:10B45000FFFFFFFFFFFFFFFFFFFFFFFFFFFFFFFFFC
:10B46000FFFFFFFFFFFFFFFFFFFFFFFFFFFFFFFFEC
:10B47000FFFFFFFFFFFFFFFFFFFFFFFFFFFFFFFFDC
:10B48000FFFFFFFFFFFFFFFFFFFFFFFFFFFFFFFFCC
:10B49000FFFFFFFFFFFFFFFFFFFFFFFFFFFFFFFFBC
:10B4A000FFFFFFFFFFFFFFFFFFFFFFFFFFFFFFFFAC
:10B4B000FFFFFFFFFFFFFFFFFFFFFFFFFFFFFFFF9C
:10B4C000FFFFFFFFFFFFFFFFFFFFFFFFFFFFFFFF8C
:10B4D000FFFFFFFFFFFFFFFFFFFFFFFFFFFFFFFF7C
:10B4E000FFFFFFFFFFFFFFFFFFFFFFFFFFFFFFFF6C
:10B4F000FFFFFFFFFFFFFFFFFFFFFFFFFFFFFFFF5C
:10B50000FFFFFFFFFFFFFFFFFFFFFFFFFFFFFFFF4B
:10B51000FFFFFFFFFFFFFFFFFFFFFFFFFFFFFFFF3B
:10B52000FFFFFFFFFFFFFFFFFFFFFFFFFFFFFFFF2B
:10B53000FFFFFFFFFFFFFFFFFFFFFFFFFFFFFFFF1B
:10B54000FFFFFFFFFFFFFFFFFFFFFFFFFFFFFFFF0B
:10B55000FFFFFFFFFFFFFFFFFFFFFFFFFFFFFFFFFB
:10B56000FFFFFFFFFFFFFFFFFFFFFFFFFFFFFFFFEB
:10B57000FFFFFFFFFFFFFFFFFFFFFFFFFFFFFFFFDB
:10B58000FFFFFFFFFFFFFFFFFFFFFFFFFFFFFFFFCB
:10B59000FFFFFFFFFFFFFFFFFFFFFFFFFFFFFFFFBB
:10B5A000FFFFFFFFFFFFFFFFFFFFFFFFFFFFFFFFAB
:10B5B000FFFFFFFFFFFFFFFFFFFFFFFFFFFFFFFF9B
:10B5C000FFFFFFFFFFFFFFFFFFFFFFFFFFFFFFFF8B
:10B5D000FFFFFFFFFFFFFFFFFFFFFFFFFFFFFFFF7B
:10B5E000FFFFFFFFFFFFFFFFFFFFFFFFFFFFFFFF6B
:10B5F000FFFFFFFFFFFFFFFFFFFFFFFFFFFFFFFF5B
:10B60000FFFFFFFFFFFFFFFFFFFFFFFFFFFFFFFF4A
:10B61000FFFFFFFFFFFFFFFFFFFFFFFFFFFFFFFF3A
:10B62000FFFFFFFFFFFFFFFFFFFFFFFFFFFFFFFF2A
:10B63000FFFFFFFFFFFFFFFFFFFFFFFFFFFFFFFF1A
:10B64000FFFFFFFFFFFFFFFFFFFFFFFFFFFFFFFF0A
:10B65000FFFFFFFFFFFFFFFFFFFFFFFFFFFFFFFFFA
:10B66000FFFFFFFFFFFFFFFFFFFFFFFFFFFFFFFFEA
:10B67000FFFFFFFFFFFFFFFFFFFFFFFFFFFFFFFFDA
:10B68000FFFFFFFFFFFFFFFFFFFFFFFFFFFFFFFFCA
:10B69000FFFFFFFFFFFFFFFFFFFFFFFFFFFFFFFFBA
:10B6A000FFFFFFFFFFFFFFFFFFFFFFFFFFFFFFFFAA
:10B6B000FFFFFFFFFFFFFFFFFFFFFFFFFFFFFFFF9A
:10B6C000FFFFFFFFFFFFFFFFFFFFFFFFFFFFFFFF8A
:10B6D000FFFFFFFFFFFFFFFFFFFFFFFFFFFFFFFF7A
:10B6E000FFFFFFFFFFFFFFFFFFFFFFFFFFFFFFFF6A
:10B6F000FFFFFFFFFFFFFFFFFFFFFFFFFFFFFFFF5A
:10B70000FFFFFFFFFFFFFFFFFFFFFFFFFFFFFFFF49
:10B71000FFFFFFFFFFFFFFFFFFFFFFFFFFFFFFFF39
:10B72000FFFFFFFFFFFFFFFFFFFFFFFFFFFFFFFF29
:10B73000FFFFFFFFFFFFFFFFFFFFFFFFFFFFFFFF19
:10B74000FFFFFFFFFFFFFFFFFFFFFFFFFFFFFFFF09
:10B75000FFFFFFFFFFFFFFFFFFFFFFFFFFFFFFFFF9
:10B76000FFFFFFFFFFFFFFFFFFFFFFFFFFFFFFFFE9
:10B77000FFFFFFFFFFFFFFFFFFFFFFFFFFFFFFFFD9
:10B78000FFFFFFFFFFFFFFFFFFFFFFFFFFFFFFFFC9
:10B79000FFFFFFFFFFFFFFFFFFFFFFFFFFFFFFFFB9
:10B7A000FFFFFFFFFFFFFFFFFFFFFFFFFFFFFFFFA9
:10B7B000FFFFFFFFFFFFFFFFFFFFFFFFFFFFFFFF99
:10B7C000FFFFFFFFFFFFFFFFFFFFFFFFFFFFFFFF89
:10B7D000FFFFFFFFFFFFFFFFFFFFFFFFFFFFFFFF79
:10B7E000FFFFFFFFFFFFFFFFFFFFFFFFFFFFFFFF69
:10B7F000FFFFFFFFFFFFFFFFFFFFFFFFFFFFFFFF59
:10B80000FFFFFFFFFFFFFFFFFFFFFFFFFFFFFFFF48
:10B81000FFFFFFFFFFFFFFFFFFFFFFFFFFFFFFFF38
:10B82000FFFFFFFFFFFFFFFFFFFFFFFFFFFFFFFF28
:10B83000FFFFFFFFFFFFFFFFFFFFFFFFFFFFFFFF18
:10B84000FFFFFFFFFFFFFFFFFFFFFFFFFFFFFFFF08
:10B85000FFFFFFFFFFFFFFFFFFFFFFFFFFFFFFFFF8
:10B86000FFFFFFFFFFFFFFFFFFFFFFFFFFFFFFFFE8
:10B87000FFFFFFFFFFFFFFFFFFFFFFFFFFFFFFFFD8
:10B88000FFFFFFFFFFFFFFFFFFFFFFFFFFFFFFFFC8
:10B89000FFFFFFFFFFFFFFFFFFFFFFFFFFFFFFFFB8
:10B8A000FFFFFFFFFFFFFFFFFFFFFFFFFFFFFFFFA8
:10B8B000FFFFFFFFFFFFFFFFFFFFFFFFFFFFFFFF98
:10B8C000FFFFFFFFFFFFFFFFFFFFFFFFFFFFFFFF88
:10B8D000FFFFFFFFFFFFFFFFFFFFFFFFFFFFFFFF78
:10B8E000FFFFFFFFFFFFFFFFFFFFFFFFFFFFFFFF68
:10B8F000FFFFFFFFFFFFFFFFFFFFFFFFFFFFFFFF58
:10B90000FFFFFFFFFFFFFFFFFFFFFFFFFFFFFFFF47
:10B91000FFFFFFFFFFFFFFFFFFFFFFFFFFFFFFFF37
:10B92000FFFFFFFFFFFFFFFFFFFFFFFFFFFFFFFF27
:10B93000FFFFFFFFFFFFFFFFFFFFFFFFFFFFFFFF17
:10B94000FFFFFFFFFFFFFFFFFFFFFFFFFFFFFFFF07
:10B95000FFFFFFFFFFFFFFFFFFFFFFFFFFFFFFFFF7
:10B96000FFFFFFFFFFFFFFFFFFFFFFFFFFFFFFFFE7
:10B97000FFFFFFFFFFFFFFFFFFFFFFFFFFFFFFFFD7
:10B98000FFFFFFFFFFFFFFFFFFFFFFFFFFFFFFFFC7
:10B99000FFFFFFFFFFFFFFFFFFFFFFFFFFFFFFFFB7
:10B9A000FFFFFFFFFFFFFFFFFFFFFFFFFFFFFFFFA7
:10B9B000FFFFFFFFFFFFFFFFFFFFFFFFFFFFFFFF97
:10B9C000FFFFFFFFFFFFFFFFFFFFFFFFFFFFFFFF87
:10B9D000FFFFFFFFFFFFFFFFFFFFFFFFFFFFFFFF77
:10B9E000FFFFFFFFFFFFFFFFFFFFFFFFFFFFFFFF67
:10B9F000FFFFFFFFFFFFFFFFFFFFFFFFFFFFFFFF57
:10BA0000FFFFFFFFFFFFFFFFFFFFFFFFFFFFFFFF46
:10BA1000FFFFFFFFFFFFFFFFFFFFFFFFFFFFFFFF36
:10BA2000FFFFFFFFFFFFFFFFFFFFFFFFFFFFFFFF26
:10BA3000FFFFFFFFFFFFFFFFFFFFFFFFFFFFFFFF16
:10BA4000FFFFFFFFFFFFFFFFFFFFFFFFFFFFFFFF06
:10BA5000FFFFFFFFFFFFFFFFFFFFFFFFFFFFFFFFF6
:10BA6000FFFFFFFFFFFFFFFFFFFFFFFFFFFFFFFFE6
:10BA7000FFFFFFFFFFFFFFFFFFFFFFFFFFFFFFFFD6
:10BA8000FFFFFFFFFFFFFFFFFFFFFFFFFFFFFFFFC6
:10BA9000FFFFFFFFFFFFFFFFFFFFFFFFFFFFFFFFB6
:10BAA000FFFFFFFFFFFFFFFFFFFFFFFFFFFFFFFFA6
:10BAB000FFFFFFFFFFFFFFFFFFFFFFFFFFFFFFFF96
:10BAC000FFFFFFFFFFFFFFFFFFFFFFFFFFFFFFFF86
:10BAD000FFFFFFFFFFFFFFFFFFFFFFFFFFFFFFFF76
:10BAE000FFFFFFFFFFFFFFFFFFFFFFFFFFFFFFFF66
:10BAF000FFFFFFFFFFFFFFFFFFFFFFFFFFFFFFFF56
:10BB0000FFFFFFFFFFFFFFFFFFFFFFFFFFFFFFFF45
:10BB1000FFFFFFFFFFFFFFFFFFFFFFFFFFFFFFFF35
:10BB2000FFFFFFFFFFFFFFFFFFFFFFFFFFFFFFFF25
:10BB3000FFFFFFFFFFFFFFFFFFFFFFFFFFFFFFFF15
:10BB4000FFFFFFFFFFFFFFFFFFFFFFFFFFFFFFFF05
:10BB5000FFFFFFFFFFFFFFFFFFFFFFFFFFFFFFFFF5
:10BB6000FFFFFFFFFFFFFFFFFFFFFFFFFFFFFFFFE5
:10BB7000FFFFFFFFFFFFFFFFFFFFFFFFFFFFFFFFD5
:10BB8000FFFFFFFFFFFFFFFFFFFFFFFFFFFFFFFFC5
:10BB9000FFFFFFFFFFFFFFFFFFFFFFFFFFFFFFFFB5
:10BBA000FFFFFFFFFFFFFFFFFFFFFFFFFFFFFFFFA5
:10BBB000FFFFFFFFFFFFFFFFFFFFFFFFFFFFFFFF95
:10BBC000FFFFFFFFFFFFFFFFFFFFFFFFFFFFFFFF85
:10BBD000FFFFFFFFFFFFFFFFFFFFFFFFFFFFFFFF75
:10BBE000FFFFFFFFFFFFFFFFFFFFFFFFFFFFFFFF65
:10BBF000FFFFFFFFFFFFFFFFFFFFFFFFFFFFFFFF55
:10BC0000FFFFFFFFFFFFFFFFFFFFFFFFFFFFFFFF44
:10BC1000FFFFFFFFFFFFFFFFFFFFFFFFFFFFFFFF34
:10BC2000FFFFFFFFFFFFFFFFFFFFFFFFFFFFFFFF24
:10BC3000FFFFFFFFFFFFFFFFFFFFFFFFFFFFFFFF14
:10BC4000FFFFFFFFFFFFFFFFFFFFFFFFFFFFFFFF04
:10BC5000FFFFFFFFFFFFFFFFFFFFFFFFFFFFFFFFF4
:10BC6000FFFFFFFFFFFFFFFFFFFFFFFFFFFFFFFFE4
:10BC7000FFFFFFFFFFFFFFFFFFFFFFFFFFFFFFFFD4
:10BC8000FFFFFFFFFFFFFFFFFFFFFFFFFFFFFFFFC4
:10BC9000FFFFFFFFFFFFFFFFFFFFFFFFFFFFFFFFB4
:10BCA000FFFFFFFFFFFFFFFFFFFFFFFFFFFFFFFFA4
:10BCB000FFFFFFFFFFFFFFFFFFFFFFFFFFFFFFFF94
:10BCC000FFFFFFFFFFFFFFFFFFFFFFFFFFFFFFFF84
:10BCD000FFFFFFFFFFFFFFFFFFFFFFFFFFFFFFFF74
:10BCE000FFFFFFFFFFFFFFFFFFFFFFFFFFFFFFFF64
:10BCF000FFFFFFFFFFFFFFFFFFFFFFFFFFFFFFFF54
:10BD0000FFFFFFFFFFFFFFFFFFFFFFFFFFFFFFFF43
:10BD1000FFFFFFFFFFFFFFFFFFFFFFFFFFFFFFFF33
:10BD2000FFFFFFFFFFFFFFFFFFFFFFFFFFFFFFFF23
:10BD3000FFFFFFFFFFFFFFFFFFFFFFFFFFFFFFFF13
:10BD4000FFFFFFFFFFFFFFFFFFFFFFFFFFFFFFFF03
:10BD5000FFFFFFFFFFFFFFFFFFFFFFFFFFFFFFFFF3
:10BD6000FFFFFFFFFFFFFFFFFFFFFFFFFFFFFFFFE3
:10BD7000FFFFFFFFFFFFFFFFFFFFFFFFFFFFFFFFD3
:10BD8000FFFFFFFFFFFFFFFFFFFFFFFFFFFFFFFFC3
:10BD9000FFFFFFFFFFFFFFFFFFFFFFFFFFFFFFFFB3
:10BDA000FFFFFFFFFFFFFFFFFFFFFFFFFFFFFFFFA3
:10BDB000FFFFFFFFFFFFFFFFFFFFFFFFFFFFFFFF93
:10BDC000FFFFFFFFFFFFFFFFFFFFFFFFFFFFFFFF83
:10BDD000FFFFFFFFFFFFFFFFFFFFFFFFFFFFFFFF73
:10BDE000FFFFFFFFFFFFFFFFFFFFFFFFFFFFFFFF63
:10BDF000FFFFFFFFFFFFFFFFFFFFFFFFFFFFFFFF53
:10BE0000FFFFFFFFFFFFFFFFFFFFFFFFFFFFFFFF42
:10BE1000FFFFFFFFFFFFFFFFFFFFFFFFFFFFFFFF32
:10BE2000FFFFFFFFFFFFFFFFFFFFFFFFFFFFFFFF22
:10BE3000FFFFFFFFFFFFFFFFFFFFFFFFFFFFFFFF12
:10BE4000FFFFFFFFFFFFFFFFFFFFFFFFFFFFFFFF02
:10BE5000FFFFFFFFFFFFFFFFFFFFFFFFFFFFFFFFF2
:10BE6000FFFFFFFFFFFFFFFFFFFFFFFFFFFFFFFFE2
:10BE7000FFFFFFFFFFFFFFFFFFFFFFFFFFFFFFFFD2
:10BE8000FFFFFFFFFFFFFFFFFFFFFFFFFFFFFFFFC2
:10BE9000FFFFFFFFFFFFFFFFFFFFFFFFFFFFFFFFB2
:10BEA000FFFFFFFFFFFFFFFFFFFFFFFFFFFFFFFFA2
:10BEB000FFFFFFFFFFFFFFFFFFFFFFFFFFFFFFFF92
:10BEC000FFFFFFFFFFFFFFFFFFFFFFFFFFFFFFFF82
:10BED000FFFFFFFFFFFFFFFFFFFFFFFFFFFFFFFF72
:10BEE000FFFFFFFFFFFFFFFFFFFFFFFFFFFFFFFF62
:10BEF000FFFFFFFFFFFFFFFFFFFFFFFFFFFFFFFF52
:10BF0000FFFFFFFFFFFFFFFFFFFFFFFFFFFFFFFF41
:10BF1000FFFFFFFFFFFFFFFFFFFFFFFFFFFFFFFF31
:10BF2000FFFFFFFFFFFFFFFFFFFFFFFFFFFFFFFF21
:10BF3000FFFFFFFFFFFFFFFFFFFFFFFFFFFFFFFF11
:10BF4000FFFFFFFFFFFFFFFFFFFFFFFFFFFFFFFF01
:10BF5000FFFFFFFFFFFFFFFFFFFFFFFFFFFFFFFFF1
:10BF6000FFFFFFFFFFFFFFFFFFFFFFFFFFFFFFFFE1
:10BF7000FFFFFFFFFFFFFFFFFFFFFFFFFFFFFFFFD1
:10BF8000FFFFFFFFFFFFFFFFFFFFFFFFFFFFFFFFC1
:10BF9000FFFFFFFFFFFFFFFFFFFFFFFFFFFFFFFFB1
:10BFA000FFFFFFFFFFFFFFFFFFFFFFFFFFFFFFFFA1
:10BFB000FFFFFFFFFFFFFFFFFFFFFFFFFFFFFFFF91
:10BFC000FFFFFFFFFFFFFFFFFFFFFFFFFFFFFFFF81
:10BFD000FFFFFFFFFFFFFFFFFFFFFFFFFFFFFFFF71
:10BFE000FFFFFFFFFFFFFFFFFFFFFFFFFFFFFFFF61
:10BFF000FFFFFFFFFFFFFFFFFFFFFFFFFFFFFFFF51
:10C00000FFFFFFFFFFFFFFFFFFFFFFFFFFFFFFFF40
:10C01000FFFFFFFFFFFFFFFFFFFFFFFFFFFFFFFF30
:10C02000FFFFFFFFFFFFFFFFFFFFFFFFFFFFFFFF20
:10C03000FFFFFFFFFFFFFFFFFFFFFFFFFFFFFFFF10
:10C04000FFFFFFFFFFFFFFFFFFFFFFFFFFFFFFFF00
:10C05000FFFFFFFFFFFFFFFFFFFFFFFFFFFFFFFFF0
:10C06000FFFFFFFFFFFFFFFFFFFFFFFFFFFFFFFFE0
:10C07000FFFFFFFFFFFFFFFFFFFFFFFFFFFFFFFFD0
:10C08000FFFFFFFFFFFFFFFFFFFFFFFFFFFFFFFFC0
:10C09000FFFFFFFFFFFFFFFFFFFFFFFFFFFFFFFFB0
:10C0A000FFFFFFFFFFFFFFFFFFFFFFFFFFFFFFFFA0
:10C0B000FFFFFFFFFFFFFFFFFFFFFFFFFFFFFFFF90
:10C0C000FFFFFFFFFFFFFFFFFFFFFFFFFFFFFFFF80
:10C0D000FFFFFFFFFFFFFFFFFFFFFFFFFFFFFFFF70
:10C0E000FFFFFFFFFFFFFFFFFFFFFFFFFFFFFFFF60
:10C0F000FFFFFFFFFFFFFFFFFFFFFFFFFFFFFFFF50
:10C10000FFFFFFFFFFFFFFFFFFFFFFFFFFFFFFFF3F
:10C11000FFFFFFFFFFFFFFFFFFFFFFFFFFFFFFFF2F
:10C12000FFFFFFFFFFFFFFFFFFFFFFFFFFFFFFFF1F
:10C13000FFFFFFFFFFFFFFFFFFFFFFFFFFFFFFFF0F
:10C14000FFFFFFFFFFFFFFFFFFFFFFFFFFFFFFFFFF
:10C15000FFFFFFFFFFFFFFFFFFFFFFFFFFFFFFFFEF
:10C16000FFFFFFFFFFFFFFFFFFFFFFFFFFFFFFFFDF
:10C17000FFFFFFFFFFFFFFFFFFFFFFFFFFFFFFFFCF
:10C18000FFFFFFFFFFFFFFFFFFFFFFFFFFFFFFFFBF
:10C19000FFFFFFFFFFFFFFFFFFFFFFFFFFFFFFFFAF
:10C1A000FFFFFFFFFFFFFFFFFFFFFFFFFFFFFFFF9F
:10C1B000FFFFFFFFFFFFFFFFFFFFFFFFFFFFFFFF8F
:10C1C000FFFFFFFFFFFFFFFFFFFFFFFFFFFFFFFF7F
:10C1D000FFFFFFFFFFFFFFFFFFFFFFFFFFFFFFFF6F
:10C1E000FFFFFFFFFFFFFFFFFFFFFFFFFFFFFFFF5F
:10C1F000FFFFFFFFFFFFFFFFFFFFFFFFFFFFFFFF4F
:10C20000FFFFFFFFFFFFFFFFFFFFFFFFFFFFFFFF3E
:10C21000FFFFFFFFFFFFFFFFFFFFFFFFFFFFFFFF2E
:10C22000FFFFFFFFFFFFFFFFFFFFFFFFFFFFFFFF1E
:10C23000FFFFFFFFFFFFFFFFFFFFFFFFFFFFFFFF0E
:10C24000FFFFFFFFFFFFFFFFFFFFFFFFFFFFFFFFFE
:10C25000FFFFFFFFFFFFFFFFFFFFFFFFFFFFFFFFEE
:10C26000FFFFFFFFFFFFFFFFFFFFFFFFFFFFFFFFDE
:10C27000FFFFFFFFFFFFFFFFFFFFFFFFFFFFFFFFCE
:10C28000FFFFFFFFFFFFFFFFFFFFFFFFFFFFFFFFBE
:10C29000FFFFFFFFFFFFFFFFFFFFFFFFFFFFFFFFAE
:10C2A000FFFFFFFFFFFFFFFFFFFFFFFFFFFFFFFF9E
:10C2B000FFFFFFFFFFFFFFFFFFFFFFFFFFFFFFFF8E
:10C2C000FFFFFFFFFFFFFFFFFFFFFFFFFFFFFFFF7E
:10C2D000FFFFFFFFFFFFFFFFFFFFFFFFFFFFFFFF6E
:10C2E000FFFFFFFFFFFFFFFFFFFFFFFFFFFFFFFF5E
:10C2F000FFFFFFFFFFFFFFFFFFFFFFFFFFFFFFFF4E
:10C30000FFFFFFFFFFFFFFFFFFFFFFFFFFFFFFFF3D
:10C31000FFFFFFFFFFFFFFFFFFFFFFFFFFFFFFFF2D
:10C32000FFFFFFFFFFFFFFFFFFFFFFFFFFFFFFFF1D
:10C33000FFFFFFFFFFFFFFFFFFFFFFFFFFFFFFFF0D
:10C34000FFFFFFFFFFFFFFFFFFFFFFFFFFFFFFFFFD
:10C35000FFFFFFFFFFFFFFFFFFFFFFFFFFFFFFFFED
:10C36000FFFFFFFFFFFFFFFFFFFFFFFFFFFFFFFFDD
:10C37000FFFFFFFFFFFFFFFFFFFFFFFFFFFFFFFFCD
:10C38000FFFFFFFFFFFFFFFFFFFFFFFFFFFFFFFFBD
:10C39000FFFFFFFFFFFFFFFFFFFFFFFFFFFFFFFFAD
:10C3A000FFFFFFFFFFFFFFFFFFFFFFFFFFFFFFFF9D
:10C3B000FFFFFFFFFFFFFFFFFFFFFFFFFFFFFFFF8D
:10C3C000FFFFFFFFFFFFFFFFFFFFFFFFFFFFFFFF7D
:10C3D000FFFFFFFFFFFFFFFFFFFFFFFFFFFFFFFF6D
:10C3E000FFFFFFFFFFFFFFFFFFFFFFFFFFFFFFFF5D
:10C3F000FFFFFFFFFFFFFFFFFFFFFFFFFFFFFFFF4D
:10C40000FFFFFFFFFFFFFFFFFFFFFFFFFFFFFFFF3C
:10C41000FFFFFFFFFFFFFFFFFFFFFFFFFFFFFFFF2C
:10C42000FFFFFFFFFFFFFFFFFFFFFFFFFFFFFFFF1C
:10C43000FFFFFFFFFFFFFFFFFFFFFFFFFFFFFFFF0C
:10C44000FFFFFFFFFFFFFFFFFFFFFFFFFFFFFFFFFC
:10C45000FFFFFFFFFFFFFFFFFFFFFFFFFFFFFFFFEC
:10C46000FFFFFFFFFFFFFFFFFFFFFFFFFFFFFFFFDC
:10C47000FFFFFFFFFFFFFFFFFFFFFFFFFFFFFFFFCC
:10C48000FFFFFFFFFFFFFFFFFFFFFFFFFFFFFFFFBC
:10C49000FFFFFFFFFFFFFFFFFFFFFFFFFFFFFFFFAC
:10C4A000FFFFFFFFFFFFFFFFFFFFFFFFFFFFFFFF9C
:10C4B000FFFFFFFFFFFFFFFFFFFFFFFFFFFFFFFF8C
:10C4C000FFFFFFFFFFFFFFFFFFFFFFFFFFFFFFFF7C
:10C4D000FFFFFFFFFFFFFFFFFFFFFFFFFFFFFFFF6C
:10C4E000FFFFFFFFFFFFFFFFFFFFFFFFFFFFFFFF5C
:10C4F000FFFFFFFFFFFFFFFFFFFFFFFFFFFFFFFF4C
:10C50000FFFFFFFFFFFFFFFFFFFFFFFFFFFFFFFF3B
:10C51000FFFFFFFFFFFFFFFFFFFFFFFFFFFFFFFF2B
:10C52000FFFFFFFFFFFFFFFFFFFFFFFFFFFFFFFF1B
:10C53000FFFFFFFFFFFFFFFFFFFFFFFFFFFFFFFF0B
:10C54000FFFFFFFFFFFFFFFFFFFFFFFFFFFFFFFFFB
:10C55000FFFFFFFFFFFFFFFFFFFFFFFFFFFFFFFFEB
:10C56000FFFFFFFFFFFFFFFFFFFFFFFFFFFFFFFFDB
:10C57000FFFFFFFFFFFFFFFFFFFFFFFFFFFFFFFFCB
:10C58000FFFFFFFFFFFFFFFFFFFFFFFFFFFFFFFFBB
:10C59000FFFFFFFFFFFFFFFFFFFFFFFFFFFFFFFFAB
:10C5A000FFFFFFFFFFFFFFFFFFFFFFFFFFFFFFFF9B
:10C5B000FFFFFFFFFFFFFFFFFFFFFFFFFFFFFFFF8B
:10C5C000FFFFFFFFFFFFFFFFFFFFFFFFFFFFFFFF7B
:10C5D000FFFFFFFFFFFFFFFFFFFFFFFFFFFFFFFF6B
:10C5E000FFFFFFFFFFFFFFFFFFFFFFFFFFFFFFFF5B
:10C5F000FFFFFFFFFFFFFFFFFFFFFFFFFFFFFFFF4B
:10C60000FFFFFFFFFFFFFFFFFFFFFFFFFFFFFFFF3A
:10C61000FFFFFFFFFFFFFFFFFFFFFFFFFFFFFFFF2A
:10C62000FFFFFFFFFFFFFFFFFFFFFFFFFFFFFFFF1A
:10C63000FFFFFFFFFFFFFFFFFFFFFFFFFFFFFFFF0A
:10C64000FFFFFFFFFFFFFFFFFFFFFFFFFFFFFFFFFA
:10C65000FFFFFFFFFFFFFFFFFFFFFFFFFFFFFFFFEA
:10C66000FFFFFFFFFFFFFFFFFFFFFFFFFFFFFFFFDA
:10C67000FFFFFFFFFFFFFFFFFFFFFFFFFFFFFFFFCA
:10C68000FFFFFFFFFFFFFFFFFFFFFFFFFFFFFFFFBA
:10C69000FFFFFFFFFFFFFFFFFFFFFFFFFFFFFFFFAA
:10C6A000FFFFFFFFFFFFFFFFFFFFFFFFFFFFFFFF9A
:10C6B000FFFFFFFFFFFFFFFFFFFFFFFFFFFFFFFF8A
:10C6C000FFFFFFFFFFFFFFFFFFFFFFFFFFFFFFFF7A
:10C6D000FFFFFFFFFFFFFFFFFFFFFFFFFFFFFFFF6A
:10C6E000FFFFFFFFFFFFFFFFFFFFFFFFFFFFFFFF5A
:10C6F000FFFFFFFFFFFFFFFFFFFFFFFFFFFFFFFF4A
:10C70000FFFFFFFFFFFFFFFFFFFFFFFFFFFFFFFF39
:10C71000FFFFFFFFFFFFFFFFFFFFFFFFFFFFFFFF29
:10C72000FFFFFFFFFFFFFFFFFFFFFFFFFFFFFFFF19
:10C73000FFFFFFFFFFFFFFFFFFFFFFFFFFFFFFFF09
:10C74000FFFFFFFFFFFFFFFFFFFFFFFFFFFFFFFFF9
:10C75000FFFFFFFFFFFFFFFFFFFFFFFFFFFFFFFFE9
:10C76000FFFFFFFFFFFFFFFFFFFFFFFFFFFFFFFFD9
:10C77000FFFFFFFFFFFFFFFFFFFFFFFFFFFFFFFFC9
:10C78000FFFFFFFFFFFFFFFFFFFFFFFFFFFFFFFFB9
:10C79000FFFFFFFFFFFFFFFFFFFFFFFFFFFFFFFFA9
:10C7A000FFFFFFFFFFFFFFFFFFFFFFFFFFFFFFFF99
:10C7B000FFFFFFFFFFFFFFFFFFFFFFFFFFFFFFFF89
:10C7C000FFFFFFFFFFFFFFFFFFFFFFFFFFFFFFFF79
:10C7D000FFFFFFFFFFFFFFFFFFFFFFFFFFFFFFFF69
:10C7E000FFFFFFFFFFFFFFFFFFFFFFFFFFFFFFFF59
:10C7F000FFFFFFFFFFFFFFFFFFFFFFFFFFFFFFFF49
:10C80000FFFFFFFFFFFFFFFFFFFFFFFFFFFFFFFF38
:10C81000FFFFFFFFFFFFFFFFFFFFFFFFFFFFFFFF28
:10C82000FFFFFFFFFFFFFFFFFFFFFFFFFFFFFFFF18
:10C83000FFFFFFFFFFFFFFFFFFFFFFFFFFFFFFFF08
:10C84000FFFFFFFFFFFFFFFFFFFFFFFFFFFFFFFFF8
:10C85000FFFFFFFFFFFFFFFFFFFFFFFFFFFFFFFFE8
:10C86000FFFFFFFFFFFFFFFFFFFFFFFFFFFFFFFFD8
:10C87000FFFFFFFFFFFFFFFFFFFFFFFFFFFFFFFFC8
:10C88000FFFFFFFFFFFFFFFFFFFFFFFFFFFFFFFFB8
:10C89000FFFFFFFFFFFFFFFFFFFFFFFFFFFFFFFFA8
:10C8A000FFFFFFFFFFFFFFFFFFFFFFFFFFFFFFFF98
:10C8B000FFFFFFFFFFFFFFFFFFFFFFFFFFFFFFFF88
:10C8C000FFFFFFFFFFFFFFFFFFFFFFFFFFFFFFFF78
:10C8D000FFFFFFFFFFFFFFFFFFFFFFFFFFFFFFFF68
:10C8E000FFFFFFFFFFFFFFFFFFFFFFFFFFFFFFFF58
:10C8F000FFFFFFFFFFFFFFFFFFFFFFFFFFFFFFFF48
:10C90000FFFFFFFFFFFFFFFFFFFFFFFFFFFFFFFF37
:10C91000FFFFFFFFFFFFFFFFFFFFFFFFFFFFFFFF27
:10C92000FFFFFFFFFFFFFFFFFFFFFFFFFFFFFFFF17
:10C93000FFFFFFFFFFFFFFFFFFFFFFFFFFFFFFFF07
:10C94000FFFFFFFFFFFFFFFFFFFFFFFFFFFFFFFFF7
:10C95000FFFFFFFFFFFFFFFFFFFFFFFFFFFFFFFFE7
:10C96000FFFFFFFFFFFFFFFFFFFFFFFFFFFFFFFFD7
:10C97000FFFFFFFFFFFFFFFFFFFFFFFFFFFFFFFFC7
:10C98000FFFFFFFFFFFFFFFFFFFFFFFFFFFFFFFFB7
:10C99000FFFFFFFFFFFFFFFFFFFFFFFFFFFFFFFFA7
:10C9A000FFFFFFFFFFFFFFFFFFFFFFFFFFFFFFFF97
:10C9B000FFFFFFFFFFFFFFFFFFFFFFFFFFFFFFFF87
:10C9C000FFFFFFFFFFFFFFFFFFFFFFFFFFFFFFFF77
:10C9D000FFFFFFFFFFFFFFFFFFFFFFFFFFFFFFFF67
:10C9E000FFFFFFFFFFFFFFFFFFFFFFFFFFFFFFFF57
:10C9F000FFFFFFFFFFFFFFFFFFFFFFFFFFFFFFFF47
:10CA0000FFFFFFFFFFFFFFFFFFFFFFFFFFFFFFFF36
:10CA1000FFFFFFFFFFFFFFFFFFFFFFFFFFFFFFFF26
:10CA2000FFFFFFFFFFFFFFFFFFFFFFFFFFFFFFFF16
:10CA3000FFFFFFFFFFFFFFFFFFFFFFFFFFFFFFFF06
:10CA4000FFFFFFFFFFFFFFFFFFFFFFFFFFFFFFFFF6
:10CA5000FFFFFFFFFFFFFFFFFFFFFFFFFFFFFFFFE6
:10CA6000FFFFFFFFFFFFFFFFFFFFFFFFFFFFFFFFD6
:10CA7000FFFFFFFFFFFFFFFFFFFFFFFFFFFFFFFFC6
:10CA8000FFFFFFFFFFFFFFFFFFFFFFFFFFFFFFFFB6
:10CA9000FFFFFFFFFFFFFFFFFFFFFFFFFFFFFFFFA6
:10CAA000FFFFFFFFFFFFFFFFFFFFFFFFFFFFFFFF96
:10CAB000FFFFFFFFFFFFFFFFFFFFFFFFFFFFFFFF86
:10CAC000FFFFFFFFFFFFFFFFFFFFFFFFFFFFFFFF76
:10CAD000FFFFFFFFFFFFFFFFFFFFFFFFFFFFFFFF66
:10CAE000FFFFFFFFFFFFFFFFFFFFFFFFFFFFFFFF56
:10CAF000FFFFFFFFFFFFFFFFFFFFFFFFFFFFFFFF46
:10CB0000FFFFFFFFFFFFFFFFFFFFFFFFFFFFFFFF35
:10CB1000FFFFFFFFFFFFFFFFFFFFFFFFFFFFFFFF25
:10CB2000FFFFFFFFFFFFFFFFFFFFFFFFFFFFFFFF15
:10CB3000FFFFFFFFFFFFFFFFFFFFFFFFFFFFFFFF05
:10CB4000FFFFFFFFFFFFFFFFFFFFFFFFFFFFFFFFF5
:10CB5000FFFFFFFFFFFFFFFFFFFFFFFFFFFFFFFFE5
:10CB6000FFFFFFFFFFFFFFFFFFFFFFFFFFFFFFFFD5
:10CB7000FFFFFFFFFFFFFFFFFFFFFFFFFFFFFFFFC5
:10CB8000FFFFFFFFFFFFFFFFFFFFFFFFFFFFFFFFB5
:10CB9000FFFFFFFFFFFFFFFFFFFFFFFFFFFFFFFFA5
:10CBA000FFFFFFFFFFFFFFFFFFFFFFFFFFFFFFFF95
:10CBB000FFFFFFFFFFFFFFFFFFFFFFFFFFFFFFFF85
:10CBC000FFFFFFFFFFFFFFFFFFFFFFFFFFFFFFFF75
:10CBD000FFFFFFFFFFFFFFFFFFFFFFFFFFFFFFFF65
:10CBE000FFFFFFFFFFFFFFFFFFFFFFFFFFFFFFFF55
:10CBF000FFFFFFFFFFFFFFFFFFFFFFFFFFFFFFFF45
:10CC0000FFFFFFFFFFFFFFFFFFFFFFFFFFFFFFFF34
:10CC1000FFFFFFFFFFFFFFFFFFFFFFFFFFFFFFFF24
:10CC2000FFFFFFFFFFFFFFFFFFFFFFFFFFFFFFFF14
:10CC3000FFFFFFFFFFFFFFFFFFFFFFFFFFFFFFFF04
:10CC4000FFFFFFFFFFFFFFFFFFFFFFFFFFFFFFFFF4
:10CC5000FFFFFFFFFFFFFFFFFFFFFFFFFFFFFFFFE4
:10CC6000FFFFFFFFFFFFFFFFFFFFFFFFFFFFFFFFD4
:10CC7000FFFFFFFFFFFFFFFFFFFFFFFFFFFFFFFFC4
:10CC8000FFFFFFFFFFFFFFFFFFFFFFFFFFFFFFFFB4
:10CC9000FFFFFFFFFFFFFFFFFFFFFFFFFFFFFFFFA4
:10CCA000FFFFFFFFFFFFFFFFFFFFFFFFFFFFFFFF94
:10CCB000FFFFFFFFFFFFFFFFFFFFFFFFFFFFFFFF84
:10CCC000FFFFFFFFFFFFFFFFFFFFFFFFFFFFFFFF74
:10CCD000FFFFFFFFFFFFFFFFFFFFFFFFFFFFFFFF64
:10CCE000FFFFFFFFFFFFFFFFFFFFFFFFFFFFFFFF54
:10CCF000FFFFFFFFFFFFFFFFFFFFFFFFFFFFFFFF44
:10CD0000FFFFFFFFFFFFFFFFFFFFFFFFFFFFFFFF33
:10CD1000FFFFFFFFFFFFFFFFFFFFFFFFFFFFFFFF23
:10CD2000FFFFFFFFFFFFFFFFFFFFFFFFFFFFFFFF13
:10CD3000FFFFFFFFFFFFFFFFFFFFFFFFFFFFFFFF03
:10CD4000FFFFFFFFFFFFFFFFFFFFFFFFFFFFFFFFF3
:10CD5000FFFFFFFFFFFFFFFFFFFFFFFFFFFFFFFFE3
:10CD6000FFFFFFFFFFFFFFFFFFFFFFFFFFFFFFFFD3
:10CD7000FFFFFFFFFFFFFFFFFFFFFFFFFFFFFFFFC3
:10CD8000FFFFFFFFFFFFFFFFFFFFFFFFFFFFFFFFB3
:10CD9000FFFFFFFFFFFFFFFFFFFFFFFFFFFFFFFFA3
:10CDA000FFFFFFFFFFFFFFFFFFFFFFFFFFFFFFFF93
:10CDB000FFFFFFFFFFFFFFFFFFFFFFFFFFFFFFFF83
:10CDC000FFFFFFFFFFFFFFFFFFFFFFFFFFFFFFFF73
:10CDD000FFFFFFFFFFFFFFFFFFFFFFFFFFFFFFFF63
:10CDE000FFFFFFFFFFFFFFFFFFFFFFFFFFFFFFFF53
:10CDF000FFFFFFFFFFFFFFFFFFFFFFFFFFFFFFFF43
:10CE0000FFFFFFFFFFFFFFFFFFFFFFFFFFFFFFFF32
:10CE1000FFFFFFFFFFFFFFFFFFFFFFFFFFFFFFFF22
:10CE2000FFFFFFFFFFFFFFFFFFFFFFFFFFFFFFFF12
:10CE3000FFFFFFFFFFFFFFFFFFFFFFFFFFFFFFFF02
:10CE4000FFFFFFFFFFFFFFFFFFFFFFFFFFFFFFFFF2
:10CE5000FFFFFFFFFFFFFFFFFFFFFFFFFFFFFFFFE2
:10CE6000FFFFFFFFFFFFFFFFFFFFFFFFFFFFFFFFD2
:10CE7000FFFFFFFFFFFFFFFFFFFFFFFFFFFFFFFFC2
:10CE8000FFFFFFFFFFFFFFFFFFFFFFFFFFFFFFFFB2
:10CE9000FFFFFFFFFFFFFFFFFFFFFFFFFFFFFFFFA2
:10CEA000FFFFFFFFFFFFFFFFFFFFFFFFFFFFFFFF92
:10CEB000FFFFFFFFFFFFFFFFFFFFFFFFFFFFFFFF82
:10CEC000FFFFFFFFFFFFFFFFFFFFFFFFFFFFFFFF72
:10CED000FFFFFFFFFFFFFFFFFFFFFFFFFFFFFFFF62
:10CEE000FFFFFFFFFFFFFFFFFFFFFFFFFFFFFFFF52
:10CEF000FFFFFFFFFFFFFFFFFFFFFFFFFFFFFFFF42
:10CF0000FFFFFFFFFFFFFFFFFFFFFFFFFFFFFFFF31
:10CF1000FFFFFFFFFFFFFFFFFFFFFFFFFFFFFFFF21
:10CF2000FFFFFFFFFFFFFFFFFFFFFFFFFFFFFFFF11
:10CF3000FFFFFFFFFFFFFFFFFFFFFFFFFFFFFFFF01
:10CF4000FFFFFFFFFFFFFFFFFFFFFFFFFFFFFFFFF1
:10CF5000FFFFFFFFFFFFFFFFFFFFFFFFFFFFFFFFE1
:10CF6000FFFFFFFFFFFFFFFFFFFFFFFFFFFFFFFFD1
:10CF7000FFFFFFFFFFFFFFFFFFFFFFFFFFFFFFFFC1
:10CF8000FFFFFFFFFFFFFFFFFFFFFFFFFFFFFFFFB1
:10CF9000FFFFFFFFFFFFFFFFFFFFFFFFFFFFFFFFA1
:10CFA000FFFFFFFFFFFFFFFFFFFFFFFFFFFFFFFF91
:10CFB000FFFFFFFFFFFFFFFFFFFFFFFFFFFFFFFF81
:10CFC000FFFFFFFFFFFFFFFFFFFFFFFFFFFFFFFF71
:10CFD000FFFFFFFFFFFFFFFFFFFFFFFFFFFFFFFF61
:10CFE000FFFFFFFFFFFFFFFFFFFFFFFFFFFFFFFF51
:10CFF000FFFFFFFFFFFFFFFFFFFFFFFFFFFFFFFF41
:10D00000FFFFFFFFFFFFFFFFFFFFFFFFFFFFFFFF30
:10D01000FFFFFFFFFFFFFFFFFFFFFFFFFFFFFFFF20
:10D02000FFFFFFFFFFFFFFFFFFFFFFFFFFFFFFFF10
:10D03000FFFFFFFFFFFFFFFFFFFFFFFFFFFFFFFF00
:10D04000FFFFFFFFFFFFFFFFFFFFFFFFFFFFFFFFF0
:10D05000FFFFFFFFFFFFFFFFFFFFFFFFFFFFFFFFE0
:10D06000FFFFFFFFFFFFFFFFFFFFFFFFFFFFFFFFD0
:10D07000FFFFFFFFFFFFFFFFFFFFFFFFFFFFFFFFC0
:10D08000FFFFFFFFFFFFFFFFFFFFFFFFFFFFFFFFB0
:10D09000FFFFFFFFFFFFFFFFFFFFFFFFFFFFFFFFA0
:10D0A000FFFFFFFFFFFFFFFFFFFFFFFFFFFFFFFF90
:10D0B000FFFFFFFFFFFFFFFFFFFFFFFFFFFFFFFF80
:10D0C000FFFFFFFFFFFFFFFFFFFFFFFFFFFFFFFF70
:10D0D000FFFFFFFFFFFFFFFFFFFFFFFFFFFFFFFF60
:10D0E000FFFFFFFFFFFFFFFFFFFFFFFFFFFFFFFF50
:10D0F000FFFFFFFFFFFFFFFFFFFFFFFFFFFFFFFF40
:10D10000FFFFFFFFFFFFFFFFFFFFFFFFFFFFFFFF2F
:10D11000FFFFFFFFFFFFFFFFFFFFFFFFFFFFFFFF1F
:10D12000FFFFFFFFFFFFFFFFFFFFFFFFFFFFFFFF0F
:10D13000FFFFFFFFFFFFFFFFFFFFFFFFFFFFFFFFFF
:10D14000FFFFFFFFFFFFFFFFFFFFFFFFFFFFFFFFEF
:10D15000FFFFFFFFFFFFFFFFFFFFFFFFFFFFFFFFDF
:10D16000FFFFFFFFFFFFFFFFFFFFFFFFFFFFFFFFCF
:10D17000FFFFFFFFFFFFFFFFFFFFFFFFFFFFFFFFBF
:10D18000FFFFFFFFFFFFFFFFFFFFFFFFFFFFFFFFAF
:10D19000FFFFFFFFFFFFFFFFFFFFFFFFFFFFFFFF9F
:10D1A000FFFFFFFFFFFFFFFFFFFFFFFFFFFFFFFF8F
:10D1B000FFFFFFFFFFFFFFFFFFFFFFFFFFFFFFFF7F
:10D1C000FFFFFFFFFFFFFFFFFFFFFFFFFFFFFFFF6F
:10D1D000FFFFFFFFFFFFFFFFFFFFFFFFFFFFFFFF5F
:10D1E000FFFFFFFFFFFFFFFFFFFFFFFFFFFFFFFF4F
:10D1F000FFFFFFFFFFFFFFFFFFFFFFFFFFFFFFFF3F
:10D20000FFFFFFFFFFFFFFFFFFFFFFFFFFFFFFFF2E
:10D21000FFFFFFFFFFFFFFFFFFFFFFFFFFFFFFFF1E
:10D22000FFFFFFFFFFFFFFFFFFFFFFFFFFFFFFFF0E
:10D23000FFFFFFFFFFFFFFFFFFFFFFFFFFFFFFFFFE
:10D24000FFFFFFFFFFFFFFFFFFFFFFFFFFFFFFFFEE
:10D25000FFFFFFFFFFFFFFFFFFFFFFFFFFFFFFFFDE
:10D26000FFFFFFFFFFFFFFFFFFFFFFFFFFFFFFFFCE
:10D27000FFFFFFFFFFFFFFFFFFFFFFFFFFFFFFFFBE
:10D28000FFFFFFFFFFFFFFFFFFFFFFFFFFFFFFFFAE
:10D29000FFFFFFFFFFFFFFFFFFFFFFFFFFFFFFFF9E
:10D2A000FFFFFFFFFFFFFFFFFFFFFFFFFFFFFFFF8E
:10D2B000FFFFFFFFFFFFFFFFFFFFFFFFFFFFFFFF7E
:10D2C000FFFFFFFFFFFFFFFFFFFFFFFFFFFFFFFF6E
:10D2D000FFFFFFFFFFFFFFFFFFFFFFFFFFFFFFFF5E
:10D2E000FFFFFFFFFFFFFFFFFFFFFFFFFFFFFFFF4E
:10D2F000FFFFFFFFFFFFFFFFFFFFFFFFFFFFFFFF3E
:10D30000FFFFFFFFFFFFFFFFFFFFFFFFFFFFFFFF2D
:10D31000FFFFFFFFFFFFFFFFFFFFFFFFFFFFFFFF1D
:10D32000FFFFFFFFFFFFFFFFFFFFFFFFFFFFFFFF0D
:10D33000FFFFFFFFFFFFFFFFFFFFFFFFFFFFFFFFFD
:10D34000FFFFFFFFFFFFFFFFFFFFFFFFFFFFFFFFED
:10D35000FFFFFFFFFFFFFFFFFFFFFFFFFFFFFFFFDD
:10D36000FFFFFFFFFFFFFFFFFFFFFFFFFFFFFFFFCD
:10D37000FFFFFFFFFFFFFFFFFFFFFFFFFFFFFFFFBD
:10D38000FFFFFFFFFFFFFFFFFFFFFFFFFFFFFFFFAD
:10D39000FFFFFFFFFFFFFFFFFFFFFFFFFFFFFFFF9D
:10D3A000FFFFFFFFFFFFFFFFFFFFFFFFFFFFFFFF8D
:10D3B000FFFFFFFFFFFFFFFFFFFFFFFFFFFFFFFF7D
:10D3C000FFFFFFFFFFFFFFFFFFFFFFFFFFFFFFFF6D
:10D3D000FFFFFFFFFFFFFFFFFFFFFFFFFFFFFFFF5D
:10D3E000FFFFFFFFFFFFFFFFFFFFFFFFFFFFFFFF4D
:10D3F000FFFFFFFFFFFFFFFFFFFFFFFFFFFFFFFF3D
:10D40000FFFFFFFFFFFFFFFFFFFFFFFFFFFFFFFF2C
:10D41000FFFFFFFFFFFFFFFFFFFFFFFFFFFFFFFF1C
:10D42000FFFFFFFFFFFFFFFFFFFFFFFFFFFFFFFF0C
:10D43000FFFFFFFFFFFFFFFFFFFFFFFFFFFFFFFFFC
:10D44000FFFFFFFFFFFFFFFFFFFFFFFFFFFFFFFFEC
:10D45000FFFFFFFFFFFFFFFFFFFFFFFFFFFFFFFFDC
:10D46000FFFFFFFFFFFFFFFFFFFFFFFFFFFFFFFFCC
:10D47000FFFFFFFFFFFFFFFFFFFFFFFFFFFFFFFFBC
:10D48000FFFFFFFFFFFFFFFFFFFFFFFFFFFFFFFFAC
:10D49000FFFFFFFFFFFFFFFFFFFFFFFFFFFFFFFF9C
:10D4A000FFFFFFFFFFFFFFFFFFFFFFFFFFFFFFFF8C
:10D4B000FFFFFFFFFFFFFFFFFFFFFFFFFFFFFFFF7C
:10D4C000FFFFFFFFFFFFFFFFFFFFFFFFFFFFFFFF6C
:10D4D000FFFFFFFFFFFFFFFFFFFFFFFFFFFFFFFF5C
:10D4E000FFFFFFFFFFFFFFFFFFFFFFFFFFFFFFFF4C
:10D4F000FFFFFFFFFFFFFFFFFFFFFFFFFFFFFFFF3C
:10D50000FFFFFFFFFFFFFFFFFFFFFFFFFFFFFFFF2B
:10D51000FFFFFFFFFFFFFFFFFFFFFFFFFFFFFFFF1B
:10D52000FFFFFFFFFFFFFFFFFFFFFFFFFFFFFFFF0B
:10D53000FFFFFFFFFFFFFFFFFFFFFFFFFFFFFFFFFB
:10D54000FFFFFFFFFFFFFFFFFFFFFFFFFFFFFFFFEB
:10D55000FFFFFFFFFFFFFFFFFFFFFFFFFFFFFFFFDB
:10D56000FFFFFFFFFFFFFFFFFFFFFFFFFFFFFFFFCB
:10D57000FFFFFFFFFFFFFFFFFFFFFFFFFFFFFFFFBB
:10D58000FFFFFFFFFFFFFFFFFFFFFFFFFFFFFFFFAB
:10D59000FFFFFFFFFFFFFFFFFFFFFFFFFFFFFFFF9B
:10D5A000FFFFFFFFFFFFFFFFFFFFFFFFFFFFFFFF8B
:10D5B000FFFFFFFFFFFFFFFFFFFFFFFFFFFFFFFF7B
:10D5C000FFFFFFFFFFFFFFFFFFFFFFFFFFFFFFFF6B
:10D5D000FFFFFFFFFFFFFFFFFFFFFFFFFFFFFFFF5B
:10D5E000FFFFFFFFFFFFFFFFFFFFFFFFFFFFFFFF4B
:10D5F000FFFFFFFFFFFFFFFFFFFFFFFFFFFFFFFF3B
:10D60000FFFFFFFFFFFFFFFFFFFFFFFFFFFFFFFF2A
:10D61000FFFFFFFFFFFFFFFFFFFFFFFFFFFFFFFF1A
:10D62000FFFFFFFFFFFFFFFFFFFFFFFFFFFFFFFF0A
:10D63000FFFFFFFFFFFFFFFFFFFFFFFFFFFFFFFFFA
:10D64000FFFFFFFFFFFFFFFFFFFFFFFFFFFFFFFFEA
:10D65000FFFFFFFFFFFFFFFFFFFFFFFFFFFFFFFFDA
:10D66000FFFFFFFFFFFFFFFFFFFFFFFFFFFFFFFFCA
:10D67000FFFFFFFFFFFFFFFFFFFFFFFFFFFFFFFFBA
:10D68000FFFFFFFFFFFFFFFFFFFFFFFFFFFFFFFFAA
:10D69000FFFFFFFFFFFFFFFFFFFFFFFFFFFFFFFF9A
:10D6A000FFFFFFFFFFFFFFFFFFFFFFFFFFFFFFFF8A
:10D6B000FFFFFFFFFFFFFFFFFFFFFFFFFFFFFFFF7A
:10D6C000FFFFFFFFFFFFFFFFFFFFFFFFFFFFFFFF6A
:10D6D000FFFFFFFFFFFFFFFFFFFFFFFFFFFFFFFF5A
:10D6E000FFFFFFFFFFFFFFFFFFFFFFFFFFFFFFFF4A
:10D6F000FFFFFFFFFFFFFFFFFFFFFFFFFFFFFFFF3A
:10D70000FFFFFFFFFFFFFFFFFFFFFFFFFFFFFFFF29
:10D71000FFFFFFFFFFFFFFFFFFFFFFFFFFFFFFFF19
:10D72000FFFFFFFFFFFFFFFFFFFFFFFFFFFFFFFF09
:10D73000FFFFFFFFFFFFFFFFFFFFFFFFFFFFFFFFF9
:10D74000FFFFFFFFFFFFFFFFFFFFFFFFFFFFFFFFE9
:10D75000FFFFFFFFFFFFFFFFFFFFFFFFFFFFFFFFD9
:10D76000FFFFFFFFFFFFFFFFFFFFFFFFFFFFFFFFC9
:10D77000FFFFFFFFFFFFFFFFFFFFFFFFFFFFFFFFB9
:10D78000FFFFFFFFFFFFFFFFFFFFFFFFFFFFFFFFA9
:10D79000FFFFFFFFFFFFFFFFFFFFFFFFFFFFFFFF99
:10D7A000FFFFFFFFFFFFFFFFFFFFFFFFFFFFFFFF89
:10D7B000FFFFFFFFFFFFFFFFFFFFFFFFFFFFFFFF79
:10D7C000FFFFFFFFFFFFFFFFFFFFFFFFFFFFFFFF69
:10D7D000FFFFFFFFFFFFFFFFFFFFFFFFFFFFFFFF59
:10D7E000FFFFFFFFFFFFFFFFFFFFFFFFFFFFFFFF49
:10D7F000FFFFFFFFFFFFFFFFFFFFFFFFFFFFFFFF39
:10D80000FFFFFFFFFFFFFFFFFFFFFFFFFFFFFFFF28
:10D81000FFFFFFFFFFFFFFFFFFFFFFFFFFFFFFFF18
:10D82000FFFFFFFFFFFFFFFFFFFFFFFFFFFFFFFF08
:10D83000FFFFFFFFFFFFFFFFFFFFFFFFFFFFFFFFF8
:10D84000FFFFFFFFFFFFFFFFFFFFFFFFFFFFFFFFE8
:10D85000FFFFFFFFFFFFFFFFFFFFFFFFFFFFFFFFD8
:10D86000FFFFFFFFFFFFFFFFFFFFFFFFFFFFFFFFC8
:10D87000FFFFFFFFFFFFFFFFFFFFFFFFFFFFFFFFB8
:10D88000FFFFFFFFFFFFFFFFFFFFFFFFFFFFFFFFA8
:10D89000FFFFFFFFFFFFFFFFFFFFFFFFFFFFFFFF98
:10D8A000FFFFFFFFFFFFFFFFFFFFFFFFFFFFFFFF88
:10D8B000FFFFFFFFFFFFFFFFFFFFFFFFFFFFFFFF78
:10D8C000FFFFFFFFFFFFFFFFFFFFFFFFFFFFFFFF68
:10D8D000FFFFFFFFFFFFFFFFFFFFFFFFFFFFFFFF58
:10D8E000FFFFFFFFFFFFFFFFFFFFFFFFFFFFFFFF48
:10D8F000FFFFFFFFFFFFFFFFFFFFFFFFFFFFFFFF38
:10D90000FFFFFFFFFFFFFFFFFFFFFFFFFFFFFFFF27
:10D91000FFFFFFFFFFFFFFFFFFFFFFFFFFFFFFFF17
:10D92000FFFFFFFFFFFFFFFFFFFFFFFFFFFFFFFF07
:10D93000FFFFFFFFFFFFFFFFFFFFFFFFFFFFFFFFF7
:10D94000FFFFFFFFFFFFFFFFFFFFFFFFFFFFFFFFE7
:10D95000FFFFFFFFFFFFFFFFFFFFFFFFFFFFFFFFD7
:10D96000FFFFFFFFFFFFFFFFFFFFFFFFFFFFFFFFC7
:10D97000FFFFFFFFFFFFFFFFFFFFFFFFFFFFFFFFB7
:10D98000FFFFFFFFFFFFFFFFFFFFFFFFFFFFFFFFA7
:10D99000FFFFFFFFFFFFFFFFFFFFFFFFFFFFFFFF97
:10D9A000FFFFFFFFFFFFFFFFFFFFFFFFFFFFFFFF87
:10D9B000FFFFFFFFFFFFFFFFFFFFFFFFFFFFFFFF77
:10D9C000FFFFFFFFFFFFFFFFFFFFFFFFFFFFFFFF67
:10D9D000FFFFFFFFFFFFFFFFFFFFFFFFFFFFFFFF57
:10D9E000FFFFFFFFFFFFFFFFFFFFFFFFFFFFFFFF47
:10D9F000FFFFFFFFFFFFFFFFFFFFFFFFFFFFFFFF37
:10DA0000FFFFFFFFFFFFFFFFFFFFFFFFFFFFFFFF26
:10DA1000FFFFFFFFFFFFFFFFFFFFFFFFFFFFFFFF16
:10DA2000FFFFFFFFFFFFFFFFFFFFFFFFFFFFFFFF06
:10DA3000FFFFFFFFFFFFFFFFFFFFFFFFFFFFFFFFF6
:10DA4000FFFFFFFFFFFFFFFFFFFFFFFFFFFFFFFFE6
:10DA5000FFFFFFFFFFFFFFFFFFFFFFFFFFFFFFFFD6
:10DA6000FFFFFFFFFFFFFFFFFFFFFFFFFFFFFFFFC6
:10DA7000FFFFFFFFFFFFFFFFFFFFFFFFFFFFFFFFB6
:10DA8000FFFFFFFFFFFFFFFFFFFFFFFFFFFFFFFFA6
:10DA9000FFFFFFFFFFFFFFFFFFFFFFFFFFFFFFFF96
:10DAA000FFFFFFFFFFFFFFFFFFFFFFFFFFFFFFFF86
:10DAB000FFFFFFFFFFFFFFFFFFFFFFFFFFFFFFFF76
:10DAC000FFFFFFFFFFFFFFFFFFFFFFFFFFFFFFFF66
:10DAD000FFFFFFFFFFFFFFFFFFFFFFFFFFFFFFFF56
:10DAE000FFFFFFFFFFFFFFFFFFFFFFFFFFFFFFFF46
:10DAF000FFFFFFFFFFFFFFFFFFFFFFFFFFFFFFFF36
:10DB0000FFFFFFFFFFFFFFFFFFFFFFFFFFFFFFFF25
:10DB1000FFFFFFFFFFFFFFFFFFFFFFFFFFFFFFFF15
:10DB2000FFFFFFFFFFFFFFFFFFFFFFFFFFFFFFFF05
:10DB3000FFFFFFFFFFFFFFFFFFFFFFFFFFFFFFFFF5
:10DB4000FFFFFFFFFFFFFFFFFFFFFFFFFFFFFFFFE5
:10DB5000FFFFFFFFFFFFFFFFFFFFFFFFFFFFFFFFD5
:10DB6000FFFFFFFFFFFFFFFFFFFFFFFFFFFFFFFFC5
:10DB7000FFFFFFFFFFFFFFFFFFFFFFFFFFFFFFFFB5
:10DB8000FFFFFFFFFFFFFFFFFFFFFFFFFFFFFFFFA5
:10DB9000FFFFFFFFFFFFFFFFFFFFFFFFFFFFFFFF95
:10DBA000FFFFFFFFFFFFFFFFFFFFFFFFFFFFFFFF85
:10DBB000FFFFFFFFFFFFFFFFFFFFFFFFFFFFFFFF75
:10DBC000FFFFFFFFFFFFFFFFFFFFFFFFFFFFFFFF65
:10DBD000FFFFFFFFFFFFFFFFFFFFFFFFFFFFFFFF55
:10DBE000FFFFFFFFFFFFFFFFFFFFFFFFFFFFFFFF45
:10DBF000FFFFFFFFFFFFFFFFFFFFFFFFFFFFFFFF35
:10DC0000FFFFFFFFFFFFFFFFFFFFFFFFFFFFFFFF24
:10DC1000FFFFFFFFFFFFFFFFFFFFFFFFFFFFFFFF14
:10DC2000FFFFFFFFFFFFFFFFFFFFFFFFFFFFFFFF04
:10DC3000FFFFFFFFFFFFFFFFFFFFFFFFFFFFFFFFF4
:10DC4000FFFFFFFFFFFFFFFFFFFFFFFFFFFFFFFFE4
:10DC5000FFFFFFFFFFFFFFFFFFFFFFFFFFFFFFFFD4
:10DC6000FFFFFFFFFFFFFFFFFFFFFFFFFFFFFFFFC4
:10DC7000FFFFFFFFFFFFFFFFFFFFFFFFFFFFFFFFB4
:10DC8000FFFFFFFFFFFFFFFFFFFFFFFFFFFFFFFFA4
:10DC9000FFFFFFFFFFFFFFFFFFFFFFFFFFFFFFFF94
:10DCA000FFFFFFFFFFFFFFFFFFFFFFFFFFFFFFFF84
:10DCB000FFFFFFFFFFFFFFFFFFFFFFFFFFFFFFFF74
:10DCC000FFFFFFFFFFFFFFFFFFFFFFFFFFFFFFFF64
:10DCD000FFFFFFFFFFFFFFFFFFFFFFFFFFFFFFFF54
:10DCE000FFFFFFFFFFFFFFFFFFFFFFFFFFFFFFFF44
:10DCF000FFFFFFFFFFFFFFFFFFFFFFFFFFFFFFFF34
:10DD0000FFFFFFFFFFFFFFFFFFFFFFFFFFFFFFFF23
:10DD1000FFFFFFFFFFFFFFFFFFFFFFFFFFFFFFFF13
:10DD2000FFFFFFFFFFFFFFFFFFFFFFFFFFFFFFFF03
:10DD3000FFFFFFFFFFFFFFFFFFFFFFFFFFFFFFFFF3
:10DD4000FFFFFFFFFFFFFFFFFFFFFFFFFFFFFFFFE3
:10DD5000FFFFFFFFFFFFFFFFFFFFFFFFFFFFFFFFD3
:10DD6000FFFFFFFFFFFFFFFFFFFFFFFFFFFFFFFFC3
:10DD7000FFFFFFFFFFFFFFFFFFFFFFFFFFFFFFFFB3
:10DD8000FFFFFFFFFFFFFFFFFFFFFFFFFFFFFFFFA3
:10DD9000FFFFFFFFFFFFFFFFFFFFFFFFFFFFFFFF93
:10DDA000FFFFFFFFFFFFFFFFFFFFFFFFFFFFFFFF83
:10DDB000FFFFFFFFFFFFFFFFFFFFFFFFFFFFFFFF73
:10DDC000FFFFFFFFFFFFFFFFFFFFFFFFFFFFFFFF63
:10DDD000FFFFFFFFFFFFFFFFFFFFFFFFFFFFFFFF53
:10DDE000FFFFFFFFFFFFFFFFFFFFFFFFFFFFFFFF43
:10DDF000FFFFFFFFFFFFFFFFFFFFFFFFFFFFFFFF33
:10DE0000FFFFFFFFFFFFFFFFFFFFFFFFFFFFFFFF22
:10DE1000FFFFFFFFFFFFFFFFFFFFFFFFFFFFFFFF12
:10DE2000FFFFFFFFFFFFFFFFFFFFFFFFFFFFFFFF02
:10DE3000FFFFFFFFFFFFFFFFFFFFFFFFFFFFFFFFF2
:10DE4000FFFFFFFFFFFFFFFFFFFFFFFFFFFFFFFFE2
:10DE5000FFFFFFFFFFFFFFFFFFFFFFFFFFFFFFFFD2
:10DE6000FFFFFFFFFFFFFFFFFFFFFFFFFFFFFFFFC2
:10DE7000FFFFFFFFFFFFFFFFFFFFFFFFFFFFFFFFB2
:10DE8000FFFFFFFFFFFFFFFFFFFFFFFFFFFFFFFFA2
:10DE9000FFFFFFFFFFFFFFFFFFFFFFFFFFFFFFFF92
:10DEA000FFFFFFFFFFFFFFFFFFFFFFFFFFFFFFFF82
:10DEB000FFFFFFFFFFFFFFFFFFFFFFFFFFFFFFFF72
:10DEC000FFFFFFFFFFFFFFFFFFFFFFFFFFFFFFFF62
:10DED000FFFFFFFFFFFFFFFFFFFFFFFFFFFFFFFF52
:10DEE000FFFFFFFFFFFFFFFFFFFFFFFFFFFFFFFF42
:10DEF000FFFFFFFFFFFFFFFFFFFFFFFFFFFFFFFF32
:10DF0000FFFFFFFFFFFFFFFFFFFFFFFFFFFFFFFF21
:10DF1000FFFFFFFFFFFFFFFFFFFFFFFFFFFFFFFF11
:10DF2000FFFFFFFFFFFFFFFFFFFFFFFFFFFFFFFF01
:10DF3000FFFFFFFFFFFFFFFFFFFFFFFFFFFFFFFFF1
:10DF4000FFFFFFFFFFFFFFFFFFFFFFFFFFFFFFFFE1
:10DF5000FFFFFFFFFFFFFFFFFFFFFFFFFFFFFFFFD1
:10DF6000FFFFFFFFFFFFFFFFFFFFFFFFFFFFFFFFC1
:10DF7000FFFFFFFFFFFFFFFFFFFFFFFFFFFFFFFFB1
:10DF8000FFFFFFFFFFFFFFFFFFFFFFFFFFFFFFFFA1
:10DF9000FFFFFFFFFFFFFFFFFFFFFFFFFFFFFFFF91
:10DFA000FFFFFFFFFFFFFFFFFFFFFFFFFFFFFFFF81
:10DFB000FFFFFFFFFFFFFFFFFFFFFFFFFFFFFFFF71
:10DFC000FFFFFFFFFFFFFFFFFFFFFFFFFFFFFFFF61
:10DFD000FFFFFFFFFFFFFFFFFFFFFFFFFFFFFFFF51
:10DFE000FFFFFFFFFFFFFFFFFFFFFFFFFFFFFFFF41
:10DFF000FFFFFFFFFFFFFFFFFFFFFFFFFFFFFFFF31
:10E00000FFFFFFFFFFFFFFFFFFFFFFFFFFFFFFFF20
:10E01000FFFFFFFFFFFFFFFFFFFFFFFFFFFFFFFF10
:10E02000FFFFFFFFFFFFFFFFFFFFFFFFFFFFFFFF00
:10E03000FFFFFFFFFFFFFFFFFFFFFFFFFFFFFFFFF0
:10E04000FFFFFFFFFFFFFFFFFFFFFFFFFFFFFFFFE0
:10E05000FFFFFFFFFFFFFFFFFFFFFFFFFFFFFFFFD0
:10E06000FFFFFFFFFFFFFFFFFFFFFFFFFFFFFFFFC0
:10E07000FFFFFFFFFFFFFFFFFFFFFFFFFFFFFFFFB0
:10E08000FFFFFFFFFFFFFFFFFFFFFFFFFFFFFFFFA0
:10E09000FFFFFFFFFFFFFFFFFFFFFFFFFFFFFFFF90
:10E0A000FFFFFFFFFFFFFFFFFFFFFFFFFFFFFFFF80
:10E0B000FFFFFFFFFFFFFFFFFFFFFFFFFFFFFFFF70
:10E0C000FFFFFFFFFFFFFFFFFFFFFFFFFFFFFFFF60
:10E0D000FFFFFFFFFFFFFFFFFFFFFFFFFFFFFFFF50
:10E0E000FFFFFFFFFFFFFFFFFFFFFFFFFFFFFFFF40
:10E0F000FFFFFFFFFFFFFFFFFFFFFFFFFFFFFFFF30
:10E10000FFFFFFFFFFFFFFFFFFFFFFFFFFFFFFFF1F
:10E11000FFFFFFFFFFFFFFFFFFFFFFFFFFFFFFFF0F
:10E12000FFFFFFFFFFFFFFFFFFFFFFFFFFFFFFFFFF
:10E13000FFFFFFFFFFFFFFFFFFFFFFFFFFFFFFFFEF
:10E14000FFFFFFFFFFFFFFFFFFFFFFFFFFFFFFFFDF
:10E15000FFFFFFFFFFFFFFFFFFFFFFFFFFFFFFFFCF
:10E16000FFFFFFFFFFFFFFFFFFFFFFFFFFFFFFFFBF
:10E17000FFFFFFFFFFFFFFFFFFFFFFFFFFFFFFFFAF
:10E18000FFFFFFFFFFFFFFFFFFFFFFFFFFFFFFFF9F
:10E19000FFFFFFFFFFFFFFFFFFFFFFFFFFFFFFFF8F
:10E1A000FFFFFFFFFFFFFFFFFFFFFFFFFFFFFFFF7F
:10E1B000FFFFFFFFFFFFFFFFFFFFFFFFFFFFFFFF6F
:10E1C000FFFFFFFFFFFFFFFFFFFFFFFFFFFFFFFF5F
:10E1D000FFFFFFFFFFFFFFFFFFFFFFFFFFFFFFFF4F
:10E1E000FFFFFFFFFFFFFFFFFFFFFFFFFFFFFFFF3F
:10E1F000FFFFFFFFFFFFFFFFFFFFFFFFFFFFFFFF2F
:10E20000FFFFFFFFFFFFFFFFFFFFFFFFFFFFFFFF1E
:10E21000FFFFFFFFFFFFFFFFFFFFFFFFFFFFFFFF0E
:10E22000FFFFFFFFFFFFFFFFFFFFFFFFFFFFFFFFFE
:10E23000FFFFFFFFFFFFFFFFFFFFFFFFFFFFFFFFEE
:10E24000FFFFFFFFFFFFFFFFFFFFFFFFFFFFFFFFDE
:10E25000FFFFFFFFFFFFFFFFFFFFFFFFFFFFFFFFCE
:10E26000FFFFFFFFFFFFFFFFFFFFFFFFFFFFFFFFBE
:10E27000FFFFFFFFFFFFFFFFFFFFFFFFFFFFFFFFAE
:10E28000FFFFFFFFFFFFFFFFFFFFFFFFFFFFFFFF9E
:10E29000FFFFFFFFFFFFFFFFFFFFFFFFFFFFFFFF8E
:10E2A000FFFFFFFFFFFFFFFFFFFFFFFFFFFFFFFF7E
:10E2B000FFFFFFFFFFFFFFFFFFFFFFFFFFFFFFFF6E
:10E2C000FFFFFFFFFFFFFFFFFFFFFFFFFFFFFFFF5E
:10E2D000FFFFFFFFFFFFFFFFFFFFFFFFFFFFFFFF4E
:10E2E000FFFFFFFFFFFFFFFFFFFFFFFFFFFFFFFF3E
:10E2F000FFFFFFFFFFFFFFFFFFFFFFFFFFFFFFFF2E
:10E30000FFFFFFFFFFFFFFFFFFFFFFFFFFFFFFFF1D
:10E31000FFFFFFFFFFFFFFFFFFFFFFFFFFFFFFFF0D
:10E32000FFFFFFFFFFFFFFFFFFFFFFFFFFFFFFFFFD
:10E33000FFFFFFFFFFFFFFFFFFFFFFFFFFFFFFFFED
:10E34000FFFFFFFFFFFFFFFFFFFFFFFFFFFFFFFFDD
:10E35000FFFFFFFFFFFFFFFFFFFFFFFFFFFFFFFFCD
:10E36000FFFFFFFFFFFFFFFFFFFFFFFFFFFFFFFFBD
:10E37000FFFFFFFFFFFFFFFFFFFFFFFFFFFFFFFFAD
:10E38000FFFFFFFFFFFFFFFFFFFFFFFFFFFFFFFF9D
:10E39000FFFFFFFFFFFFFFFFFFFFFFFFFFFFFFFF8D
:10E3A000FFFFFFFFFFFFFFFFFFFFFFFFFFFFFFFF7D
:10E3B000FFFFFFFFFFFFFFFFFFFFFFFFFFFFFFFF6D
:10E3C000FFFFFFFFFFFFFFFFFFFFFFFFFFFFFFFF5D
:10E3D000FFFFFFFFFFFFFFFFFFFFFFFFFFFFFFFF4D
:10E3E000FFFFFFFFFFFFFFFFFFFFFFFFFFFFFFFF3D
:10E3F000FFFFFFFFFFFFFFFFFFFFFFFFFFFFFFFF2D
:10E40000FFFFFFFFFFFFFFFFFFFFFFFFFFFFFFFF1C
:10E41000FFFFFFFFFFFFFFFFFFFFFFFFFFFFFFFF0C
:10E42000FFFFFFFFFFFFFFFFFFFFFFFFFFFFFFFFFC
:10E43000FFFFFFFFFFFFFFFFFFFFFFFFFFFFFFFFEC
:10E44000FFFFFFFFFFFFFFFFFFFFFFFFFFFFFFFFDC
:10E45000FFFFFFFFFFFFFFFFFFFFFFFFFFFFFFFFCC
:10E46000FFFFFFFFFFFFFFFFFFFFFFFFFFFFFFFFBC
:10E47000FFFFFFFFFFFFFFFFFFFFFFFFFFFFFFFFAC
:10E48000FFFFFFFFFFFFFFFFFFFFFFFFFFFFFFFF9C
:10E49000FFFFFFFFFFFFFFFFFFFFFFFFFFFFFFFF8C
:10E4A000FFFFFFFFFFFFFFFFFFFFFFFFFFFFFFFF7C
:10E4B000FFFFFFFFFFFFFFFFFFFFFFFFFFFFFFFF6C
:10E4C000FFFFFFFFFFFFFFFFFFFFFFFFFFFFFFFF5C
:10E4D000FFFFFFFFFFFFFFFFFFFFFFFFFFFFFFFF4C
:10E4E000FFFFFFFFFFFFFFFFFFFFFFFFFFFFFFFF3C
:10E4F000FFFFFFFFFFFFFFFFFFFFFFFFFFFFFFFF2C
:10E50000FFFFFFFFFFFFFFFFFFFFFFFFFFFFFFFF1B
:10E51000FFFFFFFFFFFFFFFFFFFFFFFFFFFFFFFF0B
:10E52000FFFFFFFFFFFFFFFFFFFFFFFFFFFFFFFFFB
:10E53000FFFFFFFFFFFFFFFFFFFFFFFFFFFFFFFFEB
:10E54000FFFFFFFFFFFFFFFFFFFFFFFFFFFFFFFFDB
:10E55000FFFFFFFFFFFFFFFFFFFFFFFFFFFFFFFFCB
:10E56000FFFFFFFFFFFFFFFFFFFFFFFFFFFFFFFFBB
:10E57000FFFFFFFFFFFFFFFFFFFFFFFFFFFFFFFFAB
:10E58000FFFFFFFFFFFFFFFFFFFFFFFFFFFFFFFF9B
:10E59000FFFFFFFFFFFFFFFFFFFFFFFFFFFFFFFF8B
:10E5A000FFFFFFFFFFFFFFFFFFFFFFFFFFFFFFFF7B
:10E5B000FFFFFFFFFFFFFFFFFFFFFFFFFFFFFFFF6B
:10E5C000FFFFFFFFFFFFFFFFFFFFFFFFFFFFFFFF5B
:10E5D000FFFFFFFFFFFFFFFFFFFFFFFFFFFFFFFF4B
:10E5E000FFFFFFFFFFFFFFFFFFFFFFFFFFFFFFFF3B
:10E5F000FFFFFFFFFFFFFFFFFFFFFFFFFFFFFFFF2B
:10E60000FFFFFFFFFFFFFFFFFFFFFFFFFFFFFFFF1A
:10E61000FFFFFFFFFFFFFFFFFFFFFFFFFFFFFFFF0A
:10E62000FFFFFFFFFFFFFFFFFFFFFFFFFFFFFFFFFA
:10E63000FFFFFFFFFFFFFFFFFFFFFFFFFFFFFFFFEA
:10E64000FFFFFFFFFFFFFFFFFFFFFFFFFFFFFFFFDA
:10E65000FFFFFFFFFFFFFFFFFFFFFFFFFFFFFFFFCA
:10E66000FFFFFFFFFFFFFFFFFFFFFFFFFFFFFFFFBA
:10E67000FFFFFFFFFFFFFFFFFFFFFFFFFFFFFFFFAA
:10E68000FFFFFFFFFFFFFFFFFFFFFFFFFFFFFFFF9A
:10E69000FFFFFFFFFFFFFFFFFFFFFFFFFFFFFFFF8A
:10E6A000FFFFFFFFFFFFFFFFFFFFFFFFFFFFFFFF7A
:10E6B000FFFFFFFFFFFFFFFFFFFFFFFFFFFFFFFF6A
:10E6C000FFFFFFFFFFFFFFFFFFFFFFFFFFFFFFFF5A
:10E6D000FFFFFFFFFFFFFFFFFFFFFFFFFFFFFFFF4A
:10E6E000FFFFFFFFFFFFFFFFFFFFFFFFFFFFFFFF3A
:10E6F000FFFFFFFFFFFFFFFFFFFFFFFFFFFFFFFF2A
:10E70000FFFFFFFFFFFFFFFFFFFFFFFFFFFFFFFF19
:10E71000FFFFFFFFFFFFFFFFFFFFFFFFFFFFFFFF09
:10E72000FFFFFFFFFFFFFFFFFFFFFFFFFFFFFFFFF9
:10E73000FFFFFFFFFFFFFFFFFFFFFFFFFFFFFFFFE9
:10E74000FFFFFFFFFFFFFFFFFFFFFFFFFFFFFFFFD9
:10E75000FFFFFFFFFFFFFFFFFFFFFFFFFFFFFFFFC9
:10E76000FFFFFFFFFFFFFFFFFFFFFFFFFFFFFFFFB9
:10E77000FFFFFFFFFFFFFFFFFFFFFFFFFFFFFFFFA9
:10E78000FFFFFFFFFFFFFFFFFFFFFFFFFFFFFFFF99
:10E79000FFFFFFFFFFFFFFFFFFFFFFFFFFFFFFFF89
:10E7A000FFFFFFFFFFFFFFFFFFFFFFFFFFFFFFFF79
:10E7B000FFFFFFFFFFFFFFFFFFFFFFFFFFFFFFFF69
:10E7C000FFFFFFFFFFFFFFFFFFFFFFFFFFFFFFFF59
:10E7D000FFFFFFFFFFFFFFFFFFFFFFFFFFFFFFFF49
:10E7E000FFFFFFFFFFFFFFFFFFFFFFFFFFFFFFFF39
:10E7F000FFFFFFFFFFFFFFFFFFFFFFFFFFFFFFFF29
:10E80000FFFFFFFFFFFFFFFFFFFFFFFFFFFFFFFF18
:10E81000FFFFFFFFFFFFFFFFFFFFFFFFFFFFFFFF08
:10E82000FFFFFFFFFFFFFFFFFFFFFFFFFFFFFFFFF8
:10E83000FFFFFFFFFFFFFFFFFFFFFFFFFFFFFFFFE8
:10E84000FFFFFFFFFFFFFFFFFFFFFFFFFFFFFFFFD8
:10E85000FFFFFFFFFFFFFFFFFFFFFFFFFFFFFFFFC8
:10E86000FFFFFFFFFFFFFFFFFFFFFFFFFFFFFFFFB8
:10E87000FFFFFFFFFFFFFFFFFFFFFFFFFFFFFFFFA8
:10E88000FFFFFFFFFFFFFFFFFFFFFFFFFFFFFFFF98
:10E89000FFFFFFFFFFFFFFFFFFFFFFFFFFFFFFFF88
:10E8A000FFFFFFFFFFFFFFFFFFFFFFFFFFFFFFFF78
:10E8B000FFFFFFFFFFFFFFFFFFFFFFFFFFFFFFFF68
:10E8C000FFFFFFFFFFFFFFFFFFFFFFFFFFFFFFFF58
:10E8D000FFFFFFFFFFFFFFFFFFFFFFFFFFFFFFFF48
:10E8E000FFFFFFFFFFFFFFFFFFFFFFFFFFFFFFFF38
:10E8F000FFFFFFFFFFFFFFFFFFFFFFFFFFFFFFFF28
:10E90000FFFFFFFFFFFFFFFFFFFFFFFFFFFFFFFF17
:10E91000FFFFFFFFFFFFFFFFFFFFFFFFFFFFFFFF07
:10E92000FFFFFFFFFFFFFFFFFFFFFFFFFFFFFFFFF7
:10E93000FFFFFFFFFFFFFFFFFFFFFFFFFFFFFFFFE7
:10E94000FFFFFFFFFFFFFFFFFFFFFFFFFFFFFFFFD7
:10E95000FFFFFFFFFFFFFFFFFFFFFFFFFFFFFFFFC7
:10E96000FFFFFFFFFFFFFFFFFFFFFFFFFFFFFFFFB7
:10E97000FFFFFFFFFFFFFFFFFFFFFFFFFFFFFFFFA7
:10E98000FFFFFFFFFFFFFFFFFFFFFFFFFFFFFFFF97
:10E99000FFFFFFFFFFFFFFFFFFFFFFFFFFFFFFFF87
:10E9A000FFFFFFFFFFFFFFFFFFFFFFFFFFFFFFFF77
:10E9B000FFFFFFFFFFFFFFFFFFFFFFFFFFFFFFFF67
:10E9C000FFFFFFFFFFFFFFFFFFFFFFFFFFFFFFFF57
:10E9D000FFFFFFFFFFFFFFFFFFFFFFFFFFFFFFFF47
:10E9E000FFFFFFFFFFFFFFFFFFFFFFFFFFFFFFFF37
:10E9F000FFFFFFFFFFFFFFFFFFFFFFFFFFFFFFFF27
:10EA0000FFFFFFFFFFFFFFFFFFFFFFFFFFFFFFFF16
:10EA1000FFFFFFFFFFFFFFFFFFFFFFFFFFFFFFFF06
:10EA2000FFFFFFFFFFFFFFFFFFFFFFFFFFFFFFFFF6
:10EA3000FFFFFFFFFFFFFFFFFFFFFFFFFFFFFFFFE6
:10EA4000FFFFFFFFFFFFFFFFFFFFFFFFFFFFFFFFD6
:10EA5000FFFFFFFFFFFFFFFFFFFFFFFFFFFFFFFFC6
:10EA6000FFFFFFFFFFFFFFFFFFFFFFFFFFFFFFFFB6
:10EA7000FFFFFFFFFFFFFFFFFFFFFFFFFFFFFFFFA6
:10EA8000FFFFFFFFFFFFFFFFFFFFFFFFFFFFFFFF96
:10EA9000FFFFFFFFFFFFFFFFFFFFFFFFFFFFFFFF86
:10EAA000FFFFFFFFFFFFFFFFFFFFFFFFFFFFFFFF76
:10EAB000FFFFFFFFFFFFFFFFFFFFFFFFFFFFFFFF66
:10EAC000FFFFFFFFFFFFFFFFFFFFFFFFFFFFFFFF56
:10EAD000FFFFFFFFFFFFFFFFFFFFFFFFFFFFFFFF46
:10EAE000FFFFFFFFFFFFFFFFFFFFFFFFFFFFFFFF36
:10EAF000FFFFFFFFFFFFFFFFFFFFFFFFFFFFFFFF26
:10EB0000FFFFFFFFFFFFFFFFFFFFFFFFFFFFFFFF15
:10EB1000FFFFFFFFFFFFFFFFFFFFFFFFFFFFFFFF05
:10EB2000FFFFFFFFFFFFFFFFFFFFFFFFFFFFFFFFF5
:10EB3000FFFFFFFFFFFFFFFFFFFFFFFFFFFFFFFFE5
:10EB4000FFFFFFFFFFFFFFFFFFFFFFFFFFFFFFFFD5
:10EB5000FFFFFFFFFFFFFFFFFFFFFFFFFFFFFFFFC5
:10EB6000FFFFFFFFFFFFFFFFFFFFFFFFFFFFFFFFB5
:10EB7000FFFFFFFFFFFFFFFFFFFFFFFFFFFFFFFFA5
:10EB8000FFFFFFFFFFFFFFFFFFFFFFFFFFFFFFFF95
:10EB9000FFFFFFFFFFFFFFFFFFFFFFFFFFFFFFFF85
:10EBA000FFFFFFFFFFFFFFFFFFFFFFFFFFFFFFFF75
:10EBB000FFFFFFFFFFFFFFFFFFFFFFFFFFFFFFFF65
:10EBC000FFFFFFFFFFFFFFFFFFFFFFFFFFFFFFFF55
:10EBD000FFFFFFFFFFFFFFFFFFFFFFFFFFFFFFFF45
:10EBE000FFFFFFFFFFFFFFFFFFFFFFFFFFFFFFFF35
:10EBF000FFFFFFFFFFFFFFFFFFFFFFFFFFFFFFFF25
:10EC0000FFFFFFFFFFFFFFFFFFFFFFFFFFFFFFFF14
:10EC1000FFFFFFFFFFFFFFFFFFFFFFFFFFFFFFFF04
:10EC2000FFFFFFFFFFFFFFFFFFFFFFFFFFFFFFFFF4
:10EC3000FFFFFFFFFFFFFFFFFFFFFFFFFFFFFFFFE4
:10EC4000FFFFFFFFFFFFFFFFFFFFFFFFFFFFFFFFD4
:10EC5000FFFFFFFFFFFFFFFFFFFFFFFFFFFFFFFFC4
:10EC6000FFFFFFFFFFFFFFFFFFFFFFFFFFFFFFFFB4
:10EC7000FFFFFFFFFFFFFFFFFFFFFFFFFFFFFFFFA4
:10EC8000FFFFFFFFFFFFFFFFFFFFFFFFFFFFFFFF94
:10EC9000FFFFFFFFFFFFFFFFFFFFFFFFFFFFFFFF84
:10ECA000FFFFFFFFFFFFFFFFFFFFFFFFFFFFFFFF74
:10ECB000FFFFFFFFFFFFFFFFFFFFFFFFFFFFFFFF64
:10ECC000FFFFFFFFFFFFFFFFFFFFFFFFFFFFFFFF54
:10ECD000FFFFFFFFFFFFFFFFFFFFFFFFFFFFFFFF44
:10ECE000FFFFFFFFFFFFFFFFFFFFFFFFFFFFFFFF34
:10ECF000FFFFFFFFFFFFFFFFFFFFFFFFFFFFFFFF24
:10ED0000FFFFFFFFFFFFFFFFFFFFFFFFFFFFFFFF13
:10ED1000FFFFFFFFFFFFFFFFFFFFFFFFFFFFFFFF03
:10ED2000FFFFFFFFFFFFFFFFFFFFFFFFFFFFFFFFF3
:10ED3000FFFFFFFFFFFFFFFFFFFFFFFFFFFFFFFFE3
:10ED4000FFFFFFFFFFFFFFFFFFFFFFFFFFFFFFFFD3
:10ED5000FFFFFFFFFFFFFFFFFFFFFFFFFFFFFFFFC3
:10ED6000FFFFFFFFFFFFFFFFFFFFFFFFFFFFFFFFB3
:10ED7000FFFFFFFFFFFFFFFFFFFFFFFFFFFFFFFFA3
:10ED8000FFFFFFFFFFFFFFFFFFFFFFFFFFFFFFFF93
:10ED9000FFFFFFFFFFFFFFFFFFFFFFFFFFFFFFFF83
:10EDA000FFFFFFFFFFFFFFFFFFFFFFFFFFFFFFFF73
:10EDB000FFFFFFFFFFFFFFFFFFFFFFFFFFFFFFFF63
:10EDC000FFFFFFFFFFFFFFFFFFFFFFFFFFFFFFFF53
:10EDD000FFFFFFFFFFFFFFFFFFFFFFFFFFFFFFFF43
:10EDE000FFFFFFFFFFFFFFFFFFFFFFFFFFFFFFFF33
:10EDF000FFFFFFFFFFFFFFFFFFFFFFFFFFFFFFFF23
:10EE0000FFFFFFFFFFFFFFFFFFFFFFFFFFFFFFFF12
:10EE1000FFFFFFFFFFFFFFFFFFFFFFFFFFFFFFFF02
:10EE2000FFFFFFFFFFFFFFFFFFFFFFFFFFFFFFFFF2
:10EE3000FFFFFFFFFFFFFFFFFFFFFFFFFFFFFFFFE2
:10EE4000FFFFFFFFFFFFFFFFFFFFFFFFFFFFFFFFD2
:10EE5000FFFFFFFFFFFFFFFFFFFFFFFFFFFFFFFFC2
:10EE6000FFFFFFFFFFFFFFFFFFFFFFFFFFFFFFFFB2
:10EE7000FFFFFFFFFFFFFFFFFFFFFFFFFFFFFFFFA2
:10EE8000FFFFFFFFFFFFFFFFFFFFFFFFFFFFFFFF92
:10EE9000FFFFFFFFFFFFFFFFFFFFFFFFFFFFFFFF82
:10EEA000FFFFFFFFFFFFFFFFFFFFFFFFFFFFFFFF72
:10EEB000FFFFFFFFFFFFFFFFFFFFFFFFFFFFFFFF62
:10EEC000FFFFFFFFFFFFFFFFFFFFFFFFFFFFFFFF52
:10EED000FFFFFFFFFFFFFFFFFFFFFFFFFFFFFFFF42
:10EEE000FFFFFFFFFFFFFFFFFFFFFFFFFFFFFFFF32
:10EEF000FFFFFFFFFFFFFFFFFFFFFFFFFFFFFFFF22
:10EF0000FFFFFFFFFFFFFFFFFFFFFFFFFFFFFFFF11
:10EF1000FFFFFFFFFFFFFFFFFFFFFFFFFFFFFFFF01
:10EF2000FFFFFFFFFFFFFFFFFFFFFFFFFFFFFFFFF1
:10EF3000FFFFFFFFFFFFFFFFFFFFFFFFFFFFFFFFE1
:10EF4000FFFFFFFFFFFFFFFFFFFFFFFFFFFFFFFFD1
:10EF5000FFFFFFFFFFFFFFFFFFFFFFFFFFFFFFFFC1
:10EF6000FFFFFFFFFFFFFFFFFFFFFFFFFFFFFFFFB1
:10EF7000FFFFFFFFFFFFFFFFFFFFFFFFFFFFFFFFA1
:10EF8000FFFFFFFFFFFFFFFFFFFFFFFFFFFFFFFF91
:10EF9000FFFFFFFFFFFFFFFFFFFFFFFFFFFFFFFF81
:10EFA000FFFFFFFFFFFFFFFFFFFFFFFFFFFFFFFF71
:10EFB000FFFFFFFFFFFFFFFFFFFFFFFFFFFFFFFF61
:10EFC000FFFFFFFFFFFFFFFFFFFFFFFFFFFFFFFF51
:10EFD000FFFFFFFFFFFFFFFFFFFFFFFFFFFFFFFF41
:10EFE000FFFFFFFFFFFFFFFFFFFFFFFFFFFFFFFF31
:10EFF000FFFFFFFFFFFFFFFFFFFFFFFFFFFFFFFF21
:10F000002020205772697474656E20627920416CEB
:10F0100065782047696C6D6F75722E20436F70792B
:10F020007269676874202863292032303235205293
:10F0300065696420546563686E6F6C6F676965739A
:10F040002E20416C6C20726967687473207265733E
:10F0500065727665642E202020000000000000000C
:10F0600000000000000000000000000000900040D0
:10F070000104000078ECFFFF60F0FFFF48F4FFFFA1
:10F0800030F8FFFF18FCFFFF00000000E80300005D
:10F09000D0070000B80B0000A00F0000881300008C
:10F0A00070170000581B0000401F000028230000BC
:10F0B00010270000F82A0000E02E0000C8320000EF
:10F0C000B0360000983A00001D000000B5000000B6
:10F0D00052010000EE0100008B0200002803000036
:10F0E000C60300006504000004050000A30500003D
:10F0F00042060000E206000083070000240800002A
:10F10000C508000067090000090A0000AB0A0000FA
:10F110004D0B0000F10B0000920C00003031323337
:10F12000343536373839414243444546303132333D
:10F130003435363738396162636465660000000033
:10F1400001000000000000000A00000000000000B4
:10F150006400000000000000E80300000000000060
:10F160001027000000000000A08601000000000041
:10F1700040420F0000000000809698000000000050
:10F1800000E1F5050000000000CA9A3B0000000005
:10F1900000E40B540200000000E87648170000006D
:10F1A0000010A5D4E800000000A0724E180900006D
:10F1B00000407A10F35A00000080C6A47E8D030040
:10F1C0000000C16FF286230000008A5D784563016C
:10F1D000000064A7B3B6E00D0000E8890423C78AE5
:10F1E000286E756C6C29002D494E46002D696E669F
:10F1F000002B494E46002B696E66004E414E006E54
:10F20000616E0000000020410000C84200401C4622
:10F2100020BCBE4CCA1B0E5AAEC59D74E1F2020062
:10F2200058F30200E4F2020053756E646179004DF8
:10F230006F6E646179005475657364617900576518
:10F24000646E657364617900546875727364617982
:10F250000046726964617900536174757264617902
:10F2600000004A616E75617279004665627275616F
:10F270007279004D6172636800417072696C004D73
:10F280006179004A756E65004A756C790041756751
:10F290007573740053657074656D626572004F63B9
:10F2A000746F626572004E6F76656D6265720044C0
:10F2B0006563656D6265720000414D00504D000050
:10F2C000256D2F25642F25790025483A254D3A25AF
:10F2D00053002561202562202565202554202559CD
:10F2E0000043000003420200234202002F420200BA
:10F2F0003B4202005B420200674202004B410200B7
:10F300001941020053756E004D6F6E005475650013
:10F310005765640054687500467269005361740053
:10F32000004A616E00466562004D61720041707274
:10F33000004D6179004A756E004A756C0041756731
:10F3400000536570004F6374004E6F760044656330
:10F3500000002E000000000052F3020054F30200EF
:10F3600054F3020054F3020054F3020054F3020079
:10F3700054F3020054F3020054F3020054F3020069
:10F38000FFFFFFFFFFFFFFFFFFFFFFFFFFFF00008B
:10F3900028F2020004F3020062F2020021F30200EC
:10F3A000B9F20200C0F20200C9F20200D2F2020079
:10F3B00020202020202020202068282828282020E5
:10F3C000202020202020202020202020202020203D
:10F3D00048101010101010101010101010101010F5
:10F3E0008484848484848484848410101010101095
:10F3F00010818181818181010101010101010101EE
:10F4000001010101010101010101011010101010A1
:10F4100010828282828282020202020202020202BE
:10F420000202020202020202020202101010102066
:0DF430000007032004170201085710408058
:10F4400000000000FF0000000090D003FFFF00005C
:10F45000FFFFFFFFFFFFFFFF24000200000000008E
:10F46000524549444C485300010002001400FFFF7C
:10F47000000000000000000000000000000000008C
:10F48000000000004C25002000000000983A0020F9
:10F49000010004001CF202001CF202001CF2020037
:08F4A0001CF202001CF2020044
:040000031000936DE9
:00000001FF
