ISO-10303-21;
HEADER;
/* Generated by software containing ST-Developer
 * from STEP Tools, Inc. (www.steptools.com) 
 */

FILE_DESCRIPTION(
/* description */ (''),
/* implementation_level */ '2;1');

FILE_NAME(
/* name */ 'Charger case.step',
/* time_stamp */ '2025-12-16T14:54:24+10:00',
/* author */ (''),
/* organization */ (''),
/* preprocessor_version */ 'ST-DEVELOPER v20.1',
/* originating_system */ 'Autodesk Translation Framework v14.10.0.0',
/* authorisation */ '');

FILE_SCHEMA (('AUTOMOTIVE_DESIGN { 1 0 10303 214 3 1 1 }'));
ENDSEC;

DATA;
#10=MECHANICAL_DESIGN_GEOMETRIC_PRESENTATION_REPRESENTATION('',(#13),#2314);
#11=SHAPE_REPRESENTATION_RELATIONSHIP('SRR','None',#2321,#12);
#12=ADVANCED_BREP_SHAPE_REPRESENTATION('',(#14),#2313);
#13=STYLED_ITEM('',(#2330),#14);
#14=MANIFOLD_SOLID_BREP('Body1',#1143);
#15=SPHERICAL_SURFACE('',#1306,2.);
#16=SPHERICAL_SURFACE('',#1312,2.);
#17=SPHERICAL_SURFACE('',#1316,2.);
#18=SPHERICAL_SURFACE('',#1320,2.);
#19=B_SPLINE_SURFACE_WITH_KNOTS('',3,3,((#1838,#1839,#1840,#1841),(#1842,
#1843,#1844,#1845),(#1846,#1847,#1848,#1849),(#1850,#1851,#1852,#1853),
(#1854,#1855,#1856,#1857)),.UNSPECIFIED.,.F.,.F.,.F.,(4,1,4),(4,4),(0.,
0.5,1.),(6.47583692301782E-17,0.0734410747537147),.UNSPECIFIED.);
#20=B_SPLINE_SURFACE_WITH_KNOTS('',3,3,((#1899,#1900,#1901,#1902),(#1903,
#1904,#1905,#1906),(#1907,#1908,#1909,#1910),(#1911,#1912,#1913,#1914),
(#1915,#1916,#1917,#1918)),.UNSPECIFIED.,.F.,.F.,.F.,(4,1,4),(4,4),(0.,
0.5,1.),(0.,0.0734410747537147),.UNSPECIFIED.);
#21=CYLINDRICAL_SURFACE('',#1169,0.875);
#22=CYLINDRICAL_SURFACE('',#1176,13.);
#23=CYLINDRICAL_SURFACE('',#1188,0.3);
#24=CYLINDRICAL_SURFACE('',#1194,0.3);
#25=CYLINDRICAL_SURFACE('',#1205,0.3);
#26=CYLINDRICAL_SURFACE('',#1211,0.3);
#27=CYLINDRICAL_SURFACE('',#1223,1.1);
#28=CYLINDRICAL_SURFACE('',#1225,1.1);
#29=CYLINDRICAL_SURFACE('',#1236,12.1);
#30=CYLINDRICAL_SURFACE('',#1253,2.);
#31=CYLINDRICAL_SURFACE('',#1255,2.25);
#32=CYLINDRICAL_SURFACE('',#1257,2.);
#33=CYLINDRICAL_SURFACE('',#1275,0.800000000000001);
#34=CYLINDRICAL_SURFACE('',#1280,0.800000000000001);
#35=CYLINDRICAL_SURFACE('',#1322,2.);
#36=CYLINDRICAL_SURFACE('',#1323,2.25);
#37=CYLINDRICAL_SURFACE('',#1325,2.);
#38=CYLINDRICAL_SURFACE('',#1326,1.1);
#39=CYLINDRICAL_SURFACE('',#1328,1.1);
#40=PLANE('',#1164);
#41=PLANE('',#1212);
#42=PLANE('',#1217);
#43=PLANE('',#1224);
#44=PLANE('',#1226);
#45=PLANE('',#1230);
#46=PLANE('',#1270);
#47=PLANE('',#1277);
#48=PLANE('',#1327);
#49=PLANE('',#1329);
#50=PLANE('',#1330);
#51=PLANE('',#1331);
#52=LINE('',#1780,#96);
#53=LINE('',#1787,#97);
#54=LINE('',#1791,#98);
#55=LINE('',#1795,#99);
#56=LINE('',#1799,#100);
#57=LINE('',#1803,#101);
#58=LINE('',#1828,#102);
#59=LINE('',#1879,#103);
#60=LINE('',#1880,#104);
#61=LINE('',#1891,#105);
#62=LINE('',#1892,#106);
#63=LINE('',#1940,#107);
#64=LINE('',#1941,#108);
#65=LINE('',#1949,#109);
#66=LINE('',#1950,#110);
#67=LINE('',#2007,#111);
#68=LINE('',#2008,#112);
#69=LINE('',#2010,#113);
#70=LINE('',#2012,#114);
#71=LINE('',#2014,#115);
#72=LINE('',#2030,#116);
#73=LINE('',#2034,#117);
#74=LINE('',#2056,#118);
#75=LINE('',#2060,#119);
#76=LINE('',#2082,#120);
#77=LINE('',#2101,#121);
#78=LINE('',#2105,#122);
#79=LINE('',#2131,#123);
#80=LINE('',#2135,#124);
#81=LINE('',#2140,#125);
#82=LINE('',#2144,#126);
#83=LINE('',#2148,#127);
#84=LINE('',#2152,#128);
#85=LINE('',#2167,#129);
#86=LINE('',#2184,#130);
#87=LINE('',#2245,#131);
#88=LINE('',#2248,#132);
#89=LINE('',#2251,#133);
#90=LINE('',#2270,#134);
#91=LINE('',#2297,#135);
#92=LINE('',#2299,#136);
#93=LINE('',#2303,#137);
#94=LINE('',#2305,#138);
#95=LINE('',#2307,#139);
#96=VECTOR('',#1344,11.);
#97=VECTOR('',#1351,10.);
#98=VECTOR('',#1354,10.);
#99=VECTOR('',#1357,10.);
#100=VECTOR('',#1360,10.);
#101=VECTOR('',#1365,0.875);
#102=VECTOR('',#1382,13.);
#103=VECTOR('',#1407,10.);
#104=VECTOR('',#1408,10.);
#105=VECTOR('',#1421,10.);
#106=VECTOR('',#1422,10.);
#107=VECTOR('',#1445,10.);
#108=VECTOR('',#1446,10.);
#109=VECTOR('',#1457,10.);
#110=VECTOR('',#1458,10.);
#111=VECTOR('',#1483,10.);
#112=VECTOR('',#1484,10.);
#113=VECTOR('',#1487,10.);
#114=VECTOR('',#1490,10.);
#115=VECTOR('',#1493,10.);
#116=VECTOR('',#1514,12.1);
#117=VECTOR('',#1517,2.);
#118=VECTOR('',#1520,2.);
#119=VECTOR('',#1523,2.);
#120=VECTOR('',#1526,2.);
#121=VECTOR('',#1553,2.);
#122=VECTOR('',#1558,2.);
#123=VECTOR('',#1595,0.950000000000001);
#124=VECTOR('',#1600,0.800000000000001);
#125=VECTOR('',#1607,0.950000000000001);
#126=VECTOR('',#1612,0.800000000000001);
#127=VECTOR('',#1617,10.);
#128=VECTOR('',#1620,10.);
#129=VECTOR('',#1623,10.);
#130=VECTOR('',#1628,10.);
#131=VECTOR('',#1641,10.);
#132=VECTOR('',#1644,10.);
#133=VECTOR('',#1647,10.);
#134=VECTOR('',#1656,10.);
#135=VECTOR('',#1705,2.);
#136=VECTOR('',#1708,2.);
#137=VECTOR('',#1715,10.);
#138=VECTOR('',#1718,10.);
#139=VECTOR('',#1721,10.);
#140=CONICAL_SURFACE('',#1161,11.,0.785398163397448);
#141=CONICAL_SURFACE('',#1272,0.950000000000001,0.785398163397448);
#142=CONICAL_SURFACE('',#1278,0.950000000000001,0.785398163397448);
#143=CONICAL_SURFACE('',#1282,2.,0.785398163397448);
#144=CONICAL_SURFACE('',#1284,3.25,0.785398163397449);
#145=CONICAL_SURFACE('',#1286,2.,0.785398163397448);
#146=CONICAL_SURFACE('',#1292,2.,0.785398163397448);
#147=CONICAL_SURFACE('',#1294,3.25,0.785398163397449);
#148=CONICAL_SURFACE('',#1298,2.,0.785398163397448);
#149=CONICAL_SURFACE('',#1300,11.1,0.785398163397448);
#150=CONICAL_SURFACE('',#1324,11.1,0.785398163397448);
#151=FACE_BOUND('',#251,.T.);
#152=FACE_BOUND('',#254,.T.);
#153=FACE_BOUND('',#279,.T.);
#154=FACE_BOUND('',#292,.T.);
#155=FACE_BOUND('',#296,.T.);
#156=B_SPLINE_CURVE_WITH_KNOTS('',3,(#1736,#1737,#1738,#1739,#1740,#1741,
#1742,#1743,#1744,#1745,#1746,#1747,#1748,#1749,#1750,#1751,#1752,#1753,
#1754,#1755,#1756,#1757,#1758,#1759,#1760,#1761,#1762,#1763,#1764,#1765,
#1766,#1767,#1768,#1769,#1770,#1771,#1772,#1773,#1774,#1775,#1776,#1777),
 .UNSPECIFIED.,.T.,.F.,(4,2,2,2,2,2,2,2,2,2,2,2,2,2,2,2,2,2,2,2,4),(0.,
0.0343073469580849,0.0681997758366858,0.0964927021664009,0.117036404623196,
0.135902153563355,0.158252519520228,0.191513233222541,0.226716736528501,
0.260122928951937,0.291245578532789,0.322689568808312,0.358053286393687,
0.395420523017864,0.4217352389586,0.441544075227262,0.46064302956521,0.484623973444309,
0.519294004109604,0.544275353340969,0.567309593438555),.UNSPECIFIED.);
#157=B_SPLINE_CURVE_WITH_KNOTS('',3,(#1807,#1808,#1809,#1810,#1811,#1812,
#1813,#1814,#1815,#1816,#1817),.UNSPECIFIED.,.F.,.F.,(4,2,3,2,4),(0.579192693308029,
0.603917625484072,0.624355606779803,0.649522839467861,0.669486621832098),
 .UNSPECIFIED.);
#158=B_SPLINE_CURVE_WITH_KNOTS('',3,(#1861,#1862,#1863,#1864),
 .UNSPECIFIED.,.F.,.F.,(4,4),(-0.0734410747537147,-6.47583692301782E-17),
 .UNSPECIFIED.);
#159=B_SPLINE_CURVE_WITH_KNOTS('',3,(#1865,#1866,#1867,#1868),
 .UNSPECIFIED.,.F.,.F.,(4,4),(6.47583692301782E-17,0.0734410747537147),
 .UNSPECIFIED.);
#160=B_SPLINE_CURVE_WITH_KNOTS('',3,(#1922,#1923,#1924,#1925),
 .UNSPECIFIED.,.F.,.F.,(4,4),(-0.0734410747537147,0.),.UNSPECIFIED.);
#161=B_SPLINE_CURVE_WITH_KNOTS('',3,(#1926,#1927,#1928,#1929),
 .UNSPECIFIED.,.F.,.F.,(4,4),(0.,0.0734410747537147),.UNSPECIFIED.);
#162=B_SPLINE_CURVE_WITH_KNOTS('',3,(#1966,#1967,#1968,#1969,#1970,#1971,
#1972,#1973),.UNSPECIFIED.,.F.,.F.,(4,2,2,4),(0.0696597204753822,0.123263849652971,
0.248156595814878,0.249205182546944),.UNSPECIFIED.);
#163=B_SPLINE_CURVE_WITH_KNOTS('',3,(#1975,#1976,#1977,#1978,#1979,#1980,
#1981,#1982,#1983,#1984),.UNSPECIFIED.,.F.,.F.,(4,2,2,2,4),(-0.000597071937289478,
0.,0.0319770299428101,0.0508893425023301,0.0613531095401907),
 .UNSPECIFIED.);
#164=B_SPLINE_CURVE_WITH_KNOTS('',3,(#1988,#1989,#1990,#1991,#1992,#1993,
#1994,#1995,#1996,#1997),.UNSPECIFIED.,.F.,.F.,(4,2,2,2,4),(0.0275540484226613,
0.0378327209735095,0.0564104919880308,0.0878218774869666,0.088408387755114),
 .UNSPECIFIED.);
#165=B_SPLINE_CURVE_WITH_KNOTS('',3,(#1998,#1999,#2000,#2001,#2002,#2003,
#2004,#2005),.UNSPECIFIED.,.F.,.F.,(4,2,2,4),(-0.00104886820853789,0.,0.124926271625801,
0.178544789977238),.UNSPECIFIED.);
#166=B_SPLINE_CURVE_WITH_KNOTS('',3,(#2036,#2037,#2038,#2039,#2040,#2041,
#2042,#2043),.UNSPECIFIED.,.F.,.F.,(4,2,2,4),(-0.000676068822722278,0.,
0.134361148507647,0.144282355695176),.UNSPECIFIED.);
#167=B_SPLINE_CURVE_WITH_KNOTS('',3,(#2047,#2048,#2049,#2050,#2051,#2052,
#2053,#2054),.UNSPECIFIED.,.F.,.F.,(4,2,2,4),(0.496625098806666,0.508858685773827,
0.674535982634476,0.675369625806368),.UNSPECIFIED.);
#168=B_SPLINE_CURVE_WITH_KNOTS('',3,(#2062,#2063,#2064,#2065,#2066,#2067,
#2068,#2069),.UNSPECIFIED.,.F.,.F.,(4,2,2,4),(-0.000676068827934382,0.,
0.134361143407549,0.144282349993503),.UNSPECIFIED.);
#169=B_SPLINE_CURVE_WITH_KNOTS('',3,(#2073,#2074,#2075,#2076,#2077,#2078,
#2079,#2080),.UNSPECIFIED.,.F.,.F.,(4,2,2,4),(0.496625115301337,0.508858702726541,
0.674536004056172,0.675369647232774),.UNSPECIFIED.);
#170=B_SPLINE_CURVE_WITH_KNOTS('',3,(#2153,#2154,#2155,#2156,#2157,#2158,
#2159,#2160,#2161,#2162,#2163,#2164),.UNSPECIFIED.,.F.,.F.,(4,2,2,2,2,4),
(-0.000626759969944801,0.,0.02636813287501,0.0499581861855342,0.0611271700384776,
0.0624654984807747),.UNSPECIFIED.);
#171=B_SPLINE_CURVE_WITH_KNOTS('',3,(#2171,#2172,#2173,#2174,#2175,#2176,
#2177,#2178,#2179,#2180,#2181,#2182),.UNSPECIFIED.,.F.,.F.,(4,2,2,2,2,4),
(0.138825246120272,0.140163574572091,0.151332558504509,0.174922611982869,
0.201290745005946,0.201917504994484),.UNSPECIFIED.);
#172=B_SPLINE_CURVE_WITH_KNOTS('',3,(#2188,#2189,#2190,#2191,#2192,#2193,
#2194,#2195),.UNSPECIFIED.,.F.,.F.,(4,2,2,4),(0.0696597204753823,0.123263849652971,
0.248156595814876,0.249205182546942),.UNSPECIFIED.);
#173=B_SPLINE_CURVE_WITH_KNOTS('',3,(#2197,#2198,#2199,#2200,#2201,#2202,
#2203,#2204,#2205,#2206),.UNSPECIFIED.,.F.,.F.,(4,2,2,2,4),(-0.000597071930255713,
0.,0.0319770298056453,0.0508893422784497,0.0613531092683334),
 .UNSPECIFIED.);
#174=B_SPLINE_CURVE_WITH_KNOTS('',3,(#2210,#2211,#2212,#2213,#2214,#2215,
#2216,#2217,#2218,#2219),.UNSPECIFIED.,.F.,.F.,(4,2,2,2,4),(0.0275540484226624,
0.0378327209735191,0.056410491988042,0.0878218774788223,0.0884083877506986),
 .UNSPECIFIED.);
#175=B_SPLINE_CURVE_WITH_KNOTS('',3,(#2220,#2221,#2222,#2223,#2224,#2225,
#2226,#2227),.UNSPECIFIED.,.F.,.F.,(4,2,2,4),(-0.00104886820851478,0.,0.124926271624981,
0.178544789975711),.UNSPECIFIED.);
#176=B_SPLINE_CURVE_WITH_KNOTS('',3,(#2230,#2231,#2232,#2233,#2234,#2235,
#2236,#2237,#2238,#2239,#2240,#2241),.UNSPECIFIED.,.F.,.F.,(4,2,2,2,2,4),
(-0.000626759993613641,0.,0.0263681332397843,0.0499581869118104,0.061127170935913,
0.0624654993987188),.UNSPECIFIED.);
#177=B_SPLINE_CURVE_WITH_KNOTS('',3,(#2256,#2257,#2258,#2259,#2260,#2261,
#2262,#2263,#2264,#2265,#2266,#2267),.UNSPECIFIED.,.F.,.F.,(4,2,2,2,2,4),
(0.138825245884683,0.140163574334187,0.151332558247282,0.174922611684856,
0.201290744669621,0.201917504654482),.UNSPECIFIED.);
#178=FACE_OUTER_BOUND('',#250,.T.);
#179=FACE_OUTER_BOUND('',#252,.T.);
#180=FACE_OUTER_BOUND('',#253,.T.);
#181=FACE_OUTER_BOUND('',#255,.T.);
#182=FACE_OUTER_BOUND('',#256,.T.);
#183=FACE_OUTER_BOUND('',#257,.T.);
#184=FACE_OUTER_BOUND('',#258,.T.);
#185=FACE_OUTER_BOUND('',#259,.T.);
#186=FACE_OUTER_BOUND('',#260,.T.);
#187=FACE_OUTER_BOUND('',#261,.T.);
#188=FACE_OUTER_BOUND('',#262,.T.);
#189=FACE_OUTER_BOUND('',#263,.T.);
#190=FACE_OUTER_BOUND('',#264,.T.);
#191=FACE_OUTER_BOUND('',#265,.T.);
#192=FACE_OUTER_BOUND('',#266,.T.);
#193=FACE_OUTER_BOUND('',#267,.T.);
#194=FACE_OUTER_BOUND('',#268,.T.);
#195=FACE_OUTER_BOUND('',#269,.T.);
#196=FACE_OUTER_BOUND('',#270,.T.);
#197=FACE_OUTER_BOUND('',#271,.T.);
#198=FACE_OUTER_BOUND('',#272,.T.);
#199=FACE_OUTER_BOUND('',#273,.T.);
#200=FACE_OUTER_BOUND('',#274,.T.);
#201=FACE_OUTER_BOUND('',#275,.T.);
#202=FACE_OUTER_BOUND('',#276,.T.);
#203=FACE_OUTER_BOUND('',#277,.T.);
#204=FACE_OUTER_BOUND('',#278,.T.);
#205=FACE_OUTER_BOUND('',#280,.T.);
#206=FACE_OUTER_BOUND('',#281,.T.);
#207=FACE_OUTER_BOUND('',#282,.T.);
#208=FACE_OUTER_BOUND('',#283,.T.);
#209=FACE_OUTER_BOUND('',#284,.T.);
#210=FACE_OUTER_BOUND('',#285,.T.);
#211=FACE_OUTER_BOUND('',#286,.T.);
#212=FACE_OUTER_BOUND('',#287,.T.);
#213=FACE_OUTER_BOUND('',#288,.T.);
#214=FACE_OUTER_BOUND('',#289,.T.);
#215=FACE_OUTER_BOUND('',#290,.T.);
#216=FACE_OUTER_BOUND('',#291,.T.);
#217=FACE_OUTER_BOUND('',#293,.T.);
#218=FACE_OUTER_BOUND('',#294,.T.);
#219=FACE_OUTER_BOUND('',#295,.T.);
#220=FACE_OUTER_BOUND('',#297,.T.);
#221=FACE_OUTER_BOUND('',#298,.T.);
#222=FACE_OUTER_BOUND('',#299,.T.);
#223=FACE_OUTER_BOUND('',#300,.T.);
#224=FACE_OUTER_BOUND('',#301,.T.);
#225=FACE_OUTER_BOUND('',#302,.T.);
#226=FACE_OUTER_BOUND('',#303,.T.);
#227=FACE_OUTER_BOUND('',#304,.T.);
#228=FACE_OUTER_BOUND('',#305,.T.);
#229=FACE_OUTER_BOUND('',#306,.T.);
#230=FACE_OUTER_BOUND('',#307,.T.);
#231=FACE_OUTER_BOUND('',#308,.T.);
#232=FACE_OUTER_BOUND('',#309,.T.);
#233=FACE_OUTER_BOUND('',#310,.T.);
#234=FACE_OUTER_BOUND('',#311,.T.);
#235=FACE_OUTER_BOUND('',#312,.T.);
#236=FACE_OUTER_BOUND('',#313,.T.);
#237=FACE_OUTER_BOUND('',#314,.T.);
#238=FACE_OUTER_BOUND('',#315,.T.);
#239=FACE_OUTER_BOUND('',#316,.T.);
#240=FACE_OUTER_BOUND('',#317,.T.);
#241=FACE_OUTER_BOUND('',#318,.T.);
#242=FACE_OUTER_BOUND('',#319,.T.);
#243=FACE_OUTER_BOUND('',#320,.T.);
#244=FACE_OUTER_BOUND('',#321,.T.);
#245=FACE_OUTER_BOUND('',#322,.T.);
#246=FACE_OUTER_BOUND('',#323,.T.);
#247=FACE_OUTER_BOUND('',#324,.T.);
#248=FACE_OUTER_BOUND('',#325,.T.);
#249=FACE_OUTER_BOUND('',#326,.T.);
#250=EDGE_LOOP('',(#705,#706,#707,#708));
#251=EDGE_LOOP('',(#709));
#252=EDGE_LOOP('',(#710,#711,#712,#713,#714));
#253=EDGE_LOOP('',(#715));
#254=EDGE_LOOP('',(#716,#717,#718,#719,#720,#721,#722,#723));
#255=EDGE_LOOP('',(#724,#725,#726,#727,#728,#729));
#256=EDGE_LOOP('',(#730,#731,#732,#733,#734,#735));
#257=EDGE_LOOP('',(#736,#737,#738,#739,#740));
#258=EDGE_LOOP('',(#741,#742,#743,#744));
#259=EDGE_LOOP('',(#745,#746,#747,#748));
#260=EDGE_LOOP('',(#749,#750,#751,#752));
#261=EDGE_LOOP('',(#753,#754,#755,#756));
#262=EDGE_LOOP('',(#757,#758,#759,#760));
#263=EDGE_LOOP('',(#761,#762,#763,#764));
#264=EDGE_LOOP('',(#765,#766,#767,#768));
#265=EDGE_LOOP('',(#769,#770,#771,#772));
#266=EDGE_LOOP('',(#773,#774,#775,#776));
#267=EDGE_LOOP('',(#777,#778,#779,#780));
#268=EDGE_LOOP('',(#781,#782,#783,#784));
#269=EDGE_LOOP('',(#785,#786,#787,#788));
#270=EDGE_LOOP('',(#789,#790,#791,#792,#793,#794,#795,#796,#797,#798,#799));
#271=EDGE_LOOP('',(#800,#801,#802,#803,#804,#805,#806,#807));
#272=EDGE_LOOP('',(#808,#809,#810,#811,#812,#813,#814,#815));
#273=EDGE_LOOP('',(#816,#817,#818,#819,#820,#821));
#274=EDGE_LOOP('',(#822,#823,#824,#825));
#275=EDGE_LOOP('',(#826,#827,#828,#829));
#276=EDGE_LOOP('',(#830,#831,#832,#833));
#277=EDGE_LOOP('',(#834,#835,#836,#837));
#278=EDGE_LOOP('',(#838));
#279=EDGE_LOOP('',(#839));
#280=EDGE_LOOP('',(#840,#841,#842,#843,#844));
#281=EDGE_LOOP('',(#845,#846,#847,#848,#849,#850,#851,#852,#853,#854,#855,
#856,#857,#858,#859,#860,#861));
#282=EDGE_LOOP('',(#862,#863,#864,#865));
#283=EDGE_LOOP('',(#866,#867,#868,#869));
#284=EDGE_LOOP('',(#870,#871,#872,#873));
#285=EDGE_LOOP('',(#874,#875,#876,#877));
#286=EDGE_LOOP('',(#878,#879,#880,#881));
#287=EDGE_LOOP('',(#882,#883,#884,#885));
#288=EDGE_LOOP('',(#886,#887,#888,#889));
#289=EDGE_LOOP('',(#890,#891,#892,#893));
#290=EDGE_LOOP('',(#894,#895,#896,#897));
#291=EDGE_LOOP('',(#898,#899,#900,#901));
#292=EDGE_LOOP('',(#902));
#293=EDGE_LOOP('',(#903,#904,#905,#906));
#294=EDGE_LOOP('',(#907,#908,#909,#910));
#295=EDGE_LOOP('',(#911,#912,#913,#914));
#296=EDGE_LOOP('',(#915));
#297=EDGE_LOOP('',(#916,#917,#918,#919));
#298=EDGE_LOOP('',(#920,#921,#922,#923));
#299=EDGE_LOOP('',(#924,#925,#926,#927,#928));
#300=EDGE_LOOP('',(#929,#930,#931,#932));
#301=EDGE_LOOP('',(#933,#934,#935,#936,#937));
#302=EDGE_LOOP('',(#938,#939,#940,#941,#942,#943,#944,#945));
#303=EDGE_LOOP('',(#946,#947,#948,#949,#950,#951,#952,#953));
#304=EDGE_LOOP('',(#954,#955,#956,#957,#958));
#305=EDGE_LOOP('',(#959,#960,#961,#962));
#306=EDGE_LOOP('',(#963,#964,#965,#966,#967,#968));
#307=EDGE_LOOP('',(#969,#970,#971,#972,#973));
#308=EDGE_LOOP('',(#974,#975,#976,#977));
#309=EDGE_LOOP('',(#978,#979,#980,#981));
#310=EDGE_LOOP('',(#982,#983,#984,#985));
#311=EDGE_LOOP('',(#986,#987,#988,#989));
#312=EDGE_LOOP('',(#990,#991,#992,#993));
#313=EDGE_LOOP('',(#994,#995,#996,#997));
#314=EDGE_LOOP('',(#998,#999,#1000,#1001));
#315=EDGE_LOOP('',(#1002,#1003,#1004,#1005,#1006));
#316=EDGE_LOOP('',(#1007,#1008,#1009,#1010));
#317=EDGE_LOOP('',(#1011,#1012,#1013,#1014));
#318=EDGE_LOOP('',(#1015,#1016,#1017,#1018));
#319=EDGE_LOOP('',(#1019,#1020,#1021,#1022));
#320=EDGE_LOOP('',(#1023,#1024,#1025,#1026));
#321=EDGE_LOOP('',(#1027,#1028,#1029,#1030,#1031,#1032));
#322=EDGE_LOOP('',(#1033,#1034,#1035,#1036));
#323=EDGE_LOOP('',(#1037,#1038,#1039,#1040));
#324=EDGE_LOOP('',(#1041,#1042,#1043,#1044));
#325=EDGE_LOOP('',(#1045));
#326=EDGE_LOOP('',(#1046));
#327=CIRCLE('',#1158,10.4644660940673);
#328=CIRCLE('',#1159,5.);
#329=CIRCLE('',#1160,6.92893218813453);
#330=CIRCLE('',#1162,11.5355339059327);
#331=CIRCLE('',#1163,11.5355339059327);
#332=CIRCLE('',#1165,1.1);
#333=CIRCLE('',#1166,1.1);
#334=CIRCLE('',#1167,1.1);
#335=CIRCLE('',#1168,1.1);
#336=CIRCLE('',#1170,0.875);
#337=CIRCLE('',#1171,0.875);
#338=CIRCLE('',#1173,5.);
#339=CIRCLE('',#1174,13.);
#340=CIRCLE('',#1175,13.);
#341=CIRCLE('',#1177,13.);
#342=CIRCLE('',#1179,0.3);
#343=CIRCLE('',#1180,1.4);
#344=CIRCLE('',#1181,0.3);
#345=CIRCLE('',#1182,1.1);
#346=CIRCLE('',#1183,0.3);
#347=CIRCLE('',#1185,1.4);
#348=CIRCLE('',#1186,0.3);
#349=CIRCLE('',#1187,1.1);
#350=CIRCLE('',#1189,0.3);
#351=CIRCLE('',#1191,0.3);
#352=CIRCLE('',#1192,1.1);
#353=CIRCLE('',#1193,1.4);
#354=CIRCLE('',#1195,0.3);
#355=CIRCLE('',#1197,0.3);
#356=CIRCLE('',#1198,1.1);
#357=CIRCLE('',#1199,1.4);
#358=CIRCLE('',#1200,0.3);
#359=CIRCLE('',#1202,1.4);
#360=CIRCLE('',#1203,0.3);
#361=CIRCLE('',#1204,1.1);
#362=CIRCLE('',#1206,0.3);
#363=CIRCLE('',#1208,0.3);
#364=CIRCLE('',#1209,1.1);
#365=CIRCLE('',#1210,1.4);
#366=CIRCLE('',#1213,5.07842712474619);
#367=CIRCLE('',#1214,9.27157287525381);
#368=CIRCLE('',#1215,9.27157287525381);
#369=CIRCLE('',#1216,5.07842712474619);
#370=CIRCLE('',#1218,5.07842712474619);
#371=CIRCLE('',#1219,9.27157287525381);
#372=CIRCLE('',#1220,5.07842712474619);
#373=CIRCLE('',#1222,3.6642135623731);
#374=CIRCLE('',#1228,12.9);
#375=CIRCLE('',#1229,0.1);
#376=CIRCLE('',#1231,12.4);
#377=CIRCLE('',#1233,0.3);
#378=CIRCLE('',#1234,12.1);
#379=CIRCLE('',#1235,12.1);
#380=CIRCLE('',#1237,12.1);
#381=CIRCLE('',#1238,12.1);
#382=CIRCLE('',#1239,12.1);
#383=CIRCLE('',#1240,12.1);
#384=CIRCLE('',#1241,12.1);
#385=CIRCLE('',#1243,0.299999999999999);
#386=CIRCLE('',#1244,2.3);
#387=CIRCLE('',#1245,2.);
#388=CIRCLE('',#1247,0.3);
#389=CIRCLE('',#1248,1.95);
#390=CIRCLE('',#1249,2.25);
#391=CIRCLE('',#1251,2.3);
#392=CIRCLE('',#1252,2.);
#393=CIRCLE('',#1254,2.);
#394=CIRCLE('',#1256,2.25);
#395=CIRCLE('',#1258,2.);
#396=CIRCLE('',#1260,0.3);
#397=CIRCLE('',#1261,2.);
#398=CIRCLE('',#1262,2.3);
#399=CIRCLE('',#1264,0.3);
#400=CIRCLE('',#1265,2.25);
#401=CIRCLE('',#1266,1.95);
#402=CIRCLE('',#1268,2.);
#403=CIRCLE('',#1269,2.3);
#404=CIRCLE('',#1271,1.1);
#405=CIRCLE('',#1273,1.1);
#406=CIRCLE('',#1274,0.800000000000001);
#407=CIRCLE('',#1276,0.800000000000001);
#408=CIRCLE('',#1279,0.800000000000001);
#409=CIRCLE('',#1281,0.800000000000001);
#410=CIRCLE('',#1283,1.41421356237309);
#411=CIRCLE('',#1285,2.8357864376269);
#412=CIRCLE('',#1287,1.4142135623731);
#413=CIRCLE('',#1289,3.6642135623731);
#414=CIRCLE('',#1291,10.6857864376269);
#415=CIRCLE('',#1293,1.41421356237309);
#416=CIRCLE('',#1295,2.8357864376269);
#417=CIRCLE('',#1297,10.6857864376269);
#418=CIRCLE('',#1299,1.4142135623731);
#419=CIRCLE('',#1301,11.5142135623731);
#420=CIRCLE('',#1303,2.);
#421=CIRCLE('',#1304,2.25);
#422=CIRCLE('',#1305,2.);
#423=CIRCLE('',#1307,2.);
#424=CIRCLE('',#1308,2.);
#425=CIRCLE('',#1310,2.);
#426=CIRCLE('',#1311,11.5142135623731);
#427=CIRCLE('',#1313,2.);
#428=CIRCLE('',#1315,2.);
#429=CIRCLE('',#1317,2.);
#430=CIRCLE('',#1319,2.);
#431=CIRCLE('',#1321,2.);
#432=VERTEX_POINT('',#1730);
#433=VERTEX_POINT('',#1732);
#434=VERTEX_POINT('',#1735);
#435=VERTEX_POINT('',#1779);
#436=VERTEX_POINT('',#1781);
#437=VERTEX_POINT('',#1785);
#438=VERTEX_POINT('',#1786);
#439=VERTEX_POINT('',#1788);
#440=VERTEX_POINT('',#1790);
#441=VERTEX_POINT('',#1792);
#442=VERTEX_POINT('',#1794);
#443=VERTEX_POINT('',#1796);
#444=VERTEX_POINT('',#1798);
#445=VERTEX_POINT('',#1802);
#446=VERTEX_POINT('',#1804);
#447=VERTEX_POINT('',#1806);
#448=VERTEX_POINT('',#1820);
#449=VERTEX_POINT('',#1822);
#450=VERTEX_POINT('',#1826);
#451=VERTEX_POINT('',#1830);
#452=VERTEX_POINT('',#1831);
#453=VERTEX_POINT('',#1833);
#454=VERTEX_POINT('',#1835);
#455=VERTEX_POINT('',#1858);
#456=VERTEX_POINT('',#1859);
#457=VERTEX_POINT('',#1870);
#458=VERTEX_POINT('',#1872);
#459=VERTEX_POINT('',#1876);
#460=VERTEX_POINT('',#1877);
#461=VERTEX_POINT('',#1882);
#462=VERTEX_POINT('',#1883);
#463=VERTEX_POINT('',#1888);
#464=VERTEX_POINT('',#1889);
#465=VERTEX_POINT('',#1894);
#466=VERTEX_POINT('',#1895);
#467=VERTEX_POINT('',#1919);
#468=VERTEX_POINT('',#1920);
#469=VERTEX_POINT('',#1931);
#470=VERTEX_POINT('',#1933);
#471=VERTEX_POINT('',#1937);
#472=VERTEX_POINT('',#1938);
#473=VERTEX_POINT('',#1943);
#474=VERTEX_POINT('',#1944);
#475=VERTEX_POINT('',#1952);
#476=VERTEX_POINT('',#1955);
#477=VERTEX_POINT('',#1959);
#478=VERTEX_POINT('',#1961);
#479=VERTEX_POINT('',#1965);
#480=VERTEX_POINT('',#1974);
#481=VERTEX_POINT('',#1985);
#482=VERTEX_POINT('',#1987);
#483=VERTEX_POINT('',#2016);
#484=VERTEX_POINT('',#2020);
#485=VERTEX_POINT('',#2023);
#486=VERTEX_POINT('',#2025);
#487=VERTEX_POINT('',#2029);
#488=VERTEX_POINT('',#2031);
#489=VERTEX_POINT('',#2033);
#490=VERTEX_POINT('',#2035);
#491=VERTEX_POINT('',#2044);
#492=VERTEX_POINT('',#2046);
#493=VERTEX_POINT('',#2055);
#494=VERTEX_POINT('',#2057);
#495=VERTEX_POINT('',#2059);
#496=VERTEX_POINT('',#2061);
#497=VERTEX_POINT('',#2070);
#498=VERTEX_POINT('',#2072);
#499=VERTEX_POINT('',#2081);
#500=VERTEX_POINT('',#2085);
#501=VERTEX_POINT('',#2086);
#502=VERTEX_POINT('',#2091);
#503=VERTEX_POINT('',#2092);
#504=VERTEX_POINT('',#2100);
#505=VERTEX_POINT('',#2104);
#506=VERTEX_POINT('',#2110);
#507=VERTEX_POINT('',#2111);
#508=VERTEX_POINT('',#2116);
#509=VERTEX_POINT('',#2117);
#510=VERTEX_POINT('',#2125);
#511=VERTEX_POINT('',#2128);
#512=VERTEX_POINT('',#2130);
#513=VERTEX_POINT('',#2134);
#514=VERTEX_POINT('',#2139);
#515=VERTEX_POINT('',#2143);
#516=VERTEX_POINT('',#2147);
#517=VERTEX_POINT('',#2149);
#518=VERTEX_POINT('',#2151);
#519=VERTEX_POINT('',#2166);
#520=VERTEX_POINT('',#2170);
#521=VERTEX_POINT('',#2183);
#522=VERTEX_POINT('',#2187);
#523=VERTEX_POINT('',#2196);
#524=VERTEX_POINT('',#2207);
#525=VERTEX_POINT('',#2209);
#526=VERTEX_POINT('',#2229);
#527=VERTEX_POINT('',#2244);
#528=VERTEX_POINT('',#2246);
#529=VERTEX_POINT('',#2250);
#530=VERTEX_POINT('',#2254);
#531=VERTEX_POINT('',#2269);
#532=VERTEX_POINT('',#2275);
#533=VERTEX_POINT('',#2277);
#534=EDGE_CURVE('',#432,#432,#327,.T.);
#535=EDGE_CURVE('',#432,#433,#328,.T.);
#536=EDGE_CURVE('',#433,#433,#329,.T.);
#537=EDGE_CURVE('',#434,#434,#156,.T.);
#538=EDGE_CURVE('',#432,#435,#52,.T.);
#539=EDGE_CURVE('',#436,#435,#330,.T.);
#540=EDGE_CURVE('',#435,#436,#331,.T.);
#541=EDGE_CURVE('',#437,#438,#53,.T.);
#542=EDGE_CURVE('',#439,#438,#332,.T.);
#543=EDGE_CURVE('',#439,#440,#54,.T.);
#544=EDGE_CURVE('',#441,#440,#333,.T.);
#545=EDGE_CURVE('',#441,#442,#55,.T.);
#546=EDGE_CURVE('',#443,#442,#334,.T.);
#547=EDGE_CURVE('',#443,#444,#56,.T.);
#548=EDGE_CURVE('',#437,#444,#335,.T.);
#549=EDGE_CURVE('',#434,#445,#57,.T.);
#550=EDGE_CURVE('',#446,#445,#336,.T.);
#551=EDGE_CURVE('',#446,#447,#157,.F.);
#552=EDGE_CURVE('',#445,#447,#337,.T.);
#553=EDGE_CURVE('',#436,#448,#338,.T.);
#554=EDGE_CURVE('',#448,#449,#339,.T.);
#555=EDGE_CURVE('',#449,#448,#340,.T.);
#556=EDGE_CURVE('',#450,#450,#341,.T.);
#557=EDGE_CURVE('',#450,#449,#58,.T.);
#558=EDGE_CURVE('',#451,#452,#342,.T.);
#559=EDGE_CURVE('',#452,#453,#343,.T.);
#560=EDGE_CURVE('',#453,#454,#344,.T.);
#561=EDGE_CURVE('',#454,#451,#345,.T.);
#562=EDGE_CURVE('',#455,#456,#346,.T.);
#563=EDGE_CURVE('',#456,#454,#158,.T.);
#564=EDGE_CURVE('',#453,#455,#159,.T.);
#565=EDGE_CURVE('',#455,#457,#347,.T.);
#566=EDGE_CURVE('',#457,#458,#348,.T.);
#567=EDGE_CURVE('',#458,#456,#349,.T.);
#568=EDGE_CURVE('',#459,#460,#350,.T.);
#569=EDGE_CURVE('',#460,#458,#59,.T.);
#570=EDGE_CURVE('',#457,#459,#60,.T.);
#571=EDGE_CURVE('',#461,#462,#351,.T.);
#572=EDGE_CURVE('',#462,#460,#352,.T.);
#573=EDGE_CURVE('',#459,#461,#353,.T.);
#574=EDGE_CURVE('',#463,#464,#354,.T.);
#575=EDGE_CURVE('',#464,#462,#61,.T.);
#576=EDGE_CURVE('',#461,#463,#62,.T.);
#577=EDGE_CURVE('',#465,#466,#355,.T.);
#578=EDGE_CURVE('',#466,#464,#356,.T.);
#579=EDGE_CURVE('',#463,#465,#357,.T.);
#580=EDGE_CURVE('',#467,#468,#358,.T.);
#581=EDGE_CURVE('',#468,#466,#160,.T.);
#582=EDGE_CURVE('',#465,#467,#161,.T.);
#583=EDGE_CURVE('',#467,#469,#359,.T.);
#584=EDGE_CURVE('',#469,#470,#360,.T.);
#585=EDGE_CURVE('',#470,#468,#361,.T.);
#586=EDGE_CURVE('',#471,#472,#362,.T.);
#587=EDGE_CURVE('',#472,#470,#63,.T.);
#588=EDGE_CURVE('',#469,#471,#64,.T.);
#589=EDGE_CURVE('',#473,#474,#363,.T.);
#590=EDGE_CURVE('',#474,#472,#364,.T.);
#591=EDGE_CURVE('',#471,#473,#365,.T.);
#592=EDGE_CURVE('',#473,#452,#65,.T.);
#593=EDGE_CURVE('',#451,#474,#66,.T.);
#594=EDGE_CURVE('',#475,#467,#366,.T.);
#595=EDGE_CURVE('',#446,#475,#367,.T.);
#596=EDGE_CURVE('',#476,#447,#368,.T.);
#597=EDGE_CURVE('',#453,#476,#369,.T.);
#598=EDGE_CURVE('',#477,#455,#370,.T.);
#599=EDGE_CURVE('',#478,#477,#371,.T.);
#600=EDGE_CURVE('',#465,#478,#372,.T.);
#601=EDGE_CURVE('',#479,#476,#162,.T.);
#602=EDGE_CURVE('',#480,#479,#163,.T.);
#603=EDGE_CURVE('',#480,#481,#373,.T.);
#604=EDGE_CURVE('',#482,#481,#164,.T.);
#605=EDGE_CURVE('',#477,#482,#165,.T.);
#606=EDGE_CURVE('',#470,#439,#67,.T.);
#607=EDGE_CURVE('',#438,#464,#68,.T.);
#608=EDGE_CURVE('',#440,#472,#69,.T.);
#609=EDGE_CURVE('',#474,#441,#70,.T.);
#610=EDGE_CURVE('',#442,#451,#71,.T.);
#611=EDGE_CURVE('',#483,#483,#374,.T.);
#612=EDGE_CURVE('',#483,#450,#375,.T.);
#613=EDGE_CURVE('',#484,#484,#376,.T.);
#614=EDGE_CURVE('',#484,#485,#377,.T.);
#615=EDGE_CURVE('',#485,#486,#378,.T.);
#616=EDGE_CURVE('',#486,#485,#379,.T.);
#617=EDGE_CURVE('',#486,#487,#72,.T.);
#618=EDGE_CURVE('',#488,#487,#380,.T.);
#619=EDGE_CURVE('',#489,#488,#73,.T.);
#620=EDGE_CURVE('',#490,#489,#166,.F.);
#621=EDGE_CURVE('',#490,#491,#381,.T.);
#622=EDGE_CURVE('',#492,#491,#167,.F.);
#623=EDGE_CURVE('',#493,#492,#74,.T.);
#624=EDGE_CURVE('',#494,#493,#382,.T.);
#625=EDGE_CURVE('',#495,#494,#75,.T.);
#626=EDGE_CURVE('',#496,#495,#168,.F.);
#627=EDGE_CURVE('',#496,#497,#383,.T.);
#628=EDGE_CURVE('',#498,#497,#169,.F.);
#629=EDGE_CURVE('',#499,#498,#76,.T.);
#630=EDGE_CURVE('',#487,#499,#384,.T.);
#631=EDGE_CURVE('',#500,#501,#385,.T.);
#632=EDGE_CURVE('',#501,#490,#386,.T.);
#633=EDGE_CURVE('',#489,#500,#387,.T.);
#634=EDGE_CURVE('',#502,#503,#388,.T.);
#635=EDGE_CURVE('',#503,#501,#389,.T.);
#636=EDGE_CURVE('',#500,#502,#390,.T.);
#637=EDGE_CURVE('',#491,#503,#391,.T.);
#638=EDGE_CURVE('',#502,#492,#392,.T.);
#639=EDGE_CURVE('',#502,#504,#77,.T.);
#640=EDGE_CURVE('',#493,#504,#393,.T.);
#641=EDGE_CURVE('',#505,#500,#78,.T.);
#642=EDGE_CURVE('',#504,#505,#394,.T.);
#643=EDGE_CURVE('',#505,#488,#395,.T.);
#644=EDGE_CURVE('',#506,#507,#396,.T.);
#645=EDGE_CURVE('',#507,#498,#397,.T.);
#646=EDGE_CURVE('',#497,#506,#398,.T.);
#647=EDGE_CURVE('',#508,#509,#399,.T.);
#648=EDGE_CURVE('',#509,#507,#400,.T.);
#649=EDGE_CURVE('',#506,#508,#401,.T.);
#650=EDGE_CURVE('',#495,#509,#402,.T.);
#651=EDGE_CURVE('',#508,#496,#403,.T.);
#652=EDGE_CURVE('',#510,#510,#404,.T.);
#653=EDGE_CURVE('',#511,#511,#405,.T.);
#654=EDGE_CURVE('',#511,#512,#79,.T.);
#655=EDGE_CURVE('',#512,#512,#406,.T.);
#656=EDGE_CURVE('',#512,#513,#80,.T.);
#657=EDGE_CURVE('',#513,#513,#407,.T.);
#658=EDGE_CURVE('',#510,#514,#81,.T.);
#659=EDGE_CURVE('',#514,#514,#408,.T.);
#660=EDGE_CURVE('',#514,#515,#82,.T.);
#661=EDGE_CURVE('',#515,#515,#409,.T.);
#662=EDGE_CURVE('',#516,#481,#83,.T.);
#663=EDGE_CURVE('',#517,#516,#410,.T.);
#664=EDGE_CURVE('',#518,#517,#84,.T.);
#665=EDGE_CURVE('',#518,#482,#170,.T.);
#666=EDGE_CURVE('',#480,#519,#85,.T.);
#667=EDGE_CURVE('',#516,#519,#411,.T.);
#668=EDGE_CURVE('',#479,#520,#171,.T.);
#669=EDGE_CURVE('',#521,#520,#86,.T.);
#670=EDGE_CURVE('',#519,#521,#412,.T.);
#671=EDGE_CURVE('',#522,#478,#172,.T.);
#672=EDGE_CURVE('',#523,#522,#173,.T.);
#673=EDGE_CURVE('',#523,#524,#413,.T.);
#674=EDGE_CURVE('',#525,#524,#174,.T.);
#675=EDGE_CURVE('',#475,#525,#175,.T.);
#676=EDGE_CURVE('',#526,#525,#176,.T.);
#677=EDGE_CURVE('',#526,#520,#414,.T.);
#678=EDGE_CURVE('',#527,#524,#87,.T.);
#679=EDGE_CURVE('',#528,#527,#415,.T.);
#680=EDGE_CURVE('',#526,#528,#88,.T.);
#681=EDGE_CURVE('',#523,#529,#89,.T.);
#682=EDGE_CURVE('',#527,#529,#416,.T.);
#683=EDGE_CURVE('',#518,#530,#417,.T.);
#684=EDGE_CURVE('',#522,#530,#177,.T.);
#685=EDGE_CURVE('',#531,#530,#90,.T.);
#686=EDGE_CURVE('',#529,#531,#418,.T.);
#687=EDGE_CURVE('',#531,#517,#419,.T.);
#688=EDGE_CURVE('',#529,#532,#420,.T.);
#689=EDGE_CURVE('',#532,#533,#421,.T.);
#690=EDGE_CURVE('',#533,#527,#422,.T.);
#691=EDGE_CURVE('',#533,#494,#423,.T.);
#692=EDGE_CURVE('',#494,#528,#424,.T.);
#693=EDGE_CURVE('',#493,#521,#425,.T.);
#694=EDGE_CURVE('',#521,#528,#426,.T.);
#695=EDGE_CURVE('',#504,#519,#427,.T.);
#696=EDGE_CURVE('',#505,#516,#428,.T.);
#697=EDGE_CURVE('',#488,#517,#429,.T.);
#698=EDGE_CURVE('',#499,#531,#430,.T.);
#699=EDGE_CURVE('',#499,#532,#431,.T.);
#700=EDGE_CURVE('',#533,#509,#91,.T.);
#701=EDGE_CURVE('',#507,#532,#92,.T.);
#702=EDGE_CURVE('',#458,#443,#93,.T.);
#703=EDGE_CURVE('',#444,#460,#94,.T.);
#704=EDGE_CURVE('',#462,#437,#95,.T.);
#705=ORIENTED_EDGE('',*,*,#534,.T.);
#706=ORIENTED_EDGE('',*,*,#535,.T.);
#707=ORIENTED_EDGE('',*,*,#536,.T.);
#708=ORIENTED_EDGE('',*,*,#535,.F.);
#709=ORIENTED_EDGE('',*,*,#537,.T.);
#710=ORIENTED_EDGE('',*,*,#534,.F.);
#711=ORIENTED_EDGE('',*,*,#538,.T.);
#712=ORIENTED_EDGE('',*,*,#539,.F.);
#713=ORIENTED_EDGE('',*,*,#540,.F.);
#714=ORIENTED_EDGE('',*,*,#538,.F.);
#715=ORIENTED_EDGE('',*,*,#536,.F.);
#716=ORIENTED_EDGE('',*,*,#541,.T.);
#717=ORIENTED_EDGE('',*,*,#542,.F.);
#718=ORIENTED_EDGE('',*,*,#543,.T.);
#719=ORIENTED_EDGE('',*,*,#544,.F.);
#720=ORIENTED_EDGE('',*,*,#545,.T.);
#721=ORIENTED_EDGE('',*,*,#546,.F.);
#722=ORIENTED_EDGE('',*,*,#547,.T.);
#723=ORIENTED_EDGE('',*,*,#548,.F.);
#724=ORIENTED_EDGE('',*,*,#537,.F.);
#725=ORIENTED_EDGE('',*,*,#549,.T.);
#726=ORIENTED_EDGE('',*,*,#550,.F.);
#727=ORIENTED_EDGE('',*,*,#551,.T.);
#728=ORIENTED_EDGE('',*,*,#552,.F.);
#729=ORIENTED_EDGE('',*,*,#549,.F.);
#730=ORIENTED_EDGE('',*,*,#540,.T.);
#731=ORIENTED_EDGE('',*,*,#553,.T.);
#732=ORIENTED_EDGE('',*,*,#554,.T.);
#733=ORIENTED_EDGE('',*,*,#555,.T.);
#734=ORIENTED_EDGE('',*,*,#553,.F.);
#735=ORIENTED_EDGE('',*,*,#539,.T.);
#736=ORIENTED_EDGE('',*,*,#556,.F.);
#737=ORIENTED_EDGE('',*,*,#557,.T.);
#738=ORIENTED_EDGE('',*,*,#554,.F.);
#739=ORIENTED_EDGE('',*,*,#555,.F.);
#740=ORIENTED_EDGE('',*,*,#557,.F.);
#741=ORIENTED_EDGE('',*,*,#558,.T.);
#742=ORIENTED_EDGE('',*,*,#559,.T.);
#743=ORIENTED_EDGE('',*,*,#560,.T.);
#744=ORIENTED_EDGE('',*,*,#561,.T.);
#745=ORIENTED_EDGE('',*,*,#562,.T.);
#746=ORIENTED_EDGE('',*,*,#563,.T.);
#747=ORIENTED_EDGE('',*,*,#560,.F.);
#748=ORIENTED_EDGE('',*,*,#564,.T.);
#749=ORIENTED_EDGE('',*,*,#562,.F.);
#750=ORIENTED_EDGE('',*,*,#565,.T.);
#751=ORIENTED_EDGE('',*,*,#566,.T.);
#752=ORIENTED_EDGE('',*,*,#567,.T.);
#753=ORIENTED_EDGE('',*,*,#568,.T.);
#754=ORIENTED_EDGE('',*,*,#569,.T.);
#755=ORIENTED_EDGE('',*,*,#566,.F.);
#756=ORIENTED_EDGE('',*,*,#570,.T.);
#757=ORIENTED_EDGE('',*,*,#571,.T.);
#758=ORIENTED_EDGE('',*,*,#572,.T.);
#759=ORIENTED_EDGE('',*,*,#568,.F.);
#760=ORIENTED_EDGE('',*,*,#573,.T.);
#761=ORIENTED_EDGE('',*,*,#574,.T.);
#762=ORIENTED_EDGE('',*,*,#575,.T.);
#763=ORIENTED_EDGE('',*,*,#571,.F.);
#764=ORIENTED_EDGE('',*,*,#576,.T.);
#765=ORIENTED_EDGE('',*,*,#577,.T.);
#766=ORIENTED_EDGE('',*,*,#578,.T.);
#767=ORIENTED_EDGE('',*,*,#574,.F.);
#768=ORIENTED_EDGE('',*,*,#579,.T.);
#769=ORIENTED_EDGE('',*,*,#580,.T.);
#770=ORIENTED_EDGE('',*,*,#581,.T.);
#771=ORIENTED_EDGE('',*,*,#577,.F.);
#772=ORIENTED_EDGE('',*,*,#582,.T.);
#773=ORIENTED_EDGE('',*,*,#580,.F.);
#774=ORIENTED_EDGE('',*,*,#583,.T.);
#775=ORIENTED_EDGE('',*,*,#584,.T.);
#776=ORIENTED_EDGE('',*,*,#585,.T.);
#777=ORIENTED_EDGE('',*,*,#586,.T.);
#778=ORIENTED_EDGE('',*,*,#587,.T.);
#779=ORIENTED_EDGE('',*,*,#584,.F.);
#780=ORIENTED_EDGE('',*,*,#588,.T.);
#781=ORIENTED_EDGE('',*,*,#589,.T.);
#782=ORIENTED_EDGE('',*,*,#590,.T.);
#783=ORIENTED_EDGE('',*,*,#586,.F.);
#784=ORIENTED_EDGE('',*,*,#591,.T.);
#785=ORIENTED_EDGE('',*,*,#589,.F.);
#786=ORIENTED_EDGE('',*,*,#592,.T.);
#787=ORIENTED_EDGE('',*,*,#558,.F.);
#788=ORIENTED_EDGE('',*,*,#593,.T.);
#789=ORIENTED_EDGE('',*,*,#583,.F.);
#790=ORIENTED_EDGE('',*,*,#594,.F.);
#791=ORIENTED_EDGE('',*,*,#595,.F.);
#792=ORIENTED_EDGE('',*,*,#550,.T.);
#793=ORIENTED_EDGE('',*,*,#552,.T.);
#794=ORIENTED_EDGE('',*,*,#596,.F.);
#795=ORIENTED_EDGE('',*,*,#597,.F.);
#796=ORIENTED_EDGE('',*,*,#559,.F.);
#797=ORIENTED_EDGE('',*,*,#592,.F.);
#798=ORIENTED_EDGE('',*,*,#591,.F.);
#799=ORIENTED_EDGE('',*,*,#588,.F.);
#800=ORIENTED_EDGE('',*,*,#579,.F.);
#801=ORIENTED_EDGE('',*,*,#576,.F.);
#802=ORIENTED_EDGE('',*,*,#573,.F.);
#803=ORIENTED_EDGE('',*,*,#570,.F.);
#804=ORIENTED_EDGE('',*,*,#565,.F.);
#805=ORIENTED_EDGE('',*,*,#598,.F.);
#806=ORIENTED_EDGE('',*,*,#599,.F.);
#807=ORIENTED_EDGE('',*,*,#600,.F.);
#808=ORIENTED_EDGE('',*,*,#564,.F.);
#809=ORIENTED_EDGE('',*,*,#597,.T.);
#810=ORIENTED_EDGE('',*,*,#601,.F.);
#811=ORIENTED_EDGE('',*,*,#602,.F.);
#812=ORIENTED_EDGE('',*,*,#603,.T.);
#813=ORIENTED_EDGE('',*,*,#604,.F.);
#814=ORIENTED_EDGE('',*,*,#605,.F.);
#815=ORIENTED_EDGE('',*,*,#598,.T.);
#816=ORIENTED_EDGE('',*,*,#578,.F.);
#817=ORIENTED_EDGE('',*,*,#581,.F.);
#818=ORIENTED_EDGE('',*,*,#585,.F.);
#819=ORIENTED_EDGE('',*,*,#606,.T.);
#820=ORIENTED_EDGE('',*,*,#542,.T.);
#821=ORIENTED_EDGE('',*,*,#607,.T.);
#822=ORIENTED_EDGE('',*,*,#587,.F.);
#823=ORIENTED_EDGE('',*,*,#608,.F.);
#824=ORIENTED_EDGE('',*,*,#543,.F.);
#825=ORIENTED_EDGE('',*,*,#606,.F.);
#826=ORIENTED_EDGE('',*,*,#590,.F.);
#827=ORIENTED_EDGE('',*,*,#609,.T.);
#828=ORIENTED_EDGE('',*,*,#544,.T.);
#829=ORIENTED_EDGE('',*,*,#608,.T.);
#830=ORIENTED_EDGE('',*,*,#593,.F.);
#831=ORIENTED_EDGE('',*,*,#610,.F.);
#832=ORIENTED_EDGE('',*,*,#545,.F.);
#833=ORIENTED_EDGE('',*,*,#609,.F.);
#834=ORIENTED_EDGE('',*,*,#611,.T.);
#835=ORIENTED_EDGE('',*,*,#612,.T.);
#836=ORIENTED_EDGE('',*,*,#556,.T.);
#837=ORIENTED_EDGE('',*,*,#612,.F.);
#838=ORIENTED_EDGE('',*,*,#611,.F.);
#839=ORIENTED_EDGE('',*,*,#613,.F.);
#840=ORIENTED_EDGE('',*,*,#613,.T.);
#841=ORIENTED_EDGE('',*,*,#614,.T.);
#842=ORIENTED_EDGE('',*,*,#615,.T.);
#843=ORIENTED_EDGE('',*,*,#616,.T.);
#844=ORIENTED_EDGE('',*,*,#614,.F.);
#845=ORIENTED_EDGE('',*,*,#616,.F.);
#846=ORIENTED_EDGE('',*,*,#617,.T.);
#847=ORIENTED_EDGE('',*,*,#618,.F.);
#848=ORIENTED_EDGE('',*,*,#619,.F.);
#849=ORIENTED_EDGE('',*,*,#620,.F.);
#850=ORIENTED_EDGE('',*,*,#621,.T.);
#851=ORIENTED_EDGE('',*,*,#622,.F.);
#852=ORIENTED_EDGE('',*,*,#623,.F.);
#853=ORIENTED_EDGE('',*,*,#624,.F.);
#854=ORIENTED_EDGE('',*,*,#625,.F.);
#855=ORIENTED_EDGE('',*,*,#626,.F.);
#856=ORIENTED_EDGE('',*,*,#627,.T.);
#857=ORIENTED_EDGE('',*,*,#628,.F.);
#858=ORIENTED_EDGE('',*,*,#629,.F.);
#859=ORIENTED_EDGE('',*,*,#630,.F.);
#860=ORIENTED_EDGE('',*,*,#617,.F.);
#861=ORIENTED_EDGE('',*,*,#615,.F.);
#862=ORIENTED_EDGE('',*,*,#631,.T.);
#863=ORIENTED_EDGE('',*,*,#632,.T.);
#864=ORIENTED_EDGE('',*,*,#620,.T.);
#865=ORIENTED_EDGE('',*,*,#633,.T.);
#866=ORIENTED_EDGE('',*,*,#634,.T.);
#867=ORIENTED_EDGE('',*,*,#635,.T.);
#868=ORIENTED_EDGE('',*,*,#631,.F.);
#869=ORIENTED_EDGE('',*,*,#636,.T.);
#870=ORIENTED_EDGE('',*,*,#622,.T.);
#871=ORIENTED_EDGE('',*,*,#637,.T.);
#872=ORIENTED_EDGE('',*,*,#634,.F.);
#873=ORIENTED_EDGE('',*,*,#638,.T.);
#874=ORIENTED_EDGE('',*,*,#638,.F.);
#875=ORIENTED_EDGE('',*,*,#639,.T.);
#876=ORIENTED_EDGE('',*,*,#640,.F.);
#877=ORIENTED_EDGE('',*,*,#623,.T.);
#878=ORIENTED_EDGE('',*,*,#636,.F.);
#879=ORIENTED_EDGE('',*,*,#641,.F.);
#880=ORIENTED_EDGE('',*,*,#642,.F.);
#881=ORIENTED_EDGE('',*,*,#639,.F.);
#882=ORIENTED_EDGE('',*,*,#633,.F.);
#883=ORIENTED_EDGE('',*,*,#619,.T.);
#884=ORIENTED_EDGE('',*,*,#643,.F.);
#885=ORIENTED_EDGE('',*,*,#641,.T.);
#886=ORIENTED_EDGE('',*,*,#644,.T.);
#887=ORIENTED_EDGE('',*,*,#645,.T.);
#888=ORIENTED_EDGE('',*,*,#628,.T.);
#889=ORIENTED_EDGE('',*,*,#646,.T.);
#890=ORIENTED_EDGE('',*,*,#647,.T.);
#891=ORIENTED_EDGE('',*,*,#648,.T.);
#892=ORIENTED_EDGE('',*,*,#644,.F.);
#893=ORIENTED_EDGE('',*,*,#649,.T.);
#894=ORIENTED_EDGE('',*,*,#626,.T.);
#895=ORIENTED_EDGE('',*,*,#650,.T.);
#896=ORIENTED_EDGE('',*,*,#647,.F.);
#897=ORIENTED_EDGE('',*,*,#651,.T.);
#898=ORIENTED_EDGE('',*,*,#651,.F.);
#899=ORIENTED_EDGE('',*,*,#649,.F.);
#900=ORIENTED_EDGE('',*,*,#646,.F.);
#901=ORIENTED_EDGE('',*,*,#627,.F.);
#902=ORIENTED_EDGE('',*,*,#652,.F.);
#903=ORIENTED_EDGE('',*,*,#653,.T.);
#904=ORIENTED_EDGE('',*,*,#654,.T.);
#905=ORIENTED_EDGE('',*,*,#655,.T.);
#906=ORIENTED_EDGE('',*,*,#654,.F.);
#907=ORIENTED_EDGE('',*,*,#655,.F.);
#908=ORIENTED_EDGE('',*,*,#656,.T.);
#909=ORIENTED_EDGE('',*,*,#657,.T.);
#910=ORIENTED_EDGE('',*,*,#656,.F.);
#911=ORIENTED_EDGE('',*,*,#637,.F.);
#912=ORIENTED_EDGE('',*,*,#621,.F.);
#913=ORIENTED_EDGE('',*,*,#632,.F.);
#914=ORIENTED_EDGE('',*,*,#635,.F.);
#915=ORIENTED_EDGE('',*,*,#653,.F.);
#916=ORIENTED_EDGE('',*,*,#652,.T.);
#917=ORIENTED_EDGE('',*,*,#658,.T.);
#918=ORIENTED_EDGE('',*,*,#659,.T.);
#919=ORIENTED_EDGE('',*,*,#658,.F.);
#920=ORIENTED_EDGE('',*,*,#659,.F.);
#921=ORIENTED_EDGE('',*,*,#660,.T.);
#922=ORIENTED_EDGE('',*,*,#661,.T.);
#923=ORIENTED_EDGE('',*,*,#660,.F.);
#924=ORIENTED_EDGE('',*,*,#604,.T.);
#925=ORIENTED_EDGE('',*,*,#662,.F.);
#926=ORIENTED_EDGE('',*,*,#663,.F.);
#927=ORIENTED_EDGE('',*,*,#664,.F.);
#928=ORIENTED_EDGE('',*,*,#665,.T.);
#929=ORIENTED_EDGE('',*,*,#603,.F.);
#930=ORIENTED_EDGE('',*,*,#666,.T.);
#931=ORIENTED_EDGE('',*,*,#667,.F.);
#932=ORIENTED_EDGE('',*,*,#662,.T.);
#933=ORIENTED_EDGE('',*,*,#602,.T.);
#934=ORIENTED_EDGE('',*,*,#668,.T.);
#935=ORIENTED_EDGE('',*,*,#669,.F.);
#936=ORIENTED_EDGE('',*,*,#670,.F.);
#937=ORIENTED_EDGE('',*,*,#666,.F.);
#938=ORIENTED_EDGE('',*,*,#582,.F.);
#939=ORIENTED_EDGE('',*,*,#600,.T.);
#940=ORIENTED_EDGE('',*,*,#671,.F.);
#941=ORIENTED_EDGE('',*,*,#672,.F.);
#942=ORIENTED_EDGE('',*,*,#673,.T.);
#943=ORIENTED_EDGE('',*,*,#674,.F.);
#944=ORIENTED_EDGE('',*,*,#675,.F.);
#945=ORIENTED_EDGE('',*,*,#594,.T.);
#946=ORIENTED_EDGE('',*,*,#601,.T.);
#947=ORIENTED_EDGE('',*,*,#596,.T.);
#948=ORIENTED_EDGE('',*,*,#551,.F.);
#949=ORIENTED_EDGE('',*,*,#595,.T.);
#950=ORIENTED_EDGE('',*,*,#675,.T.);
#951=ORIENTED_EDGE('',*,*,#676,.F.);
#952=ORIENTED_EDGE('',*,*,#677,.T.);
#953=ORIENTED_EDGE('',*,*,#668,.F.);
#954=ORIENTED_EDGE('',*,*,#674,.T.);
#955=ORIENTED_EDGE('',*,*,#678,.F.);
#956=ORIENTED_EDGE('',*,*,#679,.F.);
#957=ORIENTED_EDGE('',*,*,#680,.F.);
#958=ORIENTED_EDGE('',*,*,#676,.T.);
#959=ORIENTED_EDGE('',*,*,#673,.F.);
#960=ORIENTED_EDGE('',*,*,#681,.T.);
#961=ORIENTED_EDGE('',*,*,#682,.F.);
#962=ORIENTED_EDGE('',*,*,#678,.T.);
#963=ORIENTED_EDGE('',*,*,#605,.T.);
#964=ORIENTED_EDGE('',*,*,#665,.F.);
#965=ORIENTED_EDGE('',*,*,#683,.T.);
#966=ORIENTED_EDGE('',*,*,#684,.F.);
#967=ORIENTED_EDGE('',*,*,#671,.T.);
#968=ORIENTED_EDGE('',*,*,#599,.T.);
#969=ORIENTED_EDGE('',*,*,#672,.T.);
#970=ORIENTED_EDGE('',*,*,#684,.T.);
#971=ORIENTED_EDGE('',*,*,#685,.F.);
#972=ORIENTED_EDGE('',*,*,#686,.F.);
#973=ORIENTED_EDGE('',*,*,#681,.F.);
#974=ORIENTED_EDGE('',*,*,#683,.F.);
#975=ORIENTED_EDGE('',*,*,#664,.T.);
#976=ORIENTED_EDGE('',*,*,#687,.F.);
#977=ORIENTED_EDGE('',*,*,#685,.T.);
#978=ORIENTED_EDGE('',*,*,#688,.T.);
#979=ORIENTED_EDGE('',*,*,#689,.T.);
#980=ORIENTED_EDGE('',*,*,#690,.T.);
#981=ORIENTED_EDGE('',*,*,#682,.T.);
#982=ORIENTED_EDGE('',*,*,#690,.F.);
#983=ORIENTED_EDGE('',*,*,#691,.T.);
#984=ORIENTED_EDGE('',*,*,#692,.T.);
#985=ORIENTED_EDGE('',*,*,#679,.T.);
#986=ORIENTED_EDGE('',*,*,#692,.F.);
#987=ORIENTED_EDGE('',*,*,#624,.T.);
#988=ORIENTED_EDGE('',*,*,#693,.T.);
#989=ORIENTED_EDGE('',*,*,#694,.T.);
#990=ORIENTED_EDGE('',*,*,#693,.F.);
#991=ORIENTED_EDGE('',*,*,#640,.T.);
#992=ORIENTED_EDGE('',*,*,#695,.T.);
#993=ORIENTED_EDGE('',*,*,#670,.T.);
#994=ORIENTED_EDGE('',*,*,#695,.F.);
#995=ORIENTED_EDGE('',*,*,#642,.T.);
#996=ORIENTED_EDGE('',*,*,#696,.T.);
#997=ORIENTED_EDGE('',*,*,#667,.T.);
#998=ORIENTED_EDGE('',*,*,#696,.F.);
#999=ORIENTED_EDGE('',*,*,#643,.T.);
#1000=ORIENTED_EDGE('',*,*,#697,.T.);
#1001=ORIENTED_EDGE('',*,*,#663,.T.);
#1002=ORIENTED_EDGE('',*,*,#697,.F.);
#1003=ORIENTED_EDGE('',*,*,#618,.T.);
#1004=ORIENTED_EDGE('',*,*,#630,.T.);
#1005=ORIENTED_EDGE('',*,*,#698,.T.);
#1006=ORIENTED_EDGE('',*,*,#687,.T.);
#1007=ORIENTED_EDGE('',*,*,#698,.F.);
#1008=ORIENTED_EDGE('',*,*,#699,.T.);
#1009=ORIENTED_EDGE('',*,*,#688,.F.);
#1010=ORIENTED_EDGE('',*,*,#686,.T.);
#1011=ORIENTED_EDGE('',*,*,#650,.F.);
#1012=ORIENTED_EDGE('',*,*,#625,.T.);
#1013=ORIENTED_EDGE('',*,*,#691,.F.);
#1014=ORIENTED_EDGE('',*,*,#700,.T.);
#1015=ORIENTED_EDGE('',*,*,#648,.F.);
#1016=ORIENTED_EDGE('',*,*,#700,.F.);
#1017=ORIENTED_EDGE('',*,*,#689,.F.);
#1018=ORIENTED_EDGE('',*,*,#701,.F.);
#1019=ORIENTED_EDGE('',*,*,#677,.F.);
#1020=ORIENTED_EDGE('',*,*,#680,.T.);
#1021=ORIENTED_EDGE('',*,*,#694,.F.);
#1022=ORIENTED_EDGE('',*,*,#669,.T.);
#1023=ORIENTED_EDGE('',*,*,#645,.F.);
#1024=ORIENTED_EDGE('',*,*,#701,.T.);
#1025=ORIENTED_EDGE('',*,*,#699,.F.);
#1026=ORIENTED_EDGE('',*,*,#629,.T.);
#1027=ORIENTED_EDGE('',*,*,#567,.F.);
#1028=ORIENTED_EDGE('',*,*,#702,.T.);
#1029=ORIENTED_EDGE('',*,*,#546,.T.);
#1030=ORIENTED_EDGE('',*,*,#610,.T.);
#1031=ORIENTED_EDGE('',*,*,#561,.F.);
#1032=ORIENTED_EDGE('',*,*,#563,.F.);
#1033=ORIENTED_EDGE('',*,*,#569,.F.);
#1034=ORIENTED_EDGE('',*,*,#703,.F.);
#1035=ORIENTED_EDGE('',*,*,#547,.F.);
#1036=ORIENTED_EDGE('',*,*,#702,.F.);
#1037=ORIENTED_EDGE('',*,*,#572,.F.);
#1038=ORIENTED_EDGE('',*,*,#704,.T.);
#1039=ORIENTED_EDGE('',*,*,#548,.T.);
#1040=ORIENTED_EDGE('',*,*,#703,.T.);
#1041=ORIENTED_EDGE('',*,*,#575,.F.);
#1042=ORIENTED_EDGE('',*,*,#607,.F.);
#1043=ORIENTED_EDGE('',*,*,#541,.F.);
#1044=ORIENTED_EDGE('',*,*,#704,.F.);
#1045=ORIENTED_EDGE('',*,*,#661,.F.);
#1046=ORIENTED_EDGE('',*,*,#657,.F.);
#1047=TOROIDAL_SURFACE('',#1157,6.92893218813453,5.);
#1048=TOROIDAL_SURFACE('',#1172,8.,5.);
#1049=TOROIDAL_SURFACE('',#1178,1.4,0.3);
#1050=TOROIDAL_SURFACE('',#1184,1.4,0.3);
#1051=TOROIDAL_SURFACE('',#1190,1.4,0.3);
#1052=TOROIDAL_SURFACE('',#1196,1.4,0.3);
#1053=TOROIDAL_SURFACE('',#1201,1.4,0.3);
#1054=TOROIDAL_SURFACE('',#1207,1.4,0.3);
#1055=TOROIDAL_SURFACE('',#1221,5.07842712474619,2.);
#1056=TOROIDAL_SURFACE('',#1227,12.9,0.1);
#1057=TOROIDAL_SURFACE('',#1232,12.4,0.3);
#1058=TOROIDAL_SURFACE('',#1242,2.3,0.3);
#1059=TOROIDAL_SURFACE('',#1246,1.95,0.3);
#1060=TOROIDAL_SURFACE('',#1250,2.3,0.3);
#1061=TOROIDAL_SURFACE('',#1259,2.3,0.3);
#1062=TOROIDAL_SURFACE('',#1263,1.95,0.3);
#1063=TOROIDAL_SURFACE('',#1267,2.3,0.3);
#1064=TOROIDAL_SURFACE('',#1288,5.07842712474619,2.);
#1065=TOROIDAL_SURFACE('',#1290,9.27157287525381,2.);
#1066=TOROIDAL_SURFACE('',#1296,9.27157287525381,2.);
#1067=TOROIDAL_SURFACE('',#1302,4.25,2.);
#1068=TOROIDAL_SURFACE('',#1309,10.1,2.);
#1069=TOROIDAL_SURFACE('',#1314,4.25,2.);
#1070=TOROIDAL_SURFACE('',#1318,10.1,2.);
#1071=ADVANCED_FACE('',(#178,#151),#1047,.T.);
#1072=ADVANCED_FACE('',(#179),#140,.T.);
#1073=ADVANCED_FACE('',(#180,#152),#40,.F.);
#1074=ADVANCED_FACE('',(#181),#21,.F.);
#1075=ADVANCED_FACE('',(#182),#1048,.T.);
#1076=ADVANCED_FACE('',(#183),#22,.T.);
#1077=ADVANCED_FACE('',(#184),#1049,.T.);
#1078=ADVANCED_FACE('',(#185),#19,.F.);
#1079=ADVANCED_FACE('',(#186),#1050,.T.);
#1080=ADVANCED_FACE('',(#187),#23,.T.);
#1081=ADVANCED_FACE('',(#188),#1051,.T.);
#1082=ADVANCED_FACE('',(#189),#24,.T.);
#1083=ADVANCED_FACE('',(#190),#1052,.T.);
#1084=ADVANCED_FACE('',(#191),#20,.F.);
#1085=ADVANCED_FACE('',(#192),#1053,.T.);
#1086=ADVANCED_FACE('',(#193),#25,.T.);
#1087=ADVANCED_FACE('',(#194),#1054,.T.);
#1088=ADVANCED_FACE('',(#195),#26,.T.);
#1089=ADVANCED_FACE('',(#196),#41,.T.);
#1090=ADVANCED_FACE('',(#197),#42,.T.);
#1091=ADVANCED_FACE('',(#198),#1055,.F.);
#1092=ADVANCED_FACE('',(#199),#27,.F.);
#1093=ADVANCED_FACE('',(#200),#43,.T.);
#1094=ADVANCED_FACE('',(#201),#28,.F.);
#1095=ADVANCED_FACE('',(#202),#44,.T.);
#1096=ADVANCED_FACE('',(#203),#1056,.T.);
#1097=ADVANCED_FACE('',(#204,#153),#45,.T.);
#1098=ADVANCED_FACE('',(#205),#1057,.T.);
#1099=ADVANCED_FACE('',(#206),#29,.F.);
#1100=ADVANCED_FACE('',(#207),#1058,.T.);
#1101=ADVANCED_FACE('',(#208),#1059,.T.);
#1102=ADVANCED_FACE('',(#209),#1060,.T.);
#1103=ADVANCED_FACE('',(#210),#30,.F.);
#1104=ADVANCED_FACE('',(#211),#31,.T.);
#1105=ADVANCED_FACE('',(#212),#32,.F.);
#1106=ADVANCED_FACE('',(#213),#1061,.T.);
#1107=ADVANCED_FACE('',(#214),#1062,.T.);
#1108=ADVANCED_FACE('',(#215),#1063,.T.);
#1109=ADVANCED_FACE('',(#216,#154),#46,.T.);
#1110=ADVANCED_FACE('',(#217),#141,.F.);
#1111=ADVANCED_FACE('',(#218),#33,.F.);
#1112=ADVANCED_FACE('',(#219,#155),#47,.T.);
#1113=ADVANCED_FACE('',(#220),#142,.F.);
#1114=ADVANCED_FACE('',(#221),#34,.F.);
#1115=ADVANCED_FACE('',(#222),#143,.F.);
#1116=ADVANCED_FACE('',(#223),#144,.T.);
#1117=ADVANCED_FACE('',(#224),#145,.F.);
#1118=ADVANCED_FACE('',(#225),#1064,.F.);
#1119=ADVANCED_FACE('',(#226),#1065,.F.);
#1120=ADVANCED_FACE('',(#227),#146,.F.);
#1121=ADVANCED_FACE('',(#228),#147,.T.);
#1122=ADVANCED_FACE('',(#229),#1066,.F.);
#1123=ADVANCED_FACE('',(#230),#148,.F.);
#1124=ADVANCED_FACE('',(#231),#149,.F.);
#1125=ADVANCED_FACE('',(#232),#1067,.F.);
#1126=ADVANCED_FACE('',(#233),#15,.F.);
#1127=ADVANCED_FACE('',(#234),#1068,.F.);
#1128=ADVANCED_FACE('',(#235),#16,.F.);
#1129=ADVANCED_FACE('',(#236),#1069,.F.);
#1130=ADVANCED_FACE('',(#237),#17,.F.);
#1131=ADVANCED_FACE('',(#238),#1070,.F.);
#1132=ADVANCED_FACE('',(#239),#18,.F.);
#1133=ADVANCED_FACE('',(#240),#35,.F.);
#1134=ADVANCED_FACE('',(#241),#36,.T.);
#1135=ADVANCED_FACE('',(#242),#150,.F.);
#1136=ADVANCED_FACE('',(#243),#37,.F.);
#1137=ADVANCED_FACE('',(#244),#38,.F.);
#1138=ADVANCED_FACE('',(#245),#48,.T.);
#1139=ADVANCED_FACE('',(#246),#39,.F.);
#1140=ADVANCED_FACE('',(#247),#49,.T.);
#1141=ADVANCED_FACE('',(#248),#50,.T.);
#1142=ADVANCED_FACE('',(#249),#51,.T.);
#1143=CLOSED_SHELL('',(#1071,#1072,#1073,#1074,#1075,#1076,#1077,#1078,
#1079,#1080,#1081,#1082,#1083,#1084,#1085,#1086,#1087,#1088,#1089,#1090,
#1091,#1092,#1093,#1094,#1095,#1096,#1097,#1098,#1099,#1100,#1101,#1102,
#1103,#1104,#1105,#1106,#1107,#1108,#1109,#1110,#1111,#1112,#1113,#1114,
#1115,#1116,#1117,#1118,#1119,#1120,#1121,#1122,#1123,#1124,#1125,#1126,
#1127,#1128,#1129,#1130,#1131,#1132,#1133,#1134,#1135,#1136,#1137,#1138,
#1139,#1140,#1141,#1142));
#1144=DERIVED_UNIT_ELEMENT(#1146,1.);
#1145=DERIVED_UNIT_ELEMENT(#2316,-3.);
#1146=(
MASS_UNIT()
NAMED_UNIT(*)
SI_UNIT(.KILO.,.GRAM.)
);
#1147=DERIVED_UNIT((#1144,#1145));
#1148=MEASURE_REPRESENTATION_ITEM('density measure',
POSITIVE_RATIO_MEASURE(7850.),#1147);
#1149=PROPERTY_DEFINITION_REPRESENTATION(#1154,#1151);
#1150=PROPERTY_DEFINITION_REPRESENTATION(#1155,#1152);
#1151=REPRESENTATION('material name',(#1153),#2313);
#1152=REPRESENTATION('density',(#1148),#2313);
#1153=DESCRIPTIVE_REPRESENTATION_ITEM('Steel','Steel');
#1154=PROPERTY_DEFINITION('material property','material name',#2323);
#1155=PROPERTY_DEFINITION('material property','density of part',#2323);
#1156=AXIS2_PLACEMENT_3D('',#1728,#1332,#1333);
#1157=AXIS2_PLACEMENT_3D('',#1729,#1334,#1335);
#1158=AXIS2_PLACEMENT_3D('',#1731,#1336,#1337);
#1159=AXIS2_PLACEMENT_3D('',#1733,#1338,#1339);
#1160=AXIS2_PLACEMENT_3D('',#1734,#1340,#1341);
#1161=AXIS2_PLACEMENT_3D('',#1778,#1342,#1343);
#1162=AXIS2_PLACEMENT_3D('',#1782,#1345,#1346);
#1163=AXIS2_PLACEMENT_3D('',#1783,#1347,#1348);
#1164=AXIS2_PLACEMENT_3D('',#1784,#1349,#1350);
#1165=AXIS2_PLACEMENT_3D('',#1789,#1352,#1353);
#1166=AXIS2_PLACEMENT_3D('',#1793,#1355,#1356);
#1167=AXIS2_PLACEMENT_3D('',#1797,#1358,#1359);
#1168=AXIS2_PLACEMENT_3D('',#1800,#1361,#1362);
#1169=AXIS2_PLACEMENT_3D('',#1801,#1363,#1364);
#1170=AXIS2_PLACEMENT_3D('',#1805,#1366,#1367);
#1171=AXIS2_PLACEMENT_3D('',#1818,#1368,#1369);
#1172=AXIS2_PLACEMENT_3D('',#1819,#1370,#1371);
#1173=AXIS2_PLACEMENT_3D('',#1821,#1372,#1373);
#1174=AXIS2_PLACEMENT_3D('',#1823,#1374,#1375);
#1175=AXIS2_PLACEMENT_3D('',#1824,#1376,#1377);
#1176=AXIS2_PLACEMENT_3D('',#1825,#1378,#1379);
#1177=AXIS2_PLACEMENT_3D('',#1827,#1380,#1381);
#1178=AXIS2_PLACEMENT_3D('',#1829,#1383,#1384);
#1179=AXIS2_PLACEMENT_3D('',#1832,#1385,#1386);
#1180=AXIS2_PLACEMENT_3D('',#1834,#1387,#1388);
#1181=AXIS2_PLACEMENT_3D('',#1836,#1389,#1390);
#1182=AXIS2_PLACEMENT_3D('',#1837,#1391,#1392);
#1183=AXIS2_PLACEMENT_3D('',#1860,#1393,#1394);
#1184=AXIS2_PLACEMENT_3D('',#1869,#1395,#1396);
#1185=AXIS2_PLACEMENT_3D('',#1871,#1397,#1398);
#1186=AXIS2_PLACEMENT_3D('',#1873,#1399,#1400);
#1187=AXIS2_PLACEMENT_3D('',#1874,#1401,#1402);
#1188=AXIS2_PLACEMENT_3D('',#1875,#1403,#1404);
#1189=AXIS2_PLACEMENT_3D('',#1878,#1405,#1406);
#1190=AXIS2_PLACEMENT_3D('',#1881,#1409,#1410);
#1191=AXIS2_PLACEMENT_3D('',#1884,#1411,#1412);
#1192=AXIS2_PLACEMENT_3D('',#1885,#1413,#1414);
#1193=AXIS2_PLACEMENT_3D('',#1886,#1415,#1416);
#1194=AXIS2_PLACEMENT_3D('',#1887,#1417,#1418);
#1195=AXIS2_PLACEMENT_3D('',#1890,#1419,#1420);
#1196=AXIS2_PLACEMENT_3D('',#1893,#1423,#1424);
#1197=AXIS2_PLACEMENT_3D('',#1896,#1425,#1426);
#1198=AXIS2_PLACEMENT_3D('',#1897,#1427,#1428);
#1199=AXIS2_PLACEMENT_3D('',#1898,#1429,#1430);
#1200=AXIS2_PLACEMENT_3D('',#1921,#1431,#1432);
#1201=AXIS2_PLACEMENT_3D('',#1930,#1433,#1434);
#1202=AXIS2_PLACEMENT_3D('',#1932,#1435,#1436);
#1203=AXIS2_PLACEMENT_3D('',#1934,#1437,#1438);
#1204=AXIS2_PLACEMENT_3D('',#1935,#1439,#1440);
#1205=AXIS2_PLACEMENT_3D('',#1936,#1441,#1442);
#1206=AXIS2_PLACEMENT_3D('',#1939,#1443,#1444);
#1207=AXIS2_PLACEMENT_3D('',#1942,#1447,#1448);
#1208=AXIS2_PLACEMENT_3D('',#1945,#1449,#1450);
#1209=AXIS2_PLACEMENT_3D('',#1946,#1451,#1452);
#1210=AXIS2_PLACEMENT_3D('',#1947,#1453,#1454);
#1211=AXIS2_PLACEMENT_3D('',#1948,#1455,#1456);
#1212=AXIS2_PLACEMENT_3D('',#1951,#1459,#1460);
#1213=AXIS2_PLACEMENT_3D('',#1953,#1461,#1462);
#1214=AXIS2_PLACEMENT_3D('',#1954,#1463,#1464);
#1215=AXIS2_PLACEMENT_3D('',#1956,#1465,#1466);
#1216=AXIS2_PLACEMENT_3D('',#1957,#1467,#1468);
#1217=AXIS2_PLACEMENT_3D('',#1958,#1469,#1470);
#1218=AXIS2_PLACEMENT_3D('',#1960,#1471,#1472);
#1219=AXIS2_PLACEMENT_3D('',#1962,#1473,#1474);
#1220=AXIS2_PLACEMENT_3D('',#1963,#1475,#1476);
#1221=AXIS2_PLACEMENT_3D('',#1964,#1477,#1478);
#1222=AXIS2_PLACEMENT_3D('',#1986,#1479,#1480);
#1223=AXIS2_PLACEMENT_3D('',#2006,#1481,#1482);
#1224=AXIS2_PLACEMENT_3D('',#2009,#1485,#1486);
#1225=AXIS2_PLACEMENT_3D('',#2011,#1488,#1489);
#1226=AXIS2_PLACEMENT_3D('',#2013,#1491,#1492);
#1227=AXIS2_PLACEMENT_3D('',#2015,#1494,#1495);
#1228=AXIS2_PLACEMENT_3D('',#2017,#1496,#1497);
#1229=AXIS2_PLACEMENT_3D('',#2018,#1498,#1499);
#1230=AXIS2_PLACEMENT_3D('',#2019,#1500,#1501);
#1231=AXIS2_PLACEMENT_3D('',#2021,#1502,#1503);
#1232=AXIS2_PLACEMENT_3D('',#2022,#1504,#1505);
#1233=AXIS2_PLACEMENT_3D('',#2024,#1506,#1507);
#1234=AXIS2_PLACEMENT_3D('',#2026,#1508,#1509);
#1235=AXIS2_PLACEMENT_3D('',#2027,#1510,#1511);
#1236=AXIS2_PLACEMENT_3D('',#2028,#1512,#1513);
#1237=AXIS2_PLACEMENT_3D('',#2032,#1515,#1516);
#1238=AXIS2_PLACEMENT_3D('',#2045,#1518,#1519);
#1239=AXIS2_PLACEMENT_3D('',#2058,#1521,#1522);
#1240=AXIS2_PLACEMENT_3D('',#2071,#1524,#1525);
#1241=AXIS2_PLACEMENT_3D('',#2083,#1527,#1528);
#1242=AXIS2_PLACEMENT_3D('',#2084,#1529,#1530);
#1243=AXIS2_PLACEMENT_3D('',#2087,#1531,#1532);
#1244=AXIS2_PLACEMENT_3D('',#2088,#1533,#1534);
#1245=AXIS2_PLACEMENT_3D('',#2089,#1535,#1536);
#1246=AXIS2_PLACEMENT_3D('',#2090,#1537,#1538);
#1247=AXIS2_PLACEMENT_3D('',#2093,#1539,#1540);
#1248=AXIS2_PLACEMENT_3D('',#2094,#1541,#1542);
#1249=AXIS2_PLACEMENT_3D('',#2095,#1543,#1544);
#1250=AXIS2_PLACEMENT_3D('',#2096,#1545,#1546);
#1251=AXIS2_PLACEMENT_3D('',#2097,#1547,#1548);
#1252=AXIS2_PLACEMENT_3D('',#2098,#1549,#1550);
#1253=AXIS2_PLACEMENT_3D('',#2099,#1551,#1552);
#1254=AXIS2_PLACEMENT_3D('',#2102,#1554,#1555);
#1255=AXIS2_PLACEMENT_3D('',#2103,#1556,#1557);
#1256=AXIS2_PLACEMENT_3D('',#2106,#1559,#1560);
#1257=AXIS2_PLACEMENT_3D('',#2107,#1561,#1562);
#1258=AXIS2_PLACEMENT_3D('',#2108,#1563,#1564);
#1259=AXIS2_PLACEMENT_3D('',#2109,#1565,#1566);
#1260=AXIS2_PLACEMENT_3D('',#2112,#1567,#1568);
#1261=AXIS2_PLACEMENT_3D('',#2113,#1569,#1570);
#1262=AXIS2_PLACEMENT_3D('',#2114,#1571,#1572);
#1263=AXIS2_PLACEMENT_3D('',#2115,#1573,#1574);
#1264=AXIS2_PLACEMENT_3D('',#2118,#1575,#1576);
#1265=AXIS2_PLACEMENT_3D('',#2119,#1577,#1578);
#1266=AXIS2_PLACEMENT_3D('',#2120,#1579,#1580);
#1267=AXIS2_PLACEMENT_3D('',#2121,#1581,#1582);
#1268=AXIS2_PLACEMENT_3D('',#2122,#1583,#1584);
#1269=AXIS2_PLACEMENT_3D('',#2123,#1585,#1586);
#1270=AXIS2_PLACEMENT_3D('',#2124,#1587,#1588);
#1271=AXIS2_PLACEMENT_3D('',#2126,#1589,#1590);
#1272=AXIS2_PLACEMENT_3D('',#2127,#1591,#1592);
#1273=AXIS2_PLACEMENT_3D('',#2129,#1593,#1594);
#1274=AXIS2_PLACEMENT_3D('',#2132,#1596,#1597);
#1275=AXIS2_PLACEMENT_3D('',#2133,#1598,#1599);
#1276=AXIS2_PLACEMENT_3D('',#2136,#1601,#1602);
#1277=AXIS2_PLACEMENT_3D('',#2137,#1603,#1604);
#1278=AXIS2_PLACEMENT_3D('',#2138,#1605,#1606);
#1279=AXIS2_PLACEMENT_3D('',#2141,#1608,#1609);
#1280=AXIS2_PLACEMENT_3D('',#2142,#1610,#1611);
#1281=AXIS2_PLACEMENT_3D('',#2145,#1613,#1614);
#1282=AXIS2_PLACEMENT_3D('',#2146,#1615,#1616);
#1283=AXIS2_PLACEMENT_3D('',#2150,#1618,#1619);
#1284=AXIS2_PLACEMENT_3D('',#2165,#1621,#1622);
#1285=AXIS2_PLACEMENT_3D('',#2168,#1624,#1625);
#1286=AXIS2_PLACEMENT_3D('',#2169,#1626,#1627);
#1287=AXIS2_PLACEMENT_3D('',#2185,#1629,#1630);
#1288=AXIS2_PLACEMENT_3D('',#2186,#1631,#1632);
#1289=AXIS2_PLACEMENT_3D('',#2208,#1633,#1634);
#1290=AXIS2_PLACEMENT_3D('',#2228,#1635,#1636);
#1291=AXIS2_PLACEMENT_3D('',#2242,#1637,#1638);
#1292=AXIS2_PLACEMENT_3D('',#2243,#1639,#1640);
#1293=AXIS2_PLACEMENT_3D('',#2247,#1642,#1643);
#1294=AXIS2_PLACEMENT_3D('',#2249,#1645,#1646);
#1295=AXIS2_PLACEMENT_3D('',#2252,#1648,#1649);
#1296=AXIS2_PLACEMENT_3D('',#2253,#1650,#1651);
#1297=AXIS2_PLACEMENT_3D('',#2255,#1652,#1653);
#1298=AXIS2_PLACEMENT_3D('',#2268,#1654,#1655);
#1299=AXIS2_PLACEMENT_3D('',#2271,#1657,#1658);
#1300=AXIS2_PLACEMENT_3D('',#2272,#1659,#1660);
#1301=AXIS2_PLACEMENT_3D('',#2273,#1661,#1662);
#1302=AXIS2_PLACEMENT_3D('',#2274,#1663,#1664);
#1303=AXIS2_PLACEMENT_3D('',#2276,#1665,#1666);
#1304=AXIS2_PLACEMENT_3D('',#2278,#1667,#1668);
#1305=AXIS2_PLACEMENT_3D('',#2279,#1669,#1670);
#1306=AXIS2_PLACEMENT_3D('',#2280,#1671,#1672);
#1307=AXIS2_PLACEMENT_3D('',#2281,#1673,#1674);
#1308=AXIS2_PLACEMENT_3D('',#2282,#1675,#1676);
#1309=AXIS2_PLACEMENT_3D('',#2283,#1677,#1678);
#1310=AXIS2_PLACEMENT_3D('',#2284,#1679,#1680);
#1311=AXIS2_PLACEMENT_3D('',#2285,#1681,#1682);
#1312=AXIS2_PLACEMENT_3D('',#2286,#1683,#1684);
#1313=AXIS2_PLACEMENT_3D('',#2287,#1685,#1686);
#1314=AXIS2_PLACEMENT_3D('',#2288,#1687,#1688);
#1315=AXIS2_PLACEMENT_3D('',#2289,#1689,#1690);
#1316=AXIS2_PLACEMENT_3D('',#2290,#1691,#1692);
#1317=AXIS2_PLACEMENT_3D('',#2291,#1693,#1694);
#1318=AXIS2_PLACEMENT_3D('',#2292,#1695,#1696);
#1319=AXIS2_PLACEMENT_3D('',#2293,#1697,#1698);
#1320=AXIS2_PLACEMENT_3D('',#2294,#1699,#1700);
#1321=AXIS2_PLACEMENT_3D('',#2295,#1701,#1702);
#1322=AXIS2_PLACEMENT_3D('',#2296,#1703,#1704);
#1323=AXIS2_PLACEMENT_3D('',#2298,#1706,#1707);
#1324=AXIS2_PLACEMENT_3D('',#2300,#1709,#1710);
#1325=AXIS2_PLACEMENT_3D('',#2301,#1711,#1712);
#1326=AXIS2_PLACEMENT_3D('',#2302,#1713,#1714);
#1327=AXIS2_PLACEMENT_3D('',#2304,#1716,#1717);
#1328=AXIS2_PLACEMENT_3D('',#2306,#1719,#1720);
#1329=AXIS2_PLACEMENT_3D('',#2308,#1722,#1723);
#1330=AXIS2_PLACEMENT_3D('',#2309,#1724,#1725);
#1331=AXIS2_PLACEMENT_3D('',#2310,#1726,#1727);
#1332=DIRECTION('axis',(0.,0.,1.));
#1333=DIRECTION('refdir',(1.,0.,0.));
#1334=DIRECTION('center_axis',(0.,0.,1.));
#1335=DIRECTION('ref_axis',(1.,0.,0.));
#1336=DIRECTION('center_axis',(0.,0.,-1.));
#1337=DIRECTION('ref_axis',(-1.,2.22044604925031E-16,0.));
#1338=DIRECTION('center_axis',(1.22464679914735E-16,-1.,0.));
#1339=DIRECTION('ref_axis',(-1.,-1.22464679914735E-16,0.));
#1340=DIRECTION('center_axis',(0.,0.,1.));
#1341=DIRECTION('ref_axis',(-1.,3.21624529935327E-16,0.));
#1342=DIRECTION('center_axis',(0.,0.,1.));
#1343=DIRECTION('ref_axis',(1.,0.,0.));
#1344=DIRECTION('',(-0.707106781186548,8.65956056235493E-17,0.707106781186548));
#1345=DIRECTION('center_axis',(0.,0.,1.));
#1346=DIRECTION('ref_axis',(1.,-6.12323399573677E-17,0.));
#1347=DIRECTION('center_axis',(0.,0.,1.));
#1348=DIRECTION('ref_axis',(1.,-6.12323399573677E-17,0.));
#1349=DIRECTION('center_axis',(0.,0.,1.));
#1350=DIRECTION('ref_axis',(1.,0.,0.));
#1351=DIRECTION('',(0.,-1.,0.));
#1352=DIRECTION('center_axis',(0.,0.,-1.));
#1353=DIRECTION('ref_axis',(-0.707106781186548,-0.707106781186547,0.));
#1354=DIRECTION('',(1.,0.,0.));
#1355=DIRECTION('center_axis',(0.,0.,-1.));
#1356=DIRECTION('ref_axis',(0.707106781186548,-0.707106781186547,0.));
#1357=DIRECTION('',(0.,1.,0.));
#1358=DIRECTION('center_axis',(0.,0.,-1.));
#1359=DIRECTION('ref_axis',(0.707106781186548,0.707106781186547,0.));
#1360=DIRECTION('',(-1.,0.,0.));
#1361=DIRECTION('center_axis',(0.,0.,-1.));
#1362=DIRECTION('ref_axis',(-0.707106781186548,0.707106781186547,0.));
#1363=DIRECTION('center_axis',(0.,0.,-1.));
#1364=DIRECTION('ref_axis',(1.,0.,0.));
#1365=DIRECTION('',(0.,0.,1.));
#1366=DIRECTION('center_axis',(0.,0.,-1.));
#1367=DIRECTION('ref_axis',(1.,0.,0.));
#1368=DIRECTION('center_axis',(0.,0.,-1.));
#1369=DIRECTION('ref_axis',(1.,0.,0.));
#1370=DIRECTION('center_axis',(0.,0.,-1.));
#1371=DIRECTION('ref_axis',(-1.,0.,0.));
#1372=DIRECTION('center_axis',(-1.22464679914735E-16,-1.,0.));
#1373=DIRECTION('ref_axis',(1.,-1.22464679914735E-16,0.));
#1374=DIRECTION('center_axis',(0.,0.,-1.));
#1375=DIRECTION('ref_axis',(1.,0.,0.));
#1376=DIRECTION('center_axis',(0.,0.,-1.));
#1377=DIRECTION('ref_axis',(1.,0.,0.));
#1378=DIRECTION('center_axis',(0.,0.,1.));
#1379=DIRECTION('ref_axis',(1.,0.,0.));
#1380=DIRECTION('center_axis',(0.,0.,1.));
#1381=DIRECTION('ref_axis',(1.,0.,0.));
#1382=DIRECTION('',(0.,0.,-1.));
#1383=DIRECTION('center_axis',(0.,0.,1.));
#1384=DIRECTION('ref_axis',(1.,0.,0.));
#1385=DIRECTION('center_axis',(0.,1.,0.));
#1386=DIRECTION('ref_axis',(-1.,0.,0.));
#1387=DIRECTION('center_axis',(0.,0.,1.));
#1388=DIRECTION('ref_axis',(0.707106781186547,0.707106781186547,0.));
#1389=DIRECTION('center_axis',(0.75018500169898,-0.661227996402075,0.));
#1390=DIRECTION('ref_axis',(0.,0.,1.));
#1391=DIRECTION('center_axis',(0.,0.,-1.));
#1392=DIRECTION('ref_axis',(0.707106781186548,0.707106781186548,0.));
#1393=DIRECTION('center_axis',(0.980487107550092,-0.196583396877899,-7.2570624143349E-15));
#1394=DIRECTION('ref_axis',(7.40148683083438E-15,0.,1.));
#1395=DIRECTION('center_axis',(0.,0.,1.));
#1396=DIRECTION('ref_axis',(1.,0.,0.));
#1397=DIRECTION('center_axis',(0.,0.,1.));
#1398=DIRECTION('ref_axis',(0.707106781186547,0.707106781186547,0.));
#1399=DIRECTION('center_axis',(1.,0.,0.));
#1400=DIRECTION('ref_axis',(0.,0.,1.));
#1401=DIRECTION('center_axis',(0.,0.,-1.));
#1402=DIRECTION('ref_axis',(0.707106781186548,0.707106781186548,0.));
#1403=DIRECTION('center_axis',(1.,0.,0.));
#1404=DIRECTION('ref_axis',(0.,-0.707106781186547,0.707106781186548));
#1405=DIRECTION('center_axis',(1.,0.,0.));
#1406=DIRECTION('ref_axis',(0.,0.,1.));
#1407=DIRECTION('',(1.,0.,0.));
#1408=DIRECTION('',(-1.,0.,0.));
#1409=DIRECTION('center_axis',(0.,0.,1.));
#1410=DIRECTION('ref_axis',(1.,0.,0.));
#1411=DIRECTION('center_axis',(0.,1.,0.));
#1412=DIRECTION('ref_axis',(0.,0.,1.));
#1413=DIRECTION('center_axis',(0.,0.,-1.));
#1414=DIRECTION('ref_axis',(-0.707106781186548,0.707106781186547,0.));
#1415=DIRECTION('center_axis',(0.,0.,1.));
#1416=DIRECTION('ref_axis',(-0.707106781186548,0.707106781186547,0.));
#1417=DIRECTION('center_axis',(0.,1.,0.));
#1418=DIRECTION('ref_axis',(0.707106781186548,0.,0.707106781186547));
#1419=DIRECTION('center_axis',(0.,1.,0.));
#1420=DIRECTION('ref_axis',(0.,0.,1.));
#1421=DIRECTION('',(0.,1.,0.));
#1422=DIRECTION('',(0.,-1.,0.));
#1423=DIRECTION('center_axis',(0.,0.,1.));
#1424=DIRECTION('ref_axis',(1.,0.,0.));
#1425=DIRECTION('center_axis',(-0.75018500169898,0.661227996402075,0.));
#1426=DIRECTION('ref_axis',(0.,0.,1.));
#1427=DIRECTION('center_axis',(0.,0.,-1.));
#1428=DIRECTION('ref_axis',(-0.707106781186548,-0.707106781186548,0.));
#1429=DIRECTION('center_axis',(0.,0.,1.));
#1430=DIRECTION('ref_axis',(-0.707106781186547,-0.707106781186547,0.));
#1431=DIRECTION('center_axis',(-0.980487107550092,0.196583396877899,-1.63238942568967E-15));
#1432=DIRECTION('ref_axis',(-1.85037170770859E-15,-9.25185853854297E-16,
1.));
#1433=DIRECTION('center_axis',(0.,0.,1.));
#1434=DIRECTION('ref_axis',(1.,0.,0.));
#1435=DIRECTION('center_axis',(0.,0.,1.));
#1436=DIRECTION('ref_axis',(-0.707106781186547,-0.707106781186547,0.));
#1437=DIRECTION('center_axis',(-1.,0.,0.));
#1438=DIRECTION('ref_axis',(0.,0.,1.));
#1439=DIRECTION('center_axis',(0.,0.,-1.));
#1440=DIRECTION('ref_axis',(-0.707106781186548,-0.707106781186548,0.));
#1441=DIRECTION('center_axis',(-1.,0.,0.));
#1442=DIRECTION('ref_axis',(0.,0.707106781186547,0.707106781186548));
#1443=DIRECTION('center_axis',(-1.,0.,0.));
#1444=DIRECTION('ref_axis',(0.,0.,1.));
#1445=DIRECTION('',(-1.,0.,0.));
#1446=DIRECTION('',(1.,0.,0.));
#1447=DIRECTION('center_axis',(0.,0.,1.));
#1448=DIRECTION('ref_axis',(1.,0.,0.));
#1449=DIRECTION('center_axis',(0.,-1.,0.));
#1450=DIRECTION('ref_axis',(0.,0.,1.));
#1451=DIRECTION('center_axis',(0.,0.,-1.));
#1452=DIRECTION('ref_axis',(0.707106781186548,-0.707106781186547,0.));
#1453=DIRECTION('center_axis',(0.,0.,1.));
#1454=DIRECTION('ref_axis',(0.707106781186548,-0.707106781186547,0.));
#1455=DIRECTION('center_axis',(0.,-1.,0.));
#1456=DIRECTION('ref_axis',(-0.707106781186548,0.,0.707106781186547));
#1457=DIRECTION('',(0.,1.,0.));
#1458=DIRECTION('',(0.,-1.,0.));
#1459=DIRECTION('center_axis',(0.,0.,1.));
#1460=DIRECTION('ref_axis',(1.,0.,0.));
#1461=DIRECTION('center_axis',(0.,0.,1.));
#1462=DIRECTION('ref_axis',(0.707106781186547,0.707106781186547,0.));
#1463=DIRECTION('center_axis',(0.,0.,-1.));
#1464=DIRECTION('ref_axis',(0.707106781186548,-0.707106781186548,0.));
#1465=DIRECTION('center_axis',(0.,0.,-1.));
#1466=DIRECTION('ref_axis',(0.707106781186548,-0.707106781186548,0.));
#1467=DIRECTION('center_axis',(0.,0.,1.));
#1468=DIRECTION('ref_axis',(-0.707106781186547,-0.707106781186547,0.));
#1469=DIRECTION('center_axis',(0.,0.,1.));
#1470=DIRECTION('ref_axis',(1.,0.,0.));
#1471=DIRECTION('center_axis',(0.,0.,1.));
#1472=DIRECTION('ref_axis',(-0.707106781186547,-0.707106781186547,0.));
#1473=DIRECTION('center_axis',(0.,0.,-1.));
#1474=DIRECTION('ref_axis',(-0.707106781186548,0.707106781186548,0.));
#1475=DIRECTION('center_axis',(0.,0.,1.));
#1476=DIRECTION('ref_axis',(0.707106781186547,0.707106781186547,0.));
#1477=DIRECTION('center_axis',(0.,0.,1.));
#1478=DIRECTION('ref_axis',(-0.707106781186547,-0.707106781186548,0.));
#1479=DIRECTION('center_axis',(-4.01712851873933E-17,-4.01712851873933E-17,
-1.));
#1480=DIRECTION('ref_axis',(-0.707106781186548,-0.707106781186548,5.6810776329969E-17));
#1481=DIRECTION('center_axis',(0.,0.,-1.));
#1482=DIRECTION('ref_axis',(-0.707106781186548,-0.707106781186547,0.));
#1483=DIRECTION('',(0.,0.,-1.));
#1484=DIRECTION('',(0.,0.,1.));
#1485=DIRECTION('center_axis',(0.,1.,0.));
#1486=DIRECTION('ref_axis',(1.,0.,0.));
#1487=DIRECTION('',(0.,0.,1.));
#1488=DIRECTION('center_axis',(0.,0.,-1.));
#1489=DIRECTION('ref_axis',(0.707106781186548,-0.707106781186547,0.));
#1490=DIRECTION('',(0.,0.,-1.));
#1491=DIRECTION('center_axis',(-1.,0.,0.));
#1492=DIRECTION('ref_axis',(0.,1.,0.));
#1493=DIRECTION('',(0.,0.,1.));
#1494=DIRECTION('center_axis',(0.,0.,1.));
#1495=DIRECTION('ref_axis',(1.,0.,0.));
#1496=DIRECTION('center_axis',(0.,0.,-1.));
#1497=DIRECTION('ref_axis',(1.,0.,0.));
#1498=DIRECTION('center_axis',(1.22464679914735E-16,-1.,0.));
#1499=DIRECTION('ref_axis',(-1.,-1.22464679914735E-16,0.));
#1500=DIRECTION('center_axis',(0.,0.,1.));
#1501=DIRECTION('ref_axis',(1.,0.,0.));
#1502=DIRECTION('center_axis',(0.,0.,1.));
#1503=DIRECTION('ref_axis',(1.,0.,0.));
#1504=DIRECTION('center_axis',(0.,0.,-1.));
#1505=DIRECTION('ref_axis',(-1.,0.,0.));
#1506=DIRECTION('center_axis',(-1.22464679914735E-16,-1.,0.));
#1507=DIRECTION('ref_axis',(1.,-1.22464679914735E-16,0.));
#1508=DIRECTION('center_axis',(0.,0.,-1.));
#1509=DIRECTION('ref_axis',(1.,0.,0.));
#1510=DIRECTION('center_axis',(0.,0.,-1.));
#1511=DIRECTION('ref_axis',(1.,0.,0.));
#1512=DIRECTION('center_axis',(0.,0.,1.));
#1513=DIRECTION('ref_axis',(1.,0.,0.));
#1514=DIRECTION('',(0.,0.,-1.));
#1515=DIRECTION('center_axis',(0.,0.,1.));
#1516=DIRECTION('ref_axis',(-0.707106781186547,0.707106781186547,0.));
#1517=DIRECTION('',(0.,0.,-1.));
#1518=DIRECTION('center_axis',(0.,0.,-1.));
#1519=DIRECTION('ref_axis',(1.,0.,0.));
#1520=DIRECTION('',(0.,0.,1.));
#1521=DIRECTION('center_axis',(0.,0.,1.));
#1522=DIRECTION('ref_axis',(0.707106781186547,-0.707106781186547,0.));
#1523=DIRECTION('',(0.,0.,-1.));
#1524=DIRECTION('center_axis',(0.,0.,-1.));
#1525=DIRECTION('ref_axis',(1.,0.,0.));
#1526=DIRECTION('',(0.,0.,1.));
#1527=DIRECTION('center_axis',(0.,0.,1.));
#1528=DIRECTION('ref_axis',(-0.707106781186547,0.707106781186547,0.));
#1529=DIRECTION('center_axis',(0.,0.,-1.));
#1530=DIRECTION('ref_axis',(0.984257545191615,0.176740161631066,0.));
#1531=DIRECTION('center_axis',(0.759780113194691,0.650180113194692,0.));
#1532=DIRECTION('ref_axis',(-0.650180113194692,0.759780113194691,0.));
#1533=DIRECTION('center_axis',(0.,0.,1.));
#1534=DIRECTION('ref_axis',(0.984257545191615,0.176740161631067,0.));
#1535=DIRECTION('center_axis',(0.,0.,-1.));
#1536=DIRECTION('ref_axis',(0.984257545191615,0.176740161631067,0.));
#1537=DIRECTION('center_axis',(0.,0.,1.));
#1538=DIRECTION('ref_axis',(-0.707106781186548,-0.707106781186548,0.));
#1539=DIRECTION('center_axis',(-0.65018011319469,-0.759780113194693,0.));
#1540=DIRECTION('ref_axis',(0.759780113194693,-0.65018011319469,0.));
#1541=DIRECTION('center_axis',(0.,0.,-1.));
#1542=DIRECTION('ref_axis',(-0.707106781186548,-0.707106781186547,0.));
#1543=DIRECTION('center_axis',(0.,0.,1.));
#1544=DIRECTION('ref_axis',(-0.707106781186548,-0.707106781186547,0.));
#1545=DIRECTION('center_axis',(0.,0.,1.));
#1546=DIRECTION('ref_axis',(1.,0.,0.));
#1547=DIRECTION('center_axis',(0.,0.,1.));
#1548=DIRECTION('ref_axis',(0.176740161631066,0.984257545191615,0.));
#1549=DIRECTION('center_axis',(0.,0.,-1.));
#1550=DIRECTION('ref_axis',(0.176740161631066,0.984257545191615,0.));
#1551=DIRECTION('center_axis',(0.,0.,-1.));
#1552=DIRECTION('ref_axis',(0.759780113194691,-0.650180113194692,0.));
#1553=DIRECTION('',(0.,0.,-1.));
#1554=DIRECTION('center_axis',(0.,0.,1.));
#1555=DIRECTION('ref_axis',(0.759780113194691,-0.650180113194692,0.));
#1556=DIRECTION('center_axis',(0.,0.,1.));
#1557=DIRECTION('ref_axis',(-0.707106781186548,-0.707106781186547,0.));
#1558=DIRECTION('',(0.,0.,1.));
#1559=DIRECTION('center_axis',(0.,0.,-1.));
#1560=DIRECTION('ref_axis',(-0.707106781186547,-0.707106781186547,0.));
#1561=DIRECTION('center_axis',(0.,0.,-1.));
#1562=DIRECTION('ref_axis',(-0.345221239497283,-0.938521334760143,0.));
#1563=DIRECTION('center_axis',(0.,0.,1.));
#1564=DIRECTION('ref_axis',(-0.345221239497283,-0.938521334760143,0.));
#1565=DIRECTION('center_axis',(0.,0.,1.));
#1566=DIRECTION('ref_axis',(1.,0.,0.));
#1567=DIRECTION('center_axis',(-0.65018011319469,-0.759780113194693,0.));
#1568=DIRECTION('ref_axis',(0.,0.,1.));
#1569=DIRECTION('center_axis',(0.,0.,-1.));
#1570=DIRECTION('ref_axis',(-0.176740161631066,-0.984257545191615,0.));
#1571=DIRECTION('center_axis',(0.,0.,1.));
#1572=DIRECTION('ref_axis',(-0.176740161631066,-0.984257545191615,0.));
#1573=DIRECTION('center_axis',(0.,0.,1.));
#1574=DIRECTION('ref_axis',(1.,0.,0.));
#1575=DIRECTION('center_axis',(0.759780113194691,0.650180113194692,0.));
#1576=DIRECTION('ref_axis',(0.,0.,1.));
#1577=DIRECTION('center_axis',(0.,0.,1.));
#1578=DIRECTION('ref_axis',(0.707106781186547,0.707106781186547,0.));
#1579=DIRECTION('center_axis',(0.,0.,-1.));
#1580=DIRECTION('ref_axis',(0.707106781186547,0.707106781186547,0.));
#1581=DIRECTION('center_axis',(0.,0.,-1.));
#1582=DIRECTION('ref_axis',(-1.,0.,0.));
#1583=DIRECTION('center_axis',(0.,0.,-1.));
#1584=DIRECTION('ref_axis',(-0.984257545191615,-0.176740161631067,0.));
#1585=DIRECTION('center_axis',(0.,0.,1.));
#1586=DIRECTION('ref_axis',(-0.984257545191615,-0.176740161631067,0.));
#1587=DIRECTION('center_axis',(0.,0.,1.));
#1588=DIRECTION('ref_axis',(1.,0.,0.));
#1589=DIRECTION('center_axis',(0.,0.,1.));
#1590=DIRECTION('ref_axis',(1.,0.,0.));
#1591=DIRECTION('center_axis',(0.,0.,1.));
#1592=DIRECTION('ref_axis',(1.,0.,0.));
#1593=DIRECTION('center_axis',(0.,0.,1.));
#1594=DIRECTION('ref_axis',(1.,0.,0.));
#1595=DIRECTION('',(0.707106781186548,8.65956056235493E-17,-0.707106781186548));
#1596=DIRECTION('center_axis',(0.,0.,-1.));
#1597=DIRECTION('ref_axis',(1.,0.,0.));
#1598=DIRECTION('center_axis',(0.,0.,1.));
#1599=DIRECTION('ref_axis',(1.,0.,0.));
#1600=DIRECTION('',(0.,0.,-1.));
#1601=DIRECTION('center_axis',(0.,0.,-1.));
#1602=DIRECTION('ref_axis',(1.,0.,0.));
#1603=DIRECTION('center_axis',(0.,0.,1.));
#1604=DIRECTION('ref_axis',(1.,0.,0.));
#1605=DIRECTION('center_axis',(0.,0.,1.));
#1606=DIRECTION('ref_axis',(1.,0.,0.));
#1607=DIRECTION('',(0.707106781186548,8.65956056235493E-17,-0.707106781186548));
#1608=DIRECTION('center_axis',(0.,0.,-1.));
#1609=DIRECTION('ref_axis',(1.,0.,0.));
#1610=DIRECTION('center_axis',(0.,0.,1.));
#1611=DIRECTION('ref_axis',(1.,0.,0.));
#1612=DIRECTION('',(0.,0.,-1.));
#1613=DIRECTION('center_axis',(0.,0.,-1.));
#1614=DIRECTION('ref_axis',(1.,0.,0.));
#1615=DIRECTION('center_axis',(0.,0.,1.));
#1616=DIRECTION('ref_axis',(-0.345221239497283,-0.938521334760143,0.));
#1617=DIRECTION('',(-0.459746767032603,0.537245670250649,-0.707106781186548));
#1618=DIRECTION('center_axis',(0.,0.,-1.));
#1619=DIRECTION('ref_axis',(-0.345221239497283,-0.938521334760142,0.));
#1620=DIRECTION('',(0.244108279458154,0.663634800097146,0.707106781186548));
#1621=DIRECTION('center_axis',(0.,0.,-1.));
#1622=DIRECTION('ref_axis',(-1.,0.,0.));
#1623=DIRECTION('',(-0.537245670250649,0.459746767032604,0.707106781186547));
#1624=DIRECTION('center_axis',(0.,0.,1.));
#1625=DIRECTION('ref_axis',(-0.707106781186548,-0.707106781186548,0.));
#1626=DIRECTION('center_axis',(0.,0.,1.));
#1627=DIRECTION('ref_axis',(0.759780113194691,-0.650180113194692,0.));
#1628=DIRECTION('',(-0.663634800097146,-0.244108279458154,-0.707106781186548));
#1629=DIRECTION('center_axis',(0.,0.,-1.));
#1630=DIRECTION('ref_axis',(0.759780113194691,-0.650180113194692,0.));
#1631=DIRECTION('center_axis',(0.,0.,1.));
#1632=DIRECTION('ref_axis',(1.,0.,0.));
#1633=DIRECTION('center_axis',(4.01712851873933E-17,4.01712851873933E-17,
-1.));
#1634=DIRECTION('ref_axis',(0.707106781186548,0.707106781186548,5.6810776329969E-17));
#1635=DIRECTION('center_axis',(0.,0.,-1.));
#1636=DIRECTION('ref_axis',(0.707106781186548,-0.707106781186547,0.));
#1637=DIRECTION('center_axis',(4.13248483471358E-17,4.59164981634841E-18,
1.));
#1638=DIRECTION('ref_axis',(0.707106781186547,-0.707106781186548,-2.59742937757914E-17));
#1639=DIRECTION('center_axis',(0.,0.,1.));
#1640=DIRECTION('ref_axis',(0.345221239497283,0.938521334760143,0.));
#1641=DIRECTION('',(0.459746767032603,-0.537245670250649,-0.707106781186548));
#1642=DIRECTION('center_axis',(0.,0.,-1.));
#1643=DIRECTION('ref_axis',(0.345221239497283,0.938521334760142,0.));
#1644=DIRECTION('',(-0.244108279458154,-0.663634800097146,0.707106781186548));
#1645=DIRECTION('center_axis',(0.,0.,-1.));
#1646=DIRECTION('ref_axis',(1.,0.,0.));
#1647=DIRECTION('',(0.537245670250649,-0.459746767032604,0.707106781186547));
#1648=DIRECTION('center_axis',(0.,0.,1.));
#1649=DIRECTION('ref_axis',(0.707106781186548,0.707106781186548,0.));
#1650=DIRECTION('center_axis',(0.,0.,-1.));
#1651=DIRECTION('ref_axis',(-1.,0.,0.));
#1652=DIRECTION('center_axis',(-4.13248483471358E-17,-4.59164981634841E-18,
1.));
#1653=DIRECTION('ref_axis',(-0.707106781186547,0.707106781186548,-2.59742937757914E-17));
#1654=DIRECTION('center_axis',(0.,0.,1.));
#1655=DIRECTION('ref_axis',(-0.759780113194691,0.650180113194692,0.));
#1656=DIRECTION('',(0.663634800097146,0.244108279458154,-0.707106781186548));
#1657=DIRECTION('center_axis',(0.,0.,-1.));
#1658=DIRECTION('ref_axis',(-0.759780113194691,0.650180113194692,0.));
#1659=DIRECTION('center_axis',(0.,0.,1.));
#1660=DIRECTION('ref_axis',(-1.,0.,0.));
#1661=DIRECTION('center_axis',(0.,0.,-1.));
#1662=DIRECTION('ref_axis',(-0.707106781186547,0.707106781186547,0.));
#1663=DIRECTION('center_axis',(0.,0.,-1.));
#1664=DIRECTION('ref_axis',(0.707106781186547,0.707106781186548,0.));
#1665=DIRECTION('center_axis',(-0.650180113194692,-0.759780113194691,-2.4532694666934E-16));
#1666=DIRECTION('ref_axis',(0.537245670250648,-0.459746767032604,-0.707106781186548));
#1667=DIRECTION('center_axis',(0.,0.,-1.));
#1668=DIRECTION('ref_axis',(0.707106781186547,0.707106781186547,0.));
#1669=DIRECTION('center_axis',(-0.759780113194691,-0.650180113194692,-1.83995210002005E-16));
#1670=DIRECTION('ref_axis',(-0.650180113194692,0.759780113194691,0.));
#1671=DIRECTION('center_axis',(0.,0.,1.));
#1672=DIRECTION('ref_axis',(-0.984257545191615,-0.176740161631066,0.));
#1673=DIRECTION('center_axis',(0.,0.,1.));
#1674=DIRECTION('ref_axis',(0.345221239497283,0.938521334760143,0.));
#1675=DIRECTION('center_axis',(0.938521334760143,-0.345221239497283,3.6799042000401E-16));
#1676=DIRECTION('ref_axis',(-0.345221239497283,-0.938521334760143,0.));
#1677=DIRECTION('center_axis',(0.,0.,1.));
#1678=DIRECTION('ref_axis',(1.,0.,0.));
#1679=DIRECTION('center_axis',(-0.345221239497283,0.938521334760142,6.1331736667335E-17));
#1680=DIRECTION('ref_axis',(0.938521334760143,0.345221239497283,0.));
#1681=DIRECTION('center_axis',(0.,0.,-1.));
#1682=DIRECTION('ref_axis',(0.707106781186547,-0.707106781186547,0.));
#1683=DIRECTION('center_axis',(0.,0.,1.));
#1684=DIRECTION('ref_axis',(1.,0.,0.));
#1685=DIRECTION('center_axis',(-0.650180113194692,-0.759780113194691,1.83995210002005E-16));
#1686=DIRECTION('ref_axis',(-0.759780113194691,0.650180113194692,0.));
#1687=DIRECTION('center_axis',(0.,0.,-1.));
#1688=DIRECTION('ref_axis',(-1.,0.,0.));
#1689=DIRECTION('center_axis',(0.759780113194691,0.650180113194692,-1.83995210002005E-16));
#1690=DIRECTION('ref_axis',(0.650180113194692,-0.759780113194691,0.));
#1691=DIRECTION('center_axis',(0.,0.,1.));
#1692=DIRECTION('ref_axis',(1.,0.,0.));
#1693=DIRECTION('center_axis',(-0.938521334760143,0.345221239497283,3.6799042000401E-16));
#1694=DIRECTION('ref_axis',(0.345221239497283,0.938521334760143,0.));
#1695=DIRECTION('center_axis',(0.,0.,1.));
#1696=DIRECTION('ref_axis',(-0.707106781186547,0.707106781186548,0.));
#1697=DIRECTION('center_axis',(0.345221239497283,-0.938521334760142,6.1331736667335E-17));
#1698=DIRECTION('ref_axis',(-0.938521334760143,-0.345221239497283,0.));
#1699=DIRECTION('center_axis',(0.,0.,1.));
#1700=DIRECTION('ref_axis',(1.,0.,0.));
#1701=DIRECTION('center_axis',(0.,0.,1.));
#1702=DIRECTION('ref_axis',(-0.759780113194691,0.650180113194692,0.));
#1703=DIRECTION('center_axis',(0.,0.,-1.));
#1704=DIRECTION('ref_axis',(0.345221239497283,0.938521334760143,0.));
#1705=DIRECTION('',(0.,0.,1.));
#1706=DIRECTION('center_axis',(0.,0.,1.));
#1707=DIRECTION('ref_axis',(1.,0.,0.));
#1708=DIRECTION('',(0.,0.,-1.));
#1709=DIRECTION('center_axis',(0.,0.,1.));
#1710=DIRECTION('ref_axis',(1.,0.,0.));
#1711=DIRECTION('center_axis',(0.,0.,-1.));
#1712=DIRECTION('ref_axis',(-0.759780113194691,0.650180113194692,0.));
#1713=DIRECTION('center_axis',(0.,0.,-1.));
#1714=DIRECTION('ref_axis',(0.707106781186548,0.707106781186547,0.));
#1715=DIRECTION('',(0.,0.,-1.));
#1716=DIRECTION('center_axis',(0.,-1.,0.));
#1717=DIRECTION('ref_axis',(-1.,0.,0.));
#1718=DIRECTION('',(0.,0.,1.));
#1719=DIRECTION('center_axis',(0.,0.,-1.));
#1720=DIRECTION('ref_axis',(-0.707106781186548,0.707106781186547,0.));
#1721=DIRECTION('',(0.,0.,-1.));
#1722=DIRECTION('center_axis',(1.,0.,0.));
#1723=DIRECTION('ref_axis',(0.,-1.,0.));
#1724=DIRECTION('center_axis',(0.,0.,1.));
#1725=DIRECTION('ref_axis',(1.,0.,0.));
#1726=DIRECTION('center_axis',(0.,0.,1.));
#1727=DIRECTION('ref_axis',(1.,0.,0.));
#1728=CARTESIAN_POINT('',(0.,0.,0.));
#1729=CARTESIAN_POINT('Origin',(0.,0.,1.));
#1730=CARTESIAN_POINT('',(-10.4644660940673,-1.28152749068855E-15,-2.53553390593274));
#1731=CARTESIAN_POINT('Origin',(0.,-1.04205074892E-15,-2.53553390593274));
#1732=CARTESIAN_POINT('',(-6.92893218813453,-8.48549462570801E-16,-4.));
#1733=CARTESIAN_POINT('Origin',(-6.92893218813453,-8.48549462570801E-16,
1.));
#1734=CARTESIAN_POINT('Origin',(0.,0.,-4.));
#1735=CARTESIAN_POINT('',(7.62500012665987,3.46944695195361E-17,-3.95131188928319));
#1736=CARTESIAN_POINT('Ctrl Pts',(7.62500012665987,3.46944695195361E-17,
-3.95131188928319));
#1737=CARTESIAN_POINT('Ctrl Pts',(7.62500012665987,-0.114357823193616,-3.95131188928319));
#1738=CARTESIAN_POINT('Ctrl Pts',(7.64744317706951,-0.227581882513672,-3.94795241369273));
#1739=CARTESIAN_POINT('Ctrl Pts',(7.73380121519584,-0.437347712465547,-3.9331071744039));
#1740=CARTESIAN_POINT('Ctrl Pts',(7.79627271233499,-0.531874313326458,-3.92178053707339));
#1741=CARTESIAN_POINT('Ctrl Pts',(7.9396888346538,-0.678517060544446,-3.89128283203127));
#1742=CARTESIAN_POINT('Ctrl Pts',(8.01466366297394,-0.733849685459043,-3.87392538212116));
#1743=CARTESIAN_POINT('Ctrl Pts',(8.1555334904381,-0.807111572644678,-3.83738496785656));
#1744=CARTESIAN_POINT('Ctrl Pts',(8.2176914404752,-0.830823286970039,-3.82016434981277));
#1745=CARTESIAN_POINT('Ctrl Pts',(8.34007128719767,-0.862385184347185,-3.7838377042429));
#1746=CARTESIAN_POINT('Ctrl Pts',(8.39968531199793,-0.871282399147506,-3.7651067790653));
#1747=CARTESIAN_POINT('Ctrl Pts',(8.53009935733723,-0.877343233703193,-3.72183058787135));
#1748=CARTESIAN_POINT('Ctrl Pts',(8.60056846754493,-0.872020103396198,-3.69696732670455));
#1749=CARTESIAN_POINT('Ctrl Pts',(8.77158799973298,-0.838292528185984,-3.63328595513657));
#1750=CARTESIAN_POINT('Ctrl Pts',(8.86942262148582,-0.800011571083109,-3.59377820194917));
#1751=CARTESIAN_POINT('Ctrl Pts',(9.05222015913697,-0.687641656851095,-3.5156109342418));
#1752=CARTESIAN_POINT('Ctrl Pts',(9.13554590517012,-0.611919452903237,-3.47740110595658));
#1753=CARTESIAN_POINT('Ctrl Pts',(9.26658987399607,-0.435242985438373,-3.41518927794056));
#1754=CARTESIAN_POINT('Ctrl Pts',(9.31499776662691,-0.336987203433899,-3.39106211989071));
#1755=CARTESIAN_POINT('Ctrl Pts',(9.37113335573196,-0.131541873382412,-3.36285766580524));
#1756=CARTESIAN_POINT('Ctrl Pts',(9.38064844955234,-0.0282262654815582,
-3.35795214187612));
#1757=CARTESIAN_POINT('Ctrl Pts',(9.36283737514039,0.179087806185453,-3.36699890373976));
#1758=CARTESIAN_POINT('Ctrl Pts',(9.33542540456689,0.279631171867726,-3.3809783804888));
#1759=CARTESIAN_POINT('Ctrl Pts',(9.24275532068,0.476682006979439,-3.42658477420314));
#1760=CARTESIAN_POINT('Ctrl Pts',(9.1743903032682,0.568620432329483,-3.4595364464185));
#1761=CARTESIAN_POINT('Ctrl Pts',(9.00503527959336,0.724243069415369,-3.5363063140319));
#1762=CARTESIAN_POINT('Ctrl Pts',(8.90327256099891,0.785268517699689,-3.58017214053899));
#1763=CARTESIAN_POINT('Ctrl Pts',(8.71567145028757,0.851986148083932,-3.65447563311985));
#1764=CARTESIAN_POINT('Ctrl Pts',(8.63434724689643,0.86859146533243,-3.68493248705252));
#1765=CARTESIAN_POINT('Ctrl Pts',(8.48926521763915,0.8771577345291,-3.73566953832586));
#1766=CARTESIAN_POINT('Ctrl Pts',(8.4263824443859,0.874181828555435,-3.75652365039414));
#1767=CARTESIAN_POINT('Ctrl Pts',(8.30384518975793,0.854901123809522,-3.79489820926395));
#1768=CARTESIAN_POINT('Ctrl Pts',(8.24446519840268,0.839125917977619,-3.81241454658652));
#1769=CARTESIAN_POINT('Ctrl Pts',(8.11453625246632,0.789330153835396,-3.84851608779536));
#1770=CARTESIAN_POINT('Ctrl Pts',(8.0457031509466,0.751941373520778,-3.86603112701945));
#1771=CARTESIAN_POINT('Ctrl Pts',(7.89073643494824,0.638226189179033,-3.9025544068281));
#1772=CARTESIAN_POINT('Ctrl Pts',(7.81253693684259,0.553401328533468,-3.91830354021499));
#1773=CARTESIAN_POINT('Ctrl Pts',(7.7095801490236,0.384359206519439,-3.93744003504913));
#1774=CARTESIAN_POINT('Ctrl Pts',(7.67665085378606,0.30764017304499,-3.94296213189264));
#1775=CARTESIAN_POINT('Ctrl Pts',(7.6351115427889,0.153223133606826,-3.94976129158665));
#1776=CARTESIAN_POINT('Ctrl Pts',(7.62500012665987,0.0767808003252873,-3.95131188928319));
#1777=CARTESIAN_POINT('Ctrl Pts',(7.62500012665987,0.,-3.95131188928319));
#1778=CARTESIAN_POINT('Origin',(0.,0.,-2.));
#1779=CARTESIAN_POINT('',(-11.5355339059327,2.46519032881566E-31,-1.46446609406726));
#1780=CARTESIAN_POINT('',(-11.,1.34711147906209E-15,-2.));
#1781=CARTESIAN_POINT('',(11.5355339059327,-1.41269546743563E-15,-1.46446609406726));
#1782=CARTESIAN_POINT('Origin',(0.,7.06347733717815E-16,-1.46446609406726));
#1783=CARTESIAN_POINT('Origin',(0.,7.06347733717815E-16,-1.46446609406726));
#1784=CARTESIAN_POINT('Origin',(0.,0.,-4.));
#1785=CARTESIAN_POINT('',(-4.5,0.5,-4.));
#1786=CARTESIAN_POINT('',(-4.5,-0.5,-4.));
#1787=CARTESIAN_POINT('',(-4.5,1.6,-4.));
#1788=CARTESIAN_POINT('',(-3.4,-1.6,-4.));
#1789=CARTESIAN_POINT('Origin',(-3.4,-0.5,-4.));
#1790=CARTESIAN_POINT('',(3.4,-1.6,-4.));
#1791=CARTESIAN_POINT('',(-4.5,-1.6,-4.));
#1792=CARTESIAN_POINT('',(4.5,-0.5,-4.));
#1793=CARTESIAN_POINT('Origin',(3.4,-0.5,-4.));
#1794=CARTESIAN_POINT('',(4.5,0.5,-4.));
#1795=CARTESIAN_POINT('',(4.5,-1.6,-4.));
#1796=CARTESIAN_POINT('',(3.4,1.6,-4.));
#1797=CARTESIAN_POINT('Origin',(3.4,0.5,-4.));
#1798=CARTESIAN_POINT('',(-3.4,1.6,-4.));
#1799=CARTESIAN_POINT('',(4.5,1.6,-4.));
#1800=CARTESIAN_POINT('Origin',(-3.4,0.5,-4.));
#1801=CARTESIAN_POINT('Origin',(8.50000012665987,0.,0.));
#1802=CARTESIAN_POINT('',(7.62500012665987,1.07156594925393E-16,0.));
#1803=CARTESIAN_POINT('',(7.62500012665987,1.07156594925393E-16,0.));
#1804=CARTESIAN_POINT('',(9.26155519930737,-0.4308815049696,0.));
#1805=CARTESIAN_POINT('Origin',(8.50000012665987,0.,0.));
#1806=CARTESIAN_POINT('',(9.26155519930737,0.4308815049696,0.));
#1807=CARTESIAN_POINT('Ctrl Pts',(9.26155519930745,0.430881504969445,-7.39557098644699E-30));
#1808=CARTESIAN_POINT('Ctrl Pts',(9.3020007779962,0.359396571730626,1.48427422034137E-15));
#1809=CARTESIAN_POINT('Ctrl Pts',(9.33224670591048,0.282455583473485,0.000968462940055227));
#1810=CARTESIAN_POINT('Ctrl Pts',(9.36704438856536,0.136011593412256,0.00226467730966631));
#1811=CARTESIAN_POINT('Ctrl Pts',(9.37500012665987,0.0681266043191011,0.00267608944703512));
#1812=CARTESIAN_POINT('Ctrl Pts',(9.37500012665987,-1.148106389712E-15,
0.00267608944703512));
#1813=CARTESIAN_POINT('Ctrl Pts',(9.37500012665987,-0.0838907756268606,
0.00267608944703512));
#1814=CARTESIAN_POINT('Ctrl Pts',(9.36293567012931,-0.167374194526646,0.00202324483098482));
#1815=CARTESIAN_POINT('Ctrl Pts',(9.32029020356799,-0.311742438383656,0.000647490789905955));
#1816=CARTESIAN_POINT('Ctrl Pts',(9.29423122636531,-0.373128749576371,3.50168755237106E-15));
#1817=CARTESIAN_POINT('Ctrl Pts',(9.26155519930762,-0.430881504969148,6.97955148537543E-18));
#1818=CARTESIAN_POINT('Origin',(8.50000012665987,0.,0.));
#1819=CARTESIAN_POINT('Origin',(0.,0.,2.07106781186547));
#1820=CARTESIAN_POINT('',(13.,-1.59204083889156E-15,2.07106781186547));
#1821=CARTESIAN_POINT('Origin',(8.,-9.79717439317883E-16,2.07106781186547));
#1822=CARTESIAN_POINT('',(-13.,1.59204083889156E-15,2.07106781186547));
#1823=CARTESIAN_POINT('Origin',(0.,0.,2.07106781186547));
#1824=CARTESIAN_POINT('Origin',(0.,0.,2.07106781186547));
#1825=CARTESIAN_POINT('Origin',(0.,0.,0.));
#1826=CARTESIAN_POINT('',(-13.,-1.59204083889156E-15,7.));
#1827=CARTESIAN_POINT('Origin',(0.,0.,7.));
#1828=CARTESIAN_POINT('',(-13.,-1.59204083889156E-15,0.));
#1829=CARTESIAN_POINT('Origin',(3.4,0.5,-0.3));
#1830=CARTESIAN_POINT('',(4.5,0.5,-0.3));
#1831=CARTESIAN_POINT('',(4.8,0.5,0.));
#1832=CARTESIAN_POINT('Origin',(4.8,0.5,-0.3));
#1833=CARTESIAN_POINT('',(4.3257191949629,1.55025900237857,0.));
#1834=CARTESIAN_POINT('Origin',(3.4,0.5,0.));
#1835=CARTESIAN_POINT('',(4.12735079604228,1.32520350186888,-0.3));
#1836=CARTESIAN_POINT('Origin',(4.3257191949629,1.55025900237857,-0.3));
#1837=CARTESIAN_POINT('Origin',(3.4,0.5,-0.3));
#1838=CARTESIAN_POINT('Ctrl Pts',(4.3257191949629,1.55025900237857,0.));
#1839=CARTESIAN_POINT('Ctrl Pts',(4.13810676566826,1.70244745619331,-3.23808222710434E-18));
#1840=CARTESIAN_POINT('Ctrl Pts',(3.90993887679905,1.81553936632848,-6.90083097579614E-18));
#1841=CARTESIAN_POINT('Ctrl Pts',(3.67521675562906,1.87268195057013,0.));
#1842=CARTESIAN_POINT('Ctrl Pts',(4.27378646956679,1.4913396101243,9.60948457771734E-17));
#1843=CARTESIAN_POINT('Ctrl Pts',(4.09758740695952,1.63565809045988,-0.0026463973541138));
#1844=CARTESIAN_POINT('Ctrl Pts',(3.88132485092272,1.74284909649551,-0.00264639735411382));
#1845=CARTESIAN_POINT('Ctrl Pts',(3.65977713174283,1.79567467321966,-1.41079572149945E-17));
#1846=CARTESIAN_POINT('Ctrl Pts',(4.17025444761917,1.37387911165285,-0.0648848079790052));
#1847=CARTESIAN_POINT('Ctrl Pts',(4.01749043115656,1.50467441779768,-0.0697262231703757));
#1848=CARTESIAN_POINT('Ctrl Pts',(3.8255916642048,1.59978945880856,-0.0697262231703758));
#1849=CARTESIAN_POINT('Ctrl Pts',(3.62899701252397,1.64215453600438,-0.0648848079790055));
#1850=CARTESIAN_POINT('Ctrl Pts',(4.12735079604228,1.32520350186888,-0.221460183660255));
#1851=CARTESIAN_POINT('Ctrl Pts',(3.98384880145543,1.45176061743262,-0.223123877863939));
#1852=CARTESIAN_POINT('Ctrl Pts',(3.80385492601812,1.54097497308416,-0.223123877863939));
#1853=CARTESIAN_POINT('Ctrl Pts',(3.61624173656569,1.5785358183051,-0.221460183660255));
#1854=CARTESIAN_POINT('Ctrl Pts',(4.12735079604228,1.32520350186888,-0.3));
#1855=CARTESIAN_POINT('Ctrl Pts',(3.98305595778568,1.45238784516486,-0.3));
#1856=CARTESIAN_POINT('Ctrl Pts',(3.80483418812927,1.54072385273369,-0.3));
#1857=CARTESIAN_POINT('Ctrl Pts',(3.61624173656569,1.5785358183051,-0.3));
#1858=CARTESIAN_POINT('',(3.67521675562906,1.87268195057013,-1.38913403349705E-17));
#1859=CARTESIAN_POINT('',(3.61624173656569,1.5785358183051,-0.3));
#1860=CARTESIAN_POINT('Origin',(3.67521675562906,1.87268195057013,-0.3));
#1861=CARTESIAN_POINT('Ctrl Pts',(3.61624173656569,1.5785358183051,-0.3));
#1862=CARTESIAN_POINT('Ctrl Pts',(3.80483418812927,1.54072385273369,-0.3));
#1863=CARTESIAN_POINT('Ctrl Pts',(3.98305595778568,1.45238784516486,-0.3));
#1864=CARTESIAN_POINT('Ctrl Pts',(4.12735079604228,1.32520350186888,-0.3));
#1865=CARTESIAN_POINT('Ctrl Pts',(4.3257191949629,1.55025900237857,0.));
#1866=CARTESIAN_POINT('Ctrl Pts',(4.13810676566826,1.70244745619331,-3.23808222710434E-18));
#1867=CARTESIAN_POINT('Ctrl Pts',(3.90993887679905,1.81553936632848,-6.90083097579614E-18));
#1868=CARTESIAN_POINT('Ctrl Pts',(3.67521675562906,1.87268195057013,0.));
#1869=CARTESIAN_POINT('Origin',(3.4,0.5,-0.3));
#1870=CARTESIAN_POINT('',(3.4,1.9,0.));
#1871=CARTESIAN_POINT('Origin',(3.4,0.5,0.));
#1872=CARTESIAN_POINT('',(3.4,1.6,-0.3));
#1873=CARTESIAN_POINT('Origin',(3.4,1.9,-0.3));
#1874=CARTESIAN_POINT('Origin',(3.4,0.5,-0.3));
#1875=CARTESIAN_POINT('Origin',(2.25,1.9,-0.3));
#1876=CARTESIAN_POINT('',(-3.4,1.9,0.));
#1877=CARTESIAN_POINT('',(-3.4,1.6,-0.3));
#1878=CARTESIAN_POINT('Origin',(-3.4,1.9,-0.3));
#1879=CARTESIAN_POINT('',(2.25,1.6,-0.3));
#1880=CARTESIAN_POINT('',(2.25,1.9,0.));
#1881=CARTESIAN_POINT('Origin',(-3.4,0.5,-0.3));
#1882=CARTESIAN_POINT('',(-4.8,0.5,0.));
#1883=CARTESIAN_POINT('',(-4.5,0.5,-0.3));
#1884=CARTESIAN_POINT('Origin',(-4.8,0.5,-0.3));
#1885=CARTESIAN_POINT('Origin',(-3.4,0.5,-0.3));
#1886=CARTESIAN_POINT('Origin',(-3.4,0.5,0.));
#1887=CARTESIAN_POINT('Origin',(-4.8,0.8,-0.3));
#1888=CARTESIAN_POINT('',(-4.8,-0.5,0.));
#1889=CARTESIAN_POINT('',(-4.5,-0.5,-0.3));
#1890=CARTESIAN_POINT('Origin',(-4.8,-0.5,-0.3));
#1891=CARTESIAN_POINT('',(-4.5,0.8,-0.3));
#1892=CARTESIAN_POINT('',(-4.8,0.8,0.));
#1893=CARTESIAN_POINT('Origin',(-3.4,-0.5,-0.3));
#1894=CARTESIAN_POINT('',(-4.3257191949629,-1.55025900237857,0.));
#1895=CARTESIAN_POINT('',(-4.12735079604228,-1.32520350186888,-0.3));
#1896=CARTESIAN_POINT('Origin',(-4.3257191949629,-1.55025900237857,-0.3));
#1897=CARTESIAN_POINT('Origin',(-3.4,-0.5,-0.3));
#1898=CARTESIAN_POINT('Origin',(-3.4,-0.5,0.));
#1899=CARTESIAN_POINT('Ctrl Pts',(-4.3257191949629,-1.55025900237857,0.));
#1900=CARTESIAN_POINT('Ctrl Pts',(-4.13810676566826,-1.70244745619331,-3.51942379765603E-17));
#1901=CARTESIAN_POINT('Ctrl Pts',(-3.90993887679906,-1.81553936632848,-3.91534679962044E-17));
#1902=CARTESIAN_POINT('Ctrl Pts',(-3.67521675562906,-1.87268195057013,-3.46944695195361E-17));
#1903=CARTESIAN_POINT('Ctrl Pts',(-4.27378646956679,-1.4913396101243,9.60948457771734E-17));
#1904=CARTESIAN_POINT('Ctrl Pts',(-4.09758740695951,-1.63565809045989,-0.00264639735411383));
#1905=CARTESIAN_POINT('Ctrl Pts',(-3.88132485092273,-1.74284909649551,-0.00264639735411391));
#1906=CARTESIAN_POINT('Ctrl Pts',(-3.65977713174283,-1.79567467321966,-3.46944695195361E-17));
#1907=CARTESIAN_POINT('Ctrl Pts',(-4.17025444761917,-1.37387911165285,-0.0648848079790052));
#1908=CARTESIAN_POINT('Ctrl Pts',(-4.01749043115655,-1.50467441779769,-0.0697262231703757));
#1909=CARTESIAN_POINT('Ctrl Pts',(-3.82559166420481,-1.59978945880855,-0.0697262231703759));
#1910=CARTESIAN_POINT('Ctrl Pts',(-3.62899701252397,-1.64215453600438,-0.0648848079790055));
#1911=CARTESIAN_POINT('Ctrl Pts',(-4.12735079604228,-1.32520350186888,-0.221460183660255));
#1912=CARTESIAN_POINT('Ctrl Pts',(-3.98384880145542,-1.45176061743264,-0.223123877863939));
#1913=CARTESIAN_POINT('Ctrl Pts',(-3.80385492601813,-1.54097497308416,-0.223123877863939));
#1914=CARTESIAN_POINT('Ctrl Pts',(-3.61624173656569,-1.5785358183051,-0.221460183660255));
#1915=CARTESIAN_POINT('Ctrl Pts',(-4.12735079604228,-1.32520350186888,-0.3));
#1916=CARTESIAN_POINT('Ctrl Pts',(-3.98305595778566,-1.45238784516487,-0.3));
#1917=CARTESIAN_POINT('Ctrl Pts',(-3.80483418812928,-1.54072385273369,-0.3));
#1918=CARTESIAN_POINT('Ctrl Pts',(-3.61624173656569,-1.5785358183051,-0.3));
#1919=CARTESIAN_POINT('',(-3.67521675562906,-1.87268195057013,-2.29715335295366E-17));
#1920=CARTESIAN_POINT('',(-3.61624173656569,-1.5785358183051,-0.3));
#1921=CARTESIAN_POINT('Origin',(-3.67521675562906,-1.87268195057013,-0.3));
#1922=CARTESIAN_POINT('Ctrl Pts',(-3.61624173656569,-1.5785358183051,-0.3));
#1923=CARTESIAN_POINT('Ctrl Pts',(-3.80483418812928,-1.54072385273369,-0.3));
#1924=CARTESIAN_POINT('Ctrl Pts',(-3.98305595778566,-1.45238784516487,-0.3));
#1925=CARTESIAN_POINT('Ctrl Pts',(-4.12735079604228,-1.32520350186888,-0.3));
#1926=CARTESIAN_POINT('Ctrl Pts',(-4.3257191949629,-1.55025900237857,0.));
#1927=CARTESIAN_POINT('Ctrl Pts',(-4.13810676566826,-1.70244745619331,-3.51942379765603E-17));
#1928=CARTESIAN_POINT('Ctrl Pts',(-3.90993887679906,-1.81553936632848,-3.91534679962044E-17));
#1929=CARTESIAN_POINT('Ctrl Pts',(-3.67521675562906,-1.87268195057013,-3.46944695195361E-17));
#1930=CARTESIAN_POINT('Origin',(-3.4,-0.5,-0.3));
#1931=CARTESIAN_POINT('',(-3.4,-1.9,0.));
#1932=CARTESIAN_POINT('Origin',(-3.4,-0.5,0.));
#1933=CARTESIAN_POINT('',(-3.4,-1.6,-0.3));
#1934=CARTESIAN_POINT('Origin',(-3.4,-1.9,-0.3));
#1935=CARTESIAN_POINT('Origin',(-3.4,-0.5,-0.3));
#1936=CARTESIAN_POINT('Origin',(-2.25,-1.9,-0.3));
#1937=CARTESIAN_POINT('',(3.4,-1.9,0.));
#1938=CARTESIAN_POINT('',(3.4,-1.6,-0.3));
#1939=CARTESIAN_POINT('Origin',(3.4,-1.9,-0.3));
#1940=CARTESIAN_POINT('',(-2.25,-1.6,-0.3));
#1941=CARTESIAN_POINT('',(-2.25,-1.9,0.));
#1942=CARTESIAN_POINT('Origin',(3.4,-0.5,-0.3));
#1943=CARTESIAN_POINT('',(4.8,-0.5,0.));
#1944=CARTESIAN_POINT('',(4.5,-0.5,-0.3));
#1945=CARTESIAN_POINT('Origin',(4.8,-0.5,-0.3));
#1946=CARTESIAN_POINT('Origin',(3.4,-0.5,-0.3));
#1947=CARTESIAN_POINT('Origin',(3.4,-0.5,0.));
#1948=CARTESIAN_POINT('Origin',(4.8,-0.8,-0.3));
#1949=CARTESIAN_POINT('',(4.8,-0.8,0.));
#1950=CARTESIAN_POINT('',(4.5,-0.8,-0.3));
#1951=CARTESIAN_POINT('Origin',(0.,0.,0.));
#1952=CARTESIAN_POINT('',(-2.01341513512978,-9.05031618645296,0.));
#1953=CARTESIAN_POINT('Origin',(-6.25,-6.25,0.));
#1954=CARTESIAN_POINT('Origin',(0.,0.,0.));
#1955=CARTESIAN_POINT('',(9.05031618645296,2.01341513512978,0.));
#1956=CARTESIAN_POINT('Origin',(0.,0.,0.));
#1957=CARTESIAN_POINT('Origin',(6.25,6.25,0.));
#1958=CARTESIAN_POINT('Origin',(0.,0.,0.));
#1959=CARTESIAN_POINT('',(2.01341513512978,9.05031618645296,0.));
#1960=CARTESIAN_POINT('Origin',(6.25,6.25,0.));
#1961=CARTESIAN_POINT('',(-9.05031618645296,-2.01341513512978,0.));
#1962=CARTESIAN_POINT('Origin',(0.,0.,0.));
#1963=CARTESIAN_POINT('Origin',(-6.25,-6.25,0.));
#1964=CARTESIAN_POINT('Origin',(6.25,6.25,2.));
#1965=CARTESIAN_POINT('',(9.51718197187074,3.72245941399742,0.238786710326231));
#1966=CARTESIAN_POINT('Ctrl Pts',(9.51718197187065,3.72245941399744,0.238786710326222));
#1967=CARTESIAN_POINT('Ctrl Pts',(9.49257198103017,3.55129797342163,0.192905534864578));
#1968=CARTESIAN_POINT('Ctrl Pts',(9.46114204735203,3.3794061893915,0.153229952657153));
#1969=CARTESIAN_POINT('Ctrl Pts',(9.33444516876681,2.80779066996586,0.0428061048077651));
#1970=CARTESIAN_POINT('Ctrl Pts',(9.20970204967762,2.40945481933328,0.00071025521863935));
#1971=CARTESIAN_POINT('Ctrl Pts',(9.05293311222246,2.0198994338491,2.9469874039982E-6));
#1972=CARTESIAN_POINT('Ctrl Pts',(9.05162571631389,2.01665685339419,1.19906650839397E-18));
#1973=CARTESIAN_POINT('Ctrl Pts',(9.05031618645296,2.01341513512978,0.));
#1974=CARTESIAN_POINT('',(9.03399659518935,3.86760121124674,0.585786437626904));
#1975=CARTESIAN_POINT('Ctrl Pts',(9.03399659518935,3.86760121124674,0.585786437626905));
#1976=CARTESIAN_POINT('Ctrl Pts',(9.03557824014838,3.86759146503352,0.58457839844689));
#1977=CARTESIAN_POINT('Ctrl Pts',(9.03716031299031,3.86757896591377,0.583370913371462));
#1978=CARTESIAN_POINT('Ctrl Pts',(9.12349405004586,3.86674521355031,0.517526544965781));
#1979=CARTESIAN_POINT('Ctrl Pts',(9.21224156484155,3.85797116420949,0.452639877757623));
#1980=CARTESIAN_POINT('Ctrl Pts',(9.34698524990361,3.82104648967893,0.357442936716999));
#1981=CARTESIAN_POINT('Ctrl Pts',(9.39726951803969,3.80180521091046,0.322678255852443));
#1982=CARTESIAN_POINT('Ctrl Pts',(9.46948068223366,3.76012313518789,0.272525773463833));
#1983=CARTESIAN_POINT('Ctrl Pts',(9.49438647401144,3.74273610010463,0.255164654121661));
#1984=CARTESIAN_POINT('Ctrl Pts',(9.51718197187064,3.72245941399734,0.238786710326191));
#1985=CARTESIAN_POINT('',(3.86760121124674,9.03399659518935,0.585786437626905));
#1986=CARTESIAN_POINT('Origin',(6.25,6.25,0.585786437626904));
#1987=CARTESIAN_POINT('',(3.72245941399742,9.51718197187074,0.238786710326231));
#1988=CARTESIAN_POINT('Ctrl Pts',(3.72245941399734,9.51718197187064,0.238786710326191));
#1989=CARTESIAN_POINT('Ctrl Pts',(3.74273610010462,9.49438647401144,0.255164654121661));
#1990=CARTESIAN_POINT('Ctrl Pts',(3.76012313518789,9.46948068223365,0.272525773463834));
#1991=CARTESIAN_POINT('Ctrl Pts',(3.80180521091045,9.3972695180397,0.322678255852438));
#1992=CARTESIAN_POINT('Ctrl Pts',(3.82104648967893,9.34698524990361,0.357442936716998));
#1993=CARTESIAN_POINT('Ctrl Pts',(3.85797116422828,9.21224156477301,0.452639877806044));
#1994=CARTESIAN_POINT('Ctrl Pts',(3.86674521356362,9.12349404905124,0.517526545726767));
#1995=CARTESIAN_POINT('Ctrl Pts',(3.86757896591298,9.03716031304169,0.583370913332083));
#1996=CARTESIAN_POINT('Ctrl Pts',(3.86759146503384,9.0355782400972,0.584578398485983));
#1997=CARTESIAN_POINT('Ctrl Pts',(3.86760121124674,9.03399659518935,0.585786437626906));
#1998=CARTESIAN_POINT('Ctrl Pts',(2.01341513512978,9.05031618645296,0.));
#1999=CARTESIAN_POINT('Ctrl Pts',(2.01665685339458,9.05162571631404,1.19906650853761E-18));
#2000=CARTESIAN_POINT('Ctrl Pts',(2.01989943384872,9.05293311222231,2.94698740329215E-6));
#2001=CARTESIAN_POINT('Ctrl Pts',(2.40945481934135,9.20970204968084,0.000710255218654054));
#2002=CARTESIAN_POINT('Ctrl Pts',(2.8077906699742,9.33444516876866,0.0428061048093761));
#2003=CARTESIAN_POINT('Ctrl Pts',(3.3794061893915,9.46114204735203,0.153229952657154));
#2004=CARTESIAN_POINT('Ctrl Pts',(3.55129797342163,9.49257198103017,0.192905534864579));
#2005=CARTESIAN_POINT('Ctrl Pts',(3.72245941399744,9.51718197187065,0.238786710326222));
#2006=CARTESIAN_POINT('Origin',(-3.4,-0.5,0.));
#2007=CARTESIAN_POINT('',(-3.4,-1.6,0.));
#2008=CARTESIAN_POINT('',(-4.5,-0.5,0.));
#2009=CARTESIAN_POINT('Origin',(-4.5,-1.6,0.));
#2010=CARTESIAN_POINT('',(3.4,-1.6,0.));
#2011=CARTESIAN_POINT('Origin',(3.4,-0.5,0.));
#2012=CARTESIAN_POINT('',(4.5,-0.5,0.));
#2013=CARTESIAN_POINT('Origin',(4.5,-1.6,0.));
#2014=CARTESIAN_POINT('',(4.5,0.5,0.));
#2015=CARTESIAN_POINT('Origin',(0.,0.,7.));
#2016=CARTESIAN_POINT('',(-12.9,1.57979437090009E-15,7.1));
#2017=CARTESIAN_POINT('Origin',(0.,0.,7.1));
#2018=CARTESIAN_POINT('Origin',(-12.9,-1.57979437090009E-15,7.));
#2019=CARTESIAN_POINT('Origin',(0.,0.,7.1));
#2020=CARTESIAN_POINT('',(12.4,-1.51856203094272E-15,7.1));
#2021=CARTESIAN_POINT('Origin',(0.,0.,7.1));
#2022=CARTESIAN_POINT('Origin',(0.,0.,6.8));
#2023=CARTESIAN_POINT('',(12.1,-1.4818226269683E-15,6.8));
#2024=CARTESIAN_POINT('Origin',(12.4,-1.51856203094272E-15,6.8));
#2025=CARTESIAN_POINT('',(-12.1,1.4818226269683E-15,6.8));
#2026=CARTESIAN_POINT('Origin',(0.,0.,6.8));
#2027=CARTESIAN_POINT('Origin',(0.,0.,6.8));
#2028=CARTESIAN_POINT('Origin',(0.,0.,0.));
#2029=CARTESIAN_POINT('',(-12.1,-1.4818226269683E-15,2.82842712474619));
#2030=CARTESIAN_POINT('',(-12.1,-1.4818226269683E-15,0.));
#2031=CARTESIAN_POINT('',(4.17717699791713,11.3561081505977,2.82842712474619));
#2032=CARTESIAN_POINT('Origin',(0.,0.,2.82842712474619));
#2033=CARTESIAN_POINT('',(4.17717699791713,11.3561081505977,3.7));
#2034=CARTESIAN_POINT('',(4.17717699791713,11.3561081505977,0.));
#2035=CARTESIAN_POINT('',(5.3203219438358,10.8675744494316,4.));
#2036=CARTESIAN_POINT('Ctrl Pts',(4.17717699791713,11.3561081505977,3.7));
#2037=CARTESIAN_POINT('Ctrl Pts',(4.17917087171344,11.3553747335108,3.70075173911361));
#2038=CARTESIAN_POINT('Ctrl Pts',(4.18116455500137,11.3546407903314,3.70150347922601));
#2039=CARTESIAN_POINT('Ctrl Pts',(4.57934250223358,11.2079387446001,3.85165173761624));
#2040=CARTESIAN_POINT('Ctrl Pts',(4.93463167217904,11.0536868775264,3.98131421326886));
#2041=CARTESIAN_POINT('Ctrl Pts',(5.27608327306179,10.8891516916953,3.99940864871864));
#2042=CARTESIAN_POINT('Ctrl Pts',(5.29864557734736,10.8781863158447,4.));
#2043=CARTESIAN_POINT('Ctrl Pts',(5.3203219438358,10.8675744494316,4.));
#2044=CARTESIAN_POINT('',(10.8675744494316,5.3203219438358,4.));
#2045=CARTESIAN_POINT('Origin',(0.,0.,4.));
#2046=CARTESIAN_POINT('',(11.3561081505977,4.17717699791713,3.7));
#2047=CARTESIAN_POINT('Ctrl Pts',(10.8675744494316,5.3203219438358,4.));
#2048=CARTESIAN_POINT('Ctrl Pts',(10.8781863158447,5.29864557734736,4.));
#2049=CARTESIAN_POINT('Ctrl Pts',(10.8891516916953,5.27608327306179,3.99940864871864));
#2050=CARTESIAN_POINT('Ctrl Pts',(11.0536868768877,4.93463167350447,3.9813142133391));
#2051=CARTESIAN_POINT('Ctrl Pts',(11.2079387435819,4.57934250499705,3.85165173866162));
#2052=CARTESIAN_POINT('Ctrl Pts',(11.3546407903301,4.18116455500503,3.70150347922732));
#2053=CARTESIAN_POINT('Ctrl Pts',(11.3553747335123,4.17917087170921,3.70075173911201));
#2054=CARTESIAN_POINT('Ctrl Pts',(11.3561081505977,4.17717699791713,3.7));
#2055=CARTESIAN_POINT('',(11.3561081505977,4.17717699791713,2.82842712474619));
#2056=CARTESIAN_POINT('',(11.3561081505977,4.17717699791713,0.));
#2057=CARTESIAN_POINT('',(-4.17717699791713,-11.3561081505977,2.82842712474619));
#2058=CARTESIAN_POINT('Origin',(0.,0.,2.82842712474619));
#2059=CARTESIAN_POINT('',(-4.17717699791713,-11.3561081505977,3.7));
#2060=CARTESIAN_POINT('',(-4.17717699791713,-11.3561081505977,0.));
#2061=CARTESIAN_POINT('',(-5.3203219438358,-10.8675744494316,4.));
#2062=CARTESIAN_POINT('Ctrl Pts',(-4.17717699791713,-11.3561081505977,3.7));
#2063=CARTESIAN_POINT('Ctrl Pts',(-4.17917087172881,-11.3553747335051,3.7007517391194));
#2064=CARTESIAN_POINT('Ctrl Pts',(-4.18116455498535,-11.3546407903373,3.70150347922034));
#2065=CARTESIAN_POINT('Ctrl Pts',(-4.57934248719997,-11.207938750139,3.85165173192913));
#2066=CARTESIAN_POINT('Ctrl Pts',(-4.9346316649684,-11.053686881001,3.98131421288675));
#2067=CARTESIAN_POINT('Ctrl Pts',(-5.27608327306179,-10.8891516916953,3.99940864871864));
#2068=CARTESIAN_POINT('Ctrl Pts',(-5.29864557734736,-10.8781863158447,4.));
#2069=CARTESIAN_POINT('Ctrl Pts',(-5.3203219438358,-10.8675744494316,4.));
#2070=CARTESIAN_POINT('',(-10.8675744494316,-5.3203219438358,4.));
#2071=CARTESIAN_POINT('Origin',(0.,0.,4.));
#2072=CARTESIAN_POINT('',(-11.3561081505977,-4.17717699791713,3.7));
#2073=CARTESIAN_POINT('Ctrl Pts',(-10.8675744494316,-5.3203219438358,4.));
#2074=CARTESIAN_POINT('Ctrl Pts',(-10.8781863158447,-5.29864557734736,4.));
#2075=CARTESIAN_POINT('Ctrl Pts',(-10.8891516916953,-5.27608327306179,3.99940864871864));
#2076=CARTESIAN_POINT('Ctrl Pts',(-11.0536868752838,-4.93463167683283,3.98131421351548));
#2077=CARTESIAN_POINT('Ctrl Pts',(-11.2079387410252,-4.57934251193653,3.85165174128673));
#2078=CARTESIAN_POINT('Ctrl Pts',(-11.3546407903272,-4.18116455501291,3.70150347923013));
#2079=CARTESIAN_POINT('Ctrl Pts',(-11.3553747335151,-4.17917087170163,3.70075173910915));
#2080=CARTESIAN_POINT('Ctrl Pts',(-11.3561081505977,-4.17717699791713,3.7));
#2081=CARTESIAN_POINT('',(-11.3561081505977,-4.17717699791713,2.82842712474619));
#2082=CARTESIAN_POINT('',(-11.3561081505977,-4.17717699791713,0.));
#2083=CARTESIAN_POINT('Origin',(0.,0.,2.82842712474619));
#2084=CARTESIAN_POINT('Origin',(3.48673451892256,9.47906548107744,3.7));
#2085=CARTESIAN_POINT('',(4.78709474531194,7.95950525468806,3.7));
#2086=CARTESIAN_POINT('',(4.98214877927035,7.73157122072965,4.));
#2087=CARTESIAN_POINT('Origin',(4.98214877927035,7.73157122072965,3.7));
#2088=CARTESIAN_POINT('Origin',(3.48673451892256,9.47906548107744,4.));
#2089=CARTESIAN_POINT('Origin',(3.48673451892256,9.47906548107744,3.7));
#2090=CARTESIAN_POINT('Origin',(6.25,6.25,3.7));
#2091=CARTESIAN_POINT('',(7.95950525468806,4.78709474531194,3.7));
#2092=CARTESIAN_POINT('',(7.73157122072965,4.98214877927035,4.));
#2093=CARTESIAN_POINT('Origin',(7.73157122072965,4.98214877927035,3.7));
#2094=CARTESIAN_POINT('Origin',(6.25,6.25,4.));
#2095=CARTESIAN_POINT('Origin',(6.25,6.25,3.7));
#2096=CARTESIAN_POINT('Origin',(9.47906548107744,3.48673451892256,3.7));
#2097=CARTESIAN_POINT('Origin',(9.47906548107744,3.48673451892256,4.));
#2098=CARTESIAN_POINT('Origin',(9.47906548107744,3.48673451892256,3.7));
#2099=CARTESIAN_POINT('Origin',(9.47906548107744,3.48673451892256,0.));
#2100=CARTESIAN_POINT('',(7.95950525468806,4.78709474531194,2.82842712474619));
#2101=CARTESIAN_POINT('',(7.95950525468806,4.78709474531194,0.));
#2102=CARTESIAN_POINT('Origin',(9.47906548107744,3.48673451892256,2.82842712474619));
#2103=CARTESIAN_POINT('Origin',(6.25,6.25,0.));
#2104=CARTESIAN_POINT('',(4.78709474531194,7.95950525468806,2.82842712474619));
#2105=CARTESIAN_POINT('',(4.78709474531194,7.95950525468806,0.));
#2106=CARTESIAN_POINT('Origin',(6.25,6.25,2.82842712474619));
#2107=CARTESIAN_POINT('Origin',(3.48673451892256,9.47906548107744,0.));
#2108=CARTESIAN_POINT('Origin',(3.48673451892256,9.47906548107744,2.82842712474619));
#2109=CARTESIAN_POINT('Origin',(-9.47906548107744,-3.48673451892256,3.7));
#2110=CARTESIAN_POINT('',(-7.73157122072965,-4.98214877927035,4.));
#2111=CARTESIAN_POINT('',(-7.95950525468806,-4.78709474531194,3.7));
#2112=CARTESIAN_POINT('Origin',(-7.73157122072965,-4.98214877927035,3.7));
#2113=CARTESIAN_POINT('Origin',(-9.47906548107744,-3.48673451892256,3.7));
#2114=CARTESIAN_POINT('Origin',(-9.47906548107744,-3.48673451892256,4.));
#2115=CARTESIAN_POINT('Origin',(-6.25,-6.25,3.7));
#2116=CARTESIAN_POINT('',(-4.98214877927035,-7.73157122072965,4.));
#2117=CARTESIAN_POINT('',(-4.78709474531194,-7.95950525468806,3.7));
#2118=CARTESIAN_POINT('Origin',(-4.98214877927035,-7.73157122072965,3.7));
#2119=CARTESIAN_POINT('Origin',(-6.25,-6.25,3.7));
#2120=CARTESIAN_POINT('Origin',(-6.25,-6.25,4.));
#2121=CARTESIAN_POINT('Origin',(-3.48673451892256,-9.47906548107744,3.7));
#2122=CARTESIAN_POINT('Origin',(-3.48673451892256,-9.47906548107744,3.7));
#2123=CARTESIAN_POINT('Origin',(-3.48673451892256,-9.47906548107744,4.));
#2124=CARTESIAN_POINT('Origin',(-7.18043193179874,-7.18043193179874,4.));
#2125=CARTESIAN_POINT('',(-7.35,-6.25,4.));
#2126=CARTESIAN_POINT('Origin',(-6.25,-6.25,4.));
#2127=CARTESIAN_POINT('Origin',(6.25,6.25,3.85));
#2128=CARTESIAN_POINT('',(5.15,6.25,4.));
#2129=CARTESIAN_POINT('Origin',(6.25,6.25,4.));
#2130=CARTESIAN_POINT('',(5.45,6.25,3.7));
#2131=CARTESIAN_POINT('',(5.3,6.25,3.85));
#2132=CARTESIAN_POINT('Origin',(6.25,6.25,3.7));
#2133=CARTESIAN_POINT('Origin',(6.25,6.25,0.));
#2134=CARTESIAN_POINT('',(5.45,6.25,0.));
#2135=CARTESIAN_POINT('',(5.45,6.25,0.));
#2136=CARTESIAN_POINT('Origin',(6.25,6.25,0.));
#2137=CARTESIAN_POINT('Origin',(7.18043193179874,7.18043193179874,4.));
#2138=CARTESIAN_POINT('Origin',(-6.25,-6.25,3.85));
#2139=CARTESIAN_POINT('',(-7.05,-6.25,3.7));
#2140=CARTESIAN_POINT('',(-7.2,-6.25,3.85));
#2141=CARTESIAN_POINT('Origin',(-6.25,-6.25,3.7));
#2142=CARTESIAN_POINT('Origin',(-6.25,-6.25,0.));
#2143=CARTESIAN_POINT('',(-7.05,-6.25,0.));
#2144=CARTESIAN_POINT('',(-7.05,-6.25,0.));
#2145=CARTESIAN_POINT('Origin',(-6.25,-6.25,0.));
#2146=CARTESIAN_POINT('Origin',(3.48673451892256,9.47906548107744,2.));
#2147=CARTESIAN_POINT('',(4.40622805298777,8.40457414057614,1.4142135623731));
#2148=CARTESIAN_POINT('',(4.78709474531194,7.95950525468806,2.));
#2149=CARTESIAN_POINT('',(3.97495107783887,10.8063350812717,1.4142135623731));
#2150=CARTESIAN_POINT('Origin',(3.48673451892256,9.47906548107744,1.4142135623731));
#2151=CARTESIAN_POINT('',(3.68896043900082,10.0288385504034,0.585786437626906));
#2152=CARTESIAN_POINT('',(3.48673451892256,9.47906548107744,0.));
#2153=CARTESIAN_POINT('Ctrl Pts',(3.68896043900082,10.0288385504034,0.585786437626905));
#2154=CARTESIAN_POINT('Ctrl Pts',(3.68961752582796,10.027284331814,0.584554610650747));
#2155=CARTESIAN_POINT('Ctrl Pts',(3.69027102695314,10.0257282489259,0.583323201724105));
#2156=CARTESIAN_POINT('Ctrl Pts',(3.71826142509837,9.95862751430382,0.530304667025106));
#2157=CARTESIAN_POINT('Ctrl Pts',(3.73956852308285,9.88891633854912,0.478660744238258));
#2158=CARTESIAN_POINT('Ctrl Pts',(3.76074770854528,9.75347497003637,0.384907003495392));
#2159=CARTESIAN_POINT('Ctrl Pts',(3.76292393683439,9.68619126780693,0.341137371768795));
#2160=CARTESIAN_POINT('Ctrl Pts',(3.74697608278211,9.58925018499052,0.281490872866879));
#2161=CARTESIAN_POINT('Ctrl Pts',(3.7388475610838,9.55803285468014,0.262797819507661));
#2162=CARTESIAN_POINT('Ctrl Pts',(3.7254887651106,9.5243498939366,0.242989150507367));
#2163=CARTESIAN_POINT('Ctrl Pts',(3.72400298583915,9.52075806516733,0.240881326215772));
#2164=CARTESIAN_POINT('Ctrl Pts',(3.7224594139974,9.51718197187076,0.238786710326275));
#2165=CARTESIAN_POINT('Origin',(6.25,6.25,1.));
#2166=CARTESIAN_POINT('',(8.40457414057614,4.40622805298777,1.41421356237309));
#2167=CARTESIAN_POINT('',(9.47906548107744,3.48673451892256,0.));
#2168=CARTESIAN_POINT('Origin',(6.25,6.25,1.4142135623731));
#2169=CARTESIAN_POINT('Origin',(9.47906548107744,3.48673451892256,2.));
#2170=CARTESIAN_POINT('',(10.0288385504034,3.68896043900082,0.585786437626905));
#2171=CARTESIAN_POINT('Ctrl Pts',(9.51718197187076,3.7224594139974,0.238786710326274));
#2172=CARTESIAN_POINT('Ctrl Pts',(9.52075806516733,3.72400298583915,0.24088132621577));
#2173=CARTESIAN_POINT('Ctrl Pts',(9.5243498939366,3.7254887651106,0.242989150507363));
#2174=CARTESIAN_POINT('Ctrl Pts',(9.55803285468012,3.73884756108379,0.262797819507648));
#2175=CARTESIAN_POINT('Ctrl Pts',(9.58925018499048,3.7469760827821,0.281490872866856));
#2176=CARTESIAN_POINT('Ctrl Pts',(9.68619126780691,3.76292393683439,0.341137371768782));
#2177=CARTESIAN_POINT('Ctrl Pts',(9.75347497003634,3.76074770854528,0.384907003495368));
#2178=CARTESIAN_POINT('Ctrl Pts',(9.88891633844194,3.73956852309961,0.478660744164068));
#2179=CARTESIAN_POINT('Ctrl Pts',(9.95862751339165,3.71826142547413,0.530304666302718));
#2180=CARTESIAN_POINT('Ctrl Pts',(10.0257282489852,3.6902710269289,0.583323201771101));
#2181=CARTESIAN_POINT('Ctrl Pts',(10.027284331755,3.68961752585291,0.584554610603983));
#2182=CARTESIAN_POINT('Ctrl Pts',(10.0288385504034,3.68896043900082,0.585786437626905));
#2183=CARTESIAN_POINT('',(10.8063350812717,3.97495107783887,1.4142135623731));
#2184=CARTESIAN_POINT('',(11.3561081505977,4.17717699791713,2.));
#2185=CARTESIAN_POINT('Origin',(9.47906548107744,3.48673451892256,1.41421356237309));
#2186=CARTESIAN_POINT('Origin',(-6.25,-6.25,2.));
#2187=CARTESIAN_POINT('',(-9.51718197187074,-3.72245941399742,0.238786710326231));
#2188=CARTESIAN_POINT('Ctrl Pts',(-9.51718197187065,-3.72245941399744,0.238786710326222));
#2189=CARTESIAN_POINT('Ctrl Pts',(-9.49257198103017,-3.55129797342163,0.192905534864578));
#2190=CARTESIAN_POINT('Ctrl Pts',(-9.46114204735203,-3.3794061893915,0.153229952657153));
#2191=CARTESIAN_POINT('Ctrl Pts',(-9.33444516876681,-2.80779066996587,0.0428061048077662));
#2192=CARTESIAN_POINT('Ctrl Pts',(-9.20970204967762,-2.40945481933329,0.000710255218639364));
#2193=CARTESIAN_POINT('Ctrl Pts',(-9.05293311222246,-2.0198994338491,2.94698740399799E-6));
#2194=CARTESIAN_POINT('Ctrl Pts',(-9.05162571631389,-2.01665685339419,1.19906650839401E-18));
#2195=CARTESIAN_POINT('Ctrl Pts',(-9.05031618645296,-2.01341513512978,0.));
#2196=CARTESIAN_POINT('',(-9.03399659518935,-3.86760121124674,0.585786437626904));
#2197=CARTESIAN_POINT('Ctrl Pts',(-9.03399659518935,-3.86760121124674,0.585786437626905));
#2198=CARTESIAN_POINT('Ctrl Pts',(-9.03557824012975,-3.86759146503364,0.584578398461121));
#2199=CARTESIAN_POINT('Ctrl Pts',(-9.03716031300904,-3.86757896591348,0.583370913357106));
#2200=CARTESIAN_POINT('Ctrl Pts',(-9.12349404968288,-3.86674521355516,0.5175265452435));
#2201=CARTESIAN_POINT('Ctrl Pts',(-9.21224156481653,-3.85797116421635,0.452639877775297));
#2202=CARTESIAN_POINT('Ctrl Pts',(-9.34698524990361,-3.82104648967894,0.357442936717004));
#2203=CARTESIAN_POINT('Ctrl Pts',(-9.39726951803969,-3.80180521091046,0.322678255852446));
#2204=CARTESIAN_POINT('Ctrl Pts',(-9.46948068223366,-3.76012313518789,0.272525773463832));
#2205=CARTESIAN_POINT('Ctrl Pts',(-9.49438647401144,-3.74273610010462,0.25516465412166));
#2206=CARTESIAN_POINT('Ctrl Pts',(-9.51718197187064,-3.72245941399734,0.238786710326191));
#2207=CARTESIAN_POINT('',(-3.86760121124674,-9.03399659518935,0.585786437626905));
#2208=CARTESIAN_POINT('Origin',(-6.25,-6.25,0.585786437626904));
#2209=CARTESIAN_POINT('',(-3.72245941399742,-9.51718197187074,0.238786710326231));
#2210=CARTESIAN_POINT('Ctrl Pts',(-3.72245941399734,-9.51718197187064,0.238786710326191));
#2211=CARTESIAN_POINT('Ctrl Pts',(-3.74273610010462,-9.49438647401145,0.255164654121656));
#2212=CARTESIAN_POINT('Ctrl Pts',(-3.76012313518788,-9.46948068223367,0.272525773463822));
#2213=CARTESIAN_POINT('Ctrl Pts',(-3.80180521091046,-9.39726951803969,0.322678255852442));
#2214=CARTESIAN_POINT('Ctrl Pts',(-3.82104648967893,-9.3469852499036,0.357442936717005));
#2215=CARTESIAN_POINT('Ctrl Pts',(-3.85797116422225,-9.212241564795,0.452639877790506));
#2216=CARTESIAN_POINT('Ctrl Pts',(-3.86674521355934,-9.12349404936998,0.517526545482898));
#2217=CARTESIAN_POINT('Ctrl Pts',(-3.86757896591323,-9.03716031302529,0.583370913344648));
#2218=CARTESIAN_POINT('Ctrl Pts',(-3.86759146503374,-9.03557824011362,0.58457839847344));
#2219=CARTESIAN_POINT('Ctrl Pts',(-3.86760121124674,-9.03399659518935,0.585786437626906));
#2220=CARTESIAN_POINT('Ctrl Pts',(-2.01341513512978,-9.05031618645296,0.));
#2221=CARTESIAN_POINT('Ctrl Pts',(-2.0166568533945,-9.05162571631401,1.19906650851118E-18));
#2222=CARTESIAN_POINT('Ctrl Pts',(-2.01989943384879,-9.05293311222234,2.94698740342193E-6));
#2223=CARTESIAN_POINT('Ctrl Pts',(-2.40945481933881,-9.20970204967981,0.000710255218649449));
#2224=CARTESIAN_POINT('Ctrl Pts',(-2.80779066997156,-9.33444516876808,0.042806104808866));
#2225=CARTESIAN_POINT('Ctrl Pts',(-3.37940618939149,-9.46114204735203,0.153229952657153));
#2226=CARTESIAN_POINT('Ctrl Pts',(-3.55129797342162,-9.49257198103017,0.192905534864577));
#2227=CARTESIAN_POINT('Ctrl Pts',(-3.72245941399744,-9.51718197187065,0.238786710326222));
#2228=CARTESIAN_POINT('Origin',(0.,0.,2.));
#2229=CARTESIAN_POINT('',(-3.68896043900082,-10.0288385504034,0.585786437626906));
#2230=CARTESIAN_POINT('Ctrl Pts',(-3.68896043900082,-10.0288385504034,0.585786437626905));
#2231=CARTESIAN_POINT('Ctrl Pts',(-3.68961752585277,-10.0272843317553,0.584554610604228));
#2232=CARTESIAN_POINT('Ctrl Pts',(-3.690271026929,-10.025728248985,0.583323201770921));
#2233=CARTESIAN_POINT('Ctrl Pts',(-3.71826142547197,-9.95862751339691,0.530304666306884));
#2234=CARTESIAN_POINT('Ctrl Pts',(-3.73956852309951,-9.88891633844259,0.478660744164517));
#2235=CARTESIAN_POINT('Ctrl Pts',(-3.76074770854528,-9.75347497003633,0.384907003495368));
#2236=CARTESIAN_POINT('Ctrl Pts',(-3.76292393683439,-9.68619126780691,0.341137371768783));
#2237=CARTESIAN_POINT('Ctrl Pts',(-3.7469760827821,-9.58925018499051,0.281490872866871));
#2238=CARTESIAN_POINT('Ctrl Pts',(-3.7388475610838,-9.55803285468013,0.262797819507656));
#2239=CARTESIAN_POINT('Ctrl Pts',(-3.7254887651106,-9.5243498939366,0.242989150507365));
#2240=CARTESIAN_POINT('Ctrl Pts',(-3.72400298583915,-9.52075806516733,0.24088132621577));
#2241=CARTESIAN_POINT('Ctrl Pts',(-3.7224594139974,-9.51718197187076,0.238786710326274));
#2242=CARTESIAN_POINT('Origin',(0.,5.55111512312578E-16,0.585786437626906));
#2243=CARTESIAN_POINT('Origin',(-3.48673451892256,-9.47906548107744,2.));
#2244=CARTESIAN_POINT('',(-4.40622805298777,-8.40457414057614,1.4142135623731));
#2245=CARTESIAN_POINT('',(-4.78709474531194,-7.95950525468806,2.));
#2246=CARTESIAN_POINT('',(-3.97495107783887,-10.8063350812717,1.4142135623731));
#2247=CARTESIAN_POINT('Origin',(-3.48673451892256,-9.47906548107744,1.4142135623731));
#2248=CARTESIAN_POINT('',(-3.48673451892256,-9.47906548107744,0.));
#2249=CARTESIAN_POINT('Origin',(-6.25,-6.25,1.));
#2250=CARTESIAN_POINT('',(-8.40457414057614,-4.40622805298777,1.41421356237309));
#2251=CARTESIAN_POINT('',(-9.47906548107744,-3.48673451892256,0.));
#2252=CARTESIAN_POINT('Origin',(-6.25,-6.25,1.4142135623731));
#2253=CARTESIAN_POINT('Origin',(0.,0.,2.));
#2254=CARTESIAN_POINT('',(-10.0288385504034,-3.68896043900082,0.585786437626905));
#2255=CARTESIAN_POINT('Origin',(0.,-5.55111512312578E-16,0.585786437626906));
#2256=CARTESIAN_POINT('Ctrl Pts',(-9.51718197187076,-3.7224594139974,0.238786710326275));
#2257=CARTESIAN_POINT('Ctrl Pts',(-9.52075806516733,-3.72400298583915,0.240881326215771));
#2258=CARTESIAN_POINT('Ctrl Pts',(-9.5243498939366,-3.72548876511061,0.242989150507366));
#2259=CARTESIAN_POINT('Ctrl Pts',(-9.55803285468014,-3.7388475610838,0.262797819507662));
#2260=CARTESIAN_POINT('Ctrl Pts',(-9.58925018499052,-3.74697608278211,0.281490872866882));
#2261=CARTESIAN_POINT('Ctrl Pts',(-9.68619126780693,-3.76292393683439,0.341137371768793));
#2262=CARTESIAN_POINT('Ctrl Pts',(-9.75347497003636,-3.76074770854528,0.384907003495385));
#2263=CARTESIAN_POINT('Ctrl Pts',(-9.88891633846168,-3.73956852309652,0.478660744177731));
#2264=CARTESIAN_POINT('Ctrl Pts',(-9.95862751356017,-3.71826142540468,0.530304666436187));
#2265=CARTESIAN_POINT('Ctrl Pts',(-10.025728248974,-3.69027102693348,0.583323201762233));
#2266=CARTESIAN_POINT('Ctrl Pts',(-10.0272843317658,-3.68961752584832,0.58455461061259));
#2267=CARTESIAN_POINT('Ctrl Pts',(-10.0288385504034,-3.68896043900082,0.585786437626905));
#2268=CARTESIAN_POINT('Origin',(-9.47906548107744,-3.48673451892256,2.));
#2269=CARTESIAN_POINT('',(-10.8063350812717,-3.97495107783887,1.4142135623731));
#2270=CARTESIAN_POINT('',(-11.3561081505977,-4.17717699791713,2.));
#2271=CARTESIAN_POINT('Origin',(-9.47906548107744,-3.48673451892256,1.41421356237309));
#2272=CARTESIAN_POINT('Origin',(0.,0.,1.));
#2273=CARTESIAN_POINT('Origin',(-5.55111512312578E-16,0.,1.4142135623731));
#2274=CARTESIAN_POINT('Origin',(-6.25,-6.25,2.82842712474619));
#2275=CARTESIAN_POINT('',(-7.95950525468806,-4.78709474531194,2.82842712474619));
#2276=CARTESIAN_POINT('Origin',(-9.47906548107744,-3.48673451892256,2.82842712474619));
#2277=CARTESIAN_POINT('',(-4.78709474531194,-7.95950525468806,2.82842712474619));
#2278=CARTESIAN_POINT('Origin',(-6.25,-6.25,2.82842712474619));
#2279=CARTESIAN_POINT('Origin',(-3.48673451892256,-9.47906548107744,2.82842712474619));
#2280=CARTESIAN_POINT('Origin',(-3.48673451892256,-9.47906548107744,2.82842712474619));
#2281=CARTESIAN_POINT('Origin',(-3.48673451892256,-9.47906548107744,2.82842712474619));
#2282=CARTESIAN_POINT('Origin',(-3.48673451892256,-9.47906548107744,2.82842712474619));
#2283=CARTESIAN_POINT('Origin',(0.,0.,2.82842712474619));
#2284=CARTESIAN_POINT('Origin',(9.47906548107744,3.48673451892256,2.82842712474619));
#2285=CARTESIAN_POINT('Origin',(5.55111512312578E-16,0.,1.4142135623731));
#2286=CARTESIAN_POINT('Origin',(9.47906548107744,3.48673451892256,2.82842712474619));
#2287=CARTESIAN_POINT('Origin',(9.47906548107744,3.48673451892256,2.82842712474619));
#2288=CARTESIAN_POINT('Origin',(6.25,6.25,2.82842712474619));
#2289=CARTESIAN_POINT('Origin',(3.48673451892256,9.47906548107744,2.82842712474619));
#2290=CARTESIAN_POINT('Origin',(3.48673451892256,9.47906548107744,2.82842712474619));
#2291=CARTESIAN_POINT('Origin',(3.48673451892256,9.47906548107744,2.82842712474619));
#2292=CARTESIAN_POINT('Origin',(0.,0.,2.82842712474619));
#2293=CARTESIAN_POINT('Origin',(-9.47906548107744,-3.48673451892256,2.82842712474619));
#2294=CARTESIAN_POINT('Origin',(-9.47906548107744,-3.48673451892256,2.82842712474619));
#2295=CARTESIAN_POINT('Origin',(-9.47906548107744,-3.48673451892256,2.82842712474619));
#2296=CARTESIAN_POINT('Origin',(-3.48673451892256,-9.47906548107744,0.));
#2297=CARTESIAN_POINT('',(-4.78709474531194,-7.95950525468806,0.));
#2298=CARTESIAN_POINT('Origin',(-6.25,-6.25,0.));
#2299=CARTESIAN_POINT('',(-7.95950525468806,-4.78709474531194,0.));
#2300=CARTESIAN_POINT('Origin',(0.,0.,1.));
#2301=CARTESIAN_POINT('Origin',(-9.47906548107744,-3.48673451892256,0.));
#2302=CARTESIAN_POINT('Origin',(3.4,0.5,0.));
#2303=CARTESIAN_POINT('',(3.4,1.6,0.));
#2304=CARTESIAN_POINT('Origin',(4.5,1.6,0.));
#2305=CARTESIAN_POINT('',(-3.4,1.6,0.));
#2306=CARTESIAN_POINT('Origin',(-3.4,0.5,0.));
#2307=CARTESIAN_POINT('',(-4.5,0.5,0.));
#2308=CARTESIAN_POINT('Origin',(-4.5,1.6,0.));
#2309=CARTESIAN_POINT('Origin',(0.,0.,0.));
#2310=CARTESIAN_POINT('Origin',(0.,0.,0.));
#2311=UNCERTAINTY_MEASURE_WITH_UNIT(LENGTH_MEASURE(0.01),#2315,
'DISTANCE_ACCURACY_VALUE',
'Maximum model space distance between geometric entities at asserted c
onnectivities');
#2312=UNCERTAINTY_MEASURE_WITH_UNIT(LENGTH_MEASURE(0.01),#2315,
'DISTANCE_ACCURACY_VALUE',
'Maximum model space distance between geometric entities at asserted c
onnectivities');
#2313=(
GEOMETRIC_REPRESENTATION_CONTEXT(3)
GLOBAL_UNCERTAINTY_ASSIGNED_CONTEXT((#2311))
GLOBAL_UNIT_ASSIGNED_CONTEXT((#2315,#2317,#2318))
REPRESENTATION_CONTEXT('','3D')
);
#2314=(
GEOMETRIC_REPRESENTATION_CONTEXT(3)
GLOBAL_UNCERTAINTY_ASSIGNED_CONTEXT((#2312))
GLOBAL_UNIT_ASSIGNED_CONTEXT((#2315,#2317,#2318))
REPRESENTATION_CONTEXT('','3D')
);
#2315=(
LENGTH_UNIT()
NAMED_UNIT(*)
SI_UNIT(.MILLI.,.METRE.)
);
#2316=(
LENGTH_UNIT()
NAMED_UNIT(*)
SI_UNIT($,.METRE.)
);
#2317=(
NAMED_UNIT(*)
PLANE_ANGLE_UNIT()
SI_UNIT($,.RADIAN.)
);
#2318=(
NAMED_UNIT(*)
SI_UNIT($,.STERADIAN.)
SOLID_ANGLE_UNIT()
);
#2319=SHAPE_DEFINITION_REPRESENTATION(#2320,#2321);
#2320=PRODUCT_DEFINITION_SHAPE('',$,#2323);
#2321=SHAPE_REPRESENTATION('',(#1156),#2313);
#2322=PRODUCT_DEFINITION_CONTEXT('part definition',#2327,'design');
#2323=PRODUCT_DEFINITION('2025-08-19-23-59-53-961','Charger case',#2324,
#2322);
#2324=PRODUCT_DEFINITION_FORMATION('',$,#2329);
#2325=PRODUCT_RELATED_PRODUCT_CATEGORY('Charger case','Charger case',(#2329));
#2326=APPLICATION_PROTOCOL_DEFINITION('international standard',
'automotive_design',2009,#2327);
#2327=APPLICATION_CONTEXT(
'Core Data for Automotive Mechanical Design Process');
#2328=PRODUCT_CONTEXT('part definition',#2327,'mechanical');
#2329=PRODUCT('2025-08-19-23-59-53-961','Charger case',$,(#2328));
#2330=PRESENTATION_STYLE_ASSIGNMENT((#2331));
#2331=SURFACE_STYLE_USAGE(.BOTH.,#2332);
#2332=SURFACE_SIDE_STYLE('',(#2333));
#2333=SURFACE_STYLE_FILL_AREA(#2334);
#2334=FILL_AREA_STYLE('Steel - Satin',(#2335));
#2335=FILL_AREA_STYLE_COLOUR('Steel - Satin',#2336);
#2336=COLOUR_RGB('Steel - Satin',0.627450980392157,0.627450980392157,0.627450980392157);
ENDSEC;
END-ISO-10303-21;
