ISO-10303-21;
HEADER;
/* Generated by software containing ST-Developer
 * from STEP Tools, Inc. (www.steptools.com) 
 */

FILE_DESCRIPTION(
/* description */ (''),
/* implementation_level */ '2;1');

FILE_NAME(
/* name */ 'Charger lid.step',
/* time_stamp */ '2025-12-16T14:54:37+10:00',
/* author */ (''),
/* organization */ (''),
/* preprocessor_version */ 'ST-DEVELOPER v20.1',
/* originating_system */ 'Autodesk Translation Framework v14.10.0.0',
/* authorisation */ '');

FILE_SCHEMA (('AUTOMOTIVE_DESIGN { 1 0 10303 214 3 1 1 }'));
ENDSEC;

DATA;
#10=MECHANICAL_DESIGN_GEOMETRIC_PRESENTATION_REPRESENTATION('',(#13),#3481);
#11=SHAPE_REPRESENTATION_RELATIONSHIP('SRR','None',#3488,#12);
#12=ADVANCED_BREP_SHAPE_REPRESENTATION('',(#14),#3480);
#13=STYLED_ITEM('',(#3497),#14);
#14=MANIFOLD_SOLID_BREP('Body1',#1626);
#15=(
BOUNDED_SURFACE()
B_SPLINE_SURFACE(2,2,((#3330,#3331,#3332,#3333,#3334),(#3335,#3336,#3337,
#3338,#3339),(#3340,#3341,#3342,#3343,#3344)),.UNSPECIFIED.,.F.,.F.,.F.)
B_SPLINE_SURFACE_WITH_KNOTS((3,3),(3,2,3),(-1.5707963267949,0.),(0.948587705300252,
1.84190518012992,2.73522265495959),.UNSPECIFIED.)
GEOMETRIC_REPRESENTATION_ITEM()
RATIONAL_B_SPLINE_SURFACE(((1.,0.901895407406357,1.,0.901895407406357,1.),
(0.707106781186543,0.637736358498035,0.707106781186543,0.637736358498035,
0.707106781186543),(1.,0.901895407406357,1.,0.901895407406357,1.)))
REPRESENTATION_ITEM('')
SURFACE()
);
#16=(
BOUNDED_SURFACE()
B_SPLINE_SURFACE(2,2,((#3356,#3357,#3358,#3359,#3360),(#3361,#3362,#3363,
#3364,#3365),(#3366,#3367,#3368,#3369,#3370)),.UNSPECIFIED.,.F.,.F.,.F.)
B_SPLINE_SURFACE_WITH_KNOTS((3,3),(3,2,3),(-1.5707963267949,0.),(-1.16442632816469,
-0.271108853335023,0.622208621494645),.UNSPECIFIED.)
GEOMETRIC_REPRESENTATION_ITEM()
RATIONAL_B_SPLINE_SURFACE(((1.,0.901895407406357,1.,0.901895407406357,1.),
(0.707106781186547,0.637736358498038,0.707106781186547,0.637736358498038,
0.707106781186547),(1.,0.901895407406357,1.,0.901895407406357,1.)))
REPRESENTATION_ITEM('')
SURFACE()
);
#17=(
BOUNDED_SURFACE()
B_SPLINE_SURFACE(2,2,((#3424,#3425,#3426,#3427,#3428),(#3429,#3430,#3431,
#3432,#3433),(#3434,#3435,#3436,#3437,#3438)),.UNSPECIFIED.,.F.,.F.,.F.)
B_SPLINE_SURFACE_WITH_KNOTS((3,3),(3,2,3),(-1.5707963267949,0.),(-2.19300494828954,
-1.29968747345987,-0.406369998630207),.UNSPECIFIED.)
GEOMETRIC_REPRESENTATION_ITEM()
RATIONAL_B_SPLINE_SURFACE(((1.,0.901895407406357,1.,0.901895407406357,1.),
(0.707106781186555,0.637736358498045,0.707106781186555,0.637736358498045,
0.707106781186555),(1.,0.901895407406357,1.,0.901895407406357,1.)))
REPRESENTATION_ITEM('')
SURFACE()
);
#18=(
BOUNDED_SURFACE()
B_SPLINE_SURFACE(2,2,((#3442,#3443,#3444,#3445,#3446),(#3447,#3448,#3449,
#3450,#3451),(#3452,#3453,#3454,#3455,#3456)),.UNSPECIFIED.,.F.,.F.,.F.)
B_SPLINE_SURFACE_WITH_KNOTS((3,3),(3,2,3),(-1.5707963267949,0.),(-0.893317474829668,
0.,0.893317474829668),.UNSPECIFIED.)
GEOMETRIC_REPRESENTATION_ITEM()
RATIONAL_B_SPLINE_SURFACE(((1.,0.901895407406357,1.,0.901895407406357,1.),
(0.707106781186547,0.637736358498038,0.707106781186547,0.637736358498038,
0.707106781186547),(1.,0.901895407406357,1.,0.901895407406357,1.)))
REPRESENTATION_ITEM('')
SURFACE()
);
#19=SPHERICAL_SURFACE('',#1721,0.5);
#20=SPHERICAL_SURFACE('',#1743,0.5);
#21=SPHERICAL_SURFACE('',#1799,0.5);
#22=SPHERICAL_SURFACE('',#1818,0.5);
#23=SPHERICAL_SURFACE('',#1852,0.5);
#24=SPHERICAL_SURFACE('',#1861,0.5);
#25=SPHERICAL_SURFACE('',#1888,0.5);
#26=SPHERICAL_SURFACE('',#1896,0.5);
#27=B_SPLINE_CURVE_WITH_KNOTS('',3,(#2559,#2560,#2561,#2562,#2563,#2564,
#2565,#2566,#2567,#2568,#2569,#2570,#2571,#2572,#2573,#2574,#2575,#2576,
#2577,#2578,#2579,#2580,#2581,#2582,#2583,#2584,#2585,#2586,#2587,#2588,
#2589),.UNSPECIFIED.,.F.,.F.,(4,3,3,3,3,3,3,3,3,3,4),(-0.136138751785048,
-0.119370180117973,-0.108895741459556,-0.0937364711998063,-0.0889775458593363,
-0.0816363968906463,-0.0655422362685354,-0.0544215985211408,-0.0402755730763616,
-0.0315116931458584,-0.0261295476315823),.UNSPECIFIED.);
#28=B_SPLINE_CURVE_WITH_KNOTS('',3,(#2591,#2592,#2593,#2594,#2595,#2596,
#2597,#2598),.UNSPECIFIED.,.F.,.F.,(4,2,2,4),(0.,0.0114868748249757,0.0504426877445204,
0.0506799011952971),.UNSPECIFIED.);
#29=B_SPLINE_CURVE_WITH_KNOTS('',3,(#2599,#2600,#2601,#2602,#2603),
 .UNSPECIFIED.,.F.,.F.,(4,1,4),(0.0804478581833172,0.0889919500049807,0.136138751785048),
 .UNSPECIFIED.);
#30=B_SPLINE_CURVE_WITH_KNOTS('',3,(#2638,#2639,#2640,#2641,#2642),
 .UNSPECIFIED.,.F.,.F.,(4,1,4),(-0.0471706585036839,-0.023585329251842,
0.),.UNSPECIFIED.);
#31=B_SPLINE_CURVE_WITH_KNOTS('',3,(#2643,#2644,#2645,#2646,#2647),
 .UNSPECIFIED.,.F.,.F.,(4,1,4),(0.,0.023585329251842,0.0471706585036839),
 .UNSPECIFIED.);
#32=B_SPLINE_CURVE_WITH_KNOTS('',3,(#2682,#2683,#2684,#2685,#2686),
 .UNSPECIFIED.,.F.,.F.,(4,1,4),(-0.0471706412824679,-0.0235853206412339,
-9.53626519538335E-18),.UNSPECIFIED.);
#33=B_SPLINE_CURVE_WITH_KNOTS('',3,(#2687,#2688,#2689,#2690,#2691),
 .UNSPECIFIED.,.F.,.F.,(4,1,4),(9.53626519538335E-18,0.0235853206412339,
0.0471706412824679),.UNSPECIFIED.);
#34=B_SPLINE_CURVE_WITH_KNOTS('',3,(#2725,#2726,#2727,#2728,#2729,#2730,
#2731,#2732),.UNSPECIFIED.,.F.,.F.,(4,2,2,4),(-0.000257183670185267,0.,
0.0359875337909671,0.0526916846052637),.UNSPECIFIED.);
#35=B_SPLINE_CURVE_WITH_KNOTS('',3,(#2733,#2734,#2735,#2736,#2737,#2738,
#2739,#2740,#2741,#2742,#2743,#2744,#2745,#2746,#2747,#2748,#2749,#2750,
#2751,#2752,#2753,#2754,#2755,#2756,#2757,#2758,#2759,#2760,#2761,#2762,
#2763),.UNSPECIFIED.,.F.,.F.,(4,3,3,3,3,3,3,3,3,3,4),(-0.550995478257843,
-0.549839936436588,-0.533934630928141,-0.522703427368269,-0.506609266746153,
-0.495488628998764,-0.488147480030074,-0.472988209770322,-0.468229284429854,
-0.45146071276274,-0.440986274104362),.UNSPECIFIED.);
#36=B_SPLINE_CURVE_WITH_KNOTS('',3,(#2764,#2765,#2766,#2767,#2768),
 .UNSPECIFIED.,.F.,.F.,(4,1,4),(0.440986274104362,0.488133075884429,0.496677167650975),
 .UNSPECIFIED.);
#37=B_SPLINE_CURVE_WITH_KNOTS('',3,(#2800,#2801,#2802,#2803,#2804,#2805,
#2806,#2807,#2808,#2809,#2810,#2811,#2812,#2813,#2814,#2815,#2816,#2817,
#2818,#2819,#2820,#2821,#2822,#2823,#2824,#2825,#2826,#2827,#2828,#2829,
#2830),.UNSPECIFIED.,.F.,.F.,(4,3,3,3,3,3,3,3,3,3,4),(-0.136138751785048,
-0.11937018011794,-0.108895741459556,-0.0937364711998301,-0.0889775458593363,
-0.0816363968906463,-0.0655422362685568,-0.0544215985211408,-0.0402755730763616,
-0.0315116931437921,-0.0261295476315824),.UNSPECIFIED.);
#38=B_SPLINE_CURVE_WITH_KNOTS('',3,(#2832,#2833,#2834,#2835,#2836,#2837,
#2838,#2839),.UNSPECIFIED.,.F.,.F.,(4,2,2,4),(0.,0.0114868748249766,0.0504426877680892,
0.0506799012174199),.UNSPECIFIED.);
#39=B_SPLINE_CURVE_WITH_KNOTS('',3,(#2840,#2841,#2842,#2843,#2844),
 .UNSPECIFIED.,.F.,.F.,(4,1,4),(0.0804478581833171,0.0889919500049807,0.136138751785048),
 .UNSPECIFIED.);
#40=B_SPLINE_CURVE_WITH_KNOTS('',3,(#2879,#2880,#2881,#2882,#2883),
 .UNSPECIFIED.,.F.,.F.,(4,1,4),(-0.0471706585036839,-0.0235853292518419,
0.),.UNSPECIFIED.);
#41=B_SPLINE_CURVE_WITH_KNOTS('',3,(#2884,#2885,#2886,#2887,#2888),
 .UNSPECIFIED.,.F.,.F.,(4,1,4),(0.,0.0235853292518419,0.0471706585036839),
 .UNSPECIFIED.);
#42=B_SPLINE_CURVE_WITH_KNOTS('',3,(#2923,#2924,#2925,#2926,#2927),
 .UNSPECIFIED.,.F.,.F.,(4,1,4),(-0.0471706412824679,-0.0235853206412339,
0.),.UNSPECIFIED.);
#43=B_SPLINE_CURVE_WITH_KNOTS('',3,(#2928,#2929,#2930,#2931,#2932),
 .UNSPECIFIED.,.F.,.F.,(4,1,4),(0.,0.0235853206412339,0.0471706412824679),
 .UNSPECIFIED.);
#44=B_SPLINE_CURVE_WITH_KNOTS('',3,(#2966,#2967,#2968,#2969,#2970,#2971,
#2972,#2973),.UNSPECIFIED.,.F.,.F.,(4,2,2,4),(-0.000257183586491066,0.,
0.035987531667329,0.0526916810903994),.UNSPECIFIED.);
#45=B_SPLINE_CURVE_WITH_KNOTS('',3,(#2974,#2975,#2976,#2977,#2978,#2979,
#2980,#2981,#2982,#2983,#2984,#2985,#2986,#2987,#2988,#2989,#2990,#2991,
#2992,#2993,#2994,#2995,#2996,#2997,#2998,#2999,#3000,#3001,#3002,#3003,
#3004),.UNSPECIFIED.,.F.,.F.,(4,3,3,3,3,3,3,3,3,3,4),(-0.550995478257843,
-0.545642784291775,-0.529703250537436,-0.522703427368269,-0.506609266746181,
-0.495488628998763,-0.488147480030073,-0.472988209770326,-0.468229284429854,
-0.451460712762776,-0.440986274104361),.UNSPECIFIED.);
#46=B_SPLINE_CURVE_WITH_KNOTS('',3,(#3005,#3006,#3007,#3008,#3009),
 .UNSPECIFIED.,.F.,.F.,(4,1,4),(0.440986274104361,0.488133075884429,0.496677167650975),
 .UNSPECIFIED.);
#47=B_SPLINE_CURVE_WITH_KNOTS('',3,(#3056,#3057,#3058,#3059,#3060,#3061,
#3062,#3063,#3064,#3065),.UNSPECIFIED.,.F.,.F.,(4,2,2,2,4),(-0.000316227827462124,
0.,0.0376523207194306,0.0569206546858857,0.0711930106433013),
 .UNSPECIFIED.);
#48=B_SPLINE_CURVE_WITH_KNOTS('',3,(#3067,#3068,#3069,#3070,#3071,#3072,
#3073,#3074,#3075,#3076,#3077,#3078,#3079,#3080,#3081,#3082,#3083,#3084,
#3085,#3086),.UNSPECIFIED.,.F.,.F.,(4,2,2,2,2,2,2,2,2,4),(0.112760689661731,
0.126857126124777,0.146397923203673,0.160109123714775,0.172339706601781,
0.184280491007608,0.196492691378905,0.211492089803154,0.231256921281028,
0.234305450700514),.UNSPECIFIED.);
#49=B_SPLINE_CURVE_WITH_KNOTS('',3,(#3135,#3136,#3137,#3138,#3139,#3140,
#3141,#3142,#3143,#3144),.UNSPECIFIED.,.F.,.F.,(4,2,2,2,4),(-0.000316227825438084,
0.,0.0376523060629794,0.0569206300935276,0.0711929786913462),
 .UNSPECIFIED.);
#50=B_SPLINE_CURVE_WITH_KNOTS('',3,(#3222,#3223,#3224,#3225,#3226,#3227,
#3228,#3229,#3230,#3231),.UNSPECIFIED.,.F.,.F.,(4,2,2,2,4),(-0.00031622782543877,
0.,0.0372102890019644,0.0552416062155849,0.0680528356201894),
 .UNSPECIFIED.);
#51=B_SPLINE_CURVE_WITH_KNOTS('',3,(#3234,#3235,#3236,#3237,#3238,#3239,
#3240,#3241,#3242,#3243),.UNSPECIFIED.,.F.,.F.,(4,2,2,2,4),(0.197582457911601,
0.21216397609772,0.232686907314266,0.275039010203265,0.275398935206952),
 .UNSPECIFIED.);
#52=B_SPLINE_SURFACE_WITH_KNOTS('',3,3,((#2530,#2531,#2532,#2533,#2534),
(#2535,#2536,#2537,#2538,#2539),(#2540,#2541,#2542,#2543,#2544),(#2545,
#2546,#2547,#2548,#2549),(#2550,#2551,#2552,#2553,#2554)),.UNSPECIFIED.,
 .F.,.F.,.F.,(4,1,4),(4,1,4),(0.,0.5,1.),(0.0261295476315573,0.0889919500049807,
0.136138751785048),.UNSPECIFIED.);
#53=B_SPLINE_SURFACE_WITH_KNOTS('',3,3,((#2610,#2611,#2612,#2613,#2614),
(#2615,#2616,#2617,#2618,#2619),(#2620,#2621,#2622,#2623,#2624),(#2625,
#2626,#2627,#2628,#2629),(#2630,#2631,#2632,#2633,#2634)),.UNSPECIFIED.,
 .F.,.F.,.F.,(4,1,4),(4,1,4),(0.,0.5,1.),(0.,0.023585329251842,0.0471706585036839),
 .UNSPECIFIED.);
#54=B_SPLINE_SURFACE_WITH_KNOTS('',3,3,((#2654,#2655,#2656,#2657,#2658),
(#2659,#2660,#2661,#2662,#2663),(#2664,#2665,#2666,#2667,#2668),(#2669,
#2670,#2671,#2672,#2673),(#2674,#2675,#2676,#2677,#2678)),.UNSPECIFIED.,
 .F.,.F.,.F.,(4,1,4),(4,1,4),(0.,0.5,1.),(9.53626519538335E-18,0.0235853206412339,
0.0471706412824679),.UNSPECIFIED.);
#55=B_SPLINE_SURFACE_WITH_KNOTS('',3,3,((#2698,#2699,#2700,#2701,#2702),
(#2703,#2704,#2705,#2706,#2707),(#2708,#2709,#2710,#2711,#2712),(#2713,
#2714,#2715,#2716,#2717),(#2718,#2719,#2720,#2721,#2722)),.UNSPECIFIED.,
 .F.,.F.,.F.,(4,1,4),(4,1,4),(0.,0.5,1.),(0.440986274104362,0.488133075884429,
0.550995478257852),.UNSPECIFIED.);
#56=B_SPLINE_SURFACE_WITH_KNOTS('',3,3,((#2771,#2772,#2773,#2774,#2775),
(#2776,#2777,#2778,#2779,#2780),(#2781,#2782,#2783,#2784,#2785),(#2786,
#2787,#2788,#2789,#2790),(#2791,#2792,#2793,#2794,#2795)),.UNSPECIFIED.,
 .F.,.F.,.F.,(4,1,4),(4,1,4),(0.,0.5,1.),(0.0261295476315573,0.0889919500049807,
0.136138751785048),.UNSPECIFIED.);
#57=B_SPLINE_SURFACE_WITH_KNOTS('',3,3,((#2851,#2852,#2853,#2854,#2855),
(#2856,#2857,#2858,#2859,#2860),(#2861,#2862,#2863,#2864,#2865),(#2866,
#2867,#2868,#2869,#2870),(#2871,#2872,#2873,#2874,#2875)),.UNSPECIFIED.,
 .F.,.F.,.F.,(4,1,4),(4,1,4),(0.,0.5,1.),(0.,0.0235853292518419,0.0471706585036839),
 .UNSPECIFIED.);
#58=B_SPLINE_SURFACE_WITH_KNOTS('',3,3,((#2895,#2896,#2897,#2898,#2899),
(#2900,#2901,#2902,#2903,#2904),(#2905,#2906,#2907,#2908,#2909),(#2910,
#2911,#2912,#2913,#2914),(#2915,#2916,#2917,#2918,#2919)),.UNSPECIFIED.,
 .F.,.F.,.F.,(4,1,4),(4,1,4),(0.,0.5,1.),(0.,0.0235853206412339,0.0471706412824679),
 .UNSPECIFIED.);
#59=B_SPLINE_SURFACE_WITH_KNOTS('',3,3,((#2939,#2940,#2941,#2942,#2943),
(#2944,#2945,#2946,#2947,#2948),(#2949,#2950,#2951,#2952,#2953),(#2954,
#2955,#2956,#2957,#2958),(#2959,#2960,#2961,#2962,#2963)),.UNSPECIFIED.,
 .F.,.F.,.F.,(4,1,4),(4,1,4),(0.,0.5,1.),(0.440986274104361,0.488133075884429,
0.550995478257852),.UNSPECIFIED.);
#60=LINE('',#2518,#112);
#61=LINE('',#2528,#113);
#62=LINE('',#2608,#114);
#63=LINE('',#2609,#115);
#64=LINE('',#2696,#116);
#65=LINE('',#2697,#117);
#66=LINE('',#2849,#118);
#67=LINE('',#2850,#119);
#68=LINE('',#2937,#120);
#69=LINE('',#2938,#121);
#70=LINE('',#3022,#122);
#71=LINE('',#3039,#123);
#72=LINE('',#3091,#124);
#73=LINE('',#3093,#125);
#74=LINE('',#3098,#126);
#75=LINE('',#3102,#127);
#76=LINE('',#3106,#128);
#77=LINE('',#3110,#129);
#78=LINE('',#3114,#130);
#79=LINE('',#3117,#131);
#80=LINE('',#3120,#132);
#81=LINE('',#3123,#133);
#82=LINE('',#3151,#134);
#83=LINE('',#3152,#135);
#84=LINE('',#3155,#136);
#85=LINE('',#3159,#137);
#86=LINE('',#3199,#138);
#87=LINE('',#3202,#139);
#88=LINE('',#3205,#140);
#89=LINE('',#3209,#141);
#90=LINE('',#3213,#142);
#91=LINE('',#3217,#143);
#92=LINE('',#3221,#144);
#93=LINE('',#3245,#145);
#94=LINE('',#3261,#146);
#95=LINE('',#3263,#147);
#96=LINE('',#3268,#148);
#97=LINE('',#3272,#149);
#98=LINE('',#3276,#150);
#99=LINE('',#3279,#151);
#100=LINE('',#3282,#152);
#101=LINE('',#3285,#153);
#102=LINE('',#3301,#154);
#103=LINE('',#3302,#155);
#104=LINE('',#3305,#156);
#105=LINE('',#3309,#157);
#106=LINE('',#3320,#158);
#107=LINE('',#3390,#159);
#108=LINE('',#3395,#160);
#109=LINE('',#3414,#161);
#110=LINE('',#3471,#162);
#111=LINE('',#3473,#163);
#112=VECTOR('',#1940,1.55);
#113=VECTOR('',#1953,1.55);
#114=VECTOR('',#1962,10.);
#115=VECTOR('',#1963,10.);
#116=VECTOR('',#1980,10.);
#117=VECTOR('',#1981,10.);
#118=VECTOR('',#1992,10.);
#119=VECTOR('',#1993,10.);
#120=VECTOR('',#2010,10.);
#121=VECTOR('',#2011,10.);
#122=VECTOR('',#2028,13.);
#123=VECTOR('',#2051,12.);
#124=VECTOR('',#2078,10.);
#125=VECTOR('',#2081,10.);
#126=VECTOR('',#2088,10.);
#127=VECTOR('',#2091,10.);
#128=VECTOR('',#2096,10.);
#129=VECTOR('',#2101,10.);
#130=VECTOR('',#2106,10.);
#131=VECTOR('',#2111,10.);
#132=VECTOR('',#2114,10.);
#133=VECTOR('',#2117,10.);
#134=VECTOR('',#2140,10.);
#135=VECTOR('',#2141,10.);
#136=VECTOR('',#2144,10.);
#137=VECTOR('',#2149,10.);
#138=VECTOR('',#2208,10.);
#139=VECTOR('',#2211,10.);
#140=VECTOR('',#2214,10.);
#141=VECTOR('',#2219,10.);
#142=VECTOR('',#2224,10.);
#143=VECTOR('',#2229,10.);
#144=VECTOR('',#2232,10.);
#145=VECTOR('',#2235,10.);
#146=VECTOR('',#2256,10.);
#147=VECTOR('',#2259,10.);
#148=VECTOR('',#2266,10.);
#149=VECTOR('',#2271,10.);
#150=VECTOR('',#2276,10.);
#151=VECTOR('',#2281,10.);
#152=VECTOR('',#2284,10.);
#153=VECTOR('',#2287,10.);
#154=VECTOR('',#2310,10.);
#155=VECTOR('',#2311,10.);
#156=VECTOR('',#2314,10.);
#157=VECTOR('',#2319,10.);
#158=VECTOR('',#2336,10.);
#159=VECTOR('',#2395,10.);
#160=VECTOR('',#2402,10.);
#161=VECTOR('',#2421,10.);
#162=VECTOR('',#2474,10.);
#163=VECTOR('',#2477,10.);
#164=CYLINDRICAL_SURFACE('',#1656,1.55);
#165=CYLINDRICAL_SURFACE('',#1662,1.55);
#166=CYLINDRICAL_SURFACE('',#1665,0.2);
#167=CYLINDRICAL_SURFACE('',#1673,0.2);
#168=CYLINDRICAL_SURFACE('',#1675,5.75);
#169=CYLINDRICAL_SURFACE('',#1678,0.2);
#170=CYLINDRICAL_SURFACE('',#1686,0.2);
#171=CYLINDRICAL_SURFACE('',#1688,5.75);
#172=CYLINDRICAL_SURFACE('',#1695,13.);
#173=CYLINDRICAL_SURFACE('',#1705,12.);
#174=CYLINDRICAL_SURFACE('',#1719,0.5);
#175=CYLINDRICAL_SURFACE('',#1723,2.75);
#176=CYLINDRICAL_SURFACE('',#1726,0.5);
#177=CYLINDRICAL_SURFACE('',#1728,7.5);
#178=CYLINDRICAL_SURFACE('',#1730,0.5);
#179=CYLINDRICAL_SURFACE('',#1733,0.5);
#180=CYLINDRICAL_SURFACE('',#1746,0.5);
#181=CYLINDRICAL_SURFACE('',#1748,7.5);
#182=CYLINDRICAL_SURFACE('',#1777,2.75);
#183=CYLINDRICAL_SURFACE('',#1779,1.);
#184=CYLINDRICAL_SURFACE('',#1781,11.0000001639128);
#185=CYLINDRICAL_SURFACE('',#1783,1.);
#186=CYLINDRICAL_SURFACE('',#1785,2.75);
#187=CYLINDRICAL_SURFACE('',#1787,2.75);
#188=CYLINDRICAL_SURFACE('',#1797,0.5);
#189=CYLINDRICAL_SURFACE('',#1801,0.5);
#190=CYLINDRICAL_SURFACE('',#1803,7.5);
#191=CYLINDRICAL_SURFACE('',#1805,0.5);
#192=CYLINDRICAL_SURFACE('',#1808,0.5);
#193=CYLINDRICAL_SURFACE('',#1821,0.5);
#194=CYLINDRICAL_SURFACE('',#1823,7.5);
#195=CYLINDRICAL_SURFACE('',#1825,0.5);
#196=CYLINDRICAL_SURFACE('',#1831,0.5);
#197=CYLINDRICAL_SURFACE('',#1860,0.5);
#198=CYLINDRICAL_SURFACE('',#1876,0.5);
#199=CYLINDRICAL_SURFACE('',#1893,0.5);
#200=CYLINDRICAL_SURFACE('',#1897,0.5);
#201=CYLINDRICAL_SURFACE('',#1898,1.);
#202=CYLINDRICAL_SURFACE('',#1899,11.0000001639128);
#203=CYLINDRICAL_SURFACE('',#1900,1.);
#204=FACE_BOUND('',#332,.T.);
#205=FACE_BOUND('',#333,.T.);
#206=FACE_BOUND('',#334,.T.);
#207=FACE_BOUND('',#359,.T.);
#208=PLANE('',#1645);
#209=PLANE('',#1697);
#210=PLANE('',#1703);
#211=PLANE('',#1732);
#212=PLANE('',#1745);
#213=PLANE('',#1807);
#214=PLANE('',#1820);
#215=PLANE('',#1862);
#216=PLANE('',#1863);
#217=PLANE('',#1901);
#218=PLANE('',#1902);
#219=PLANE('',#1903);
#220=FACE_OUTER_BOUND('',#330,.T.);
#221=FACE_OUTER_BOUND('',#331,.T.);
#222=FACE_OUTER_BOUND('',#335,.T.);
#223=FACE_OUTER_BOUND('',#336,.T.);
#224=FACE_OUTER_BOUND('',#337,.T.);
#225=FACE_OUTER_BOUND('',#338,.T.);
#226=FACE_OUTER_BOUND('',#339,.T.);
#227=FACE_OUTER_BOUND('',#340,.T.);
#228=FACE_OUTER_BOUND('',#341,.T.);
#229=FACE_OUTER_BOUND('',#342,.T.);
#230=FACE_OUTER_BOUND('',#343,.T.);
#231=FACE_OUTER_BOUND('',#344,.T.);
#232=FACE_OUTER_BOUND('',#345,.T.);
#233=FACE_OUTER_BOUND('',#346,.T.);
#234=FACE_OUTER_BOUND('',#347,.T.);
#235=FACE_OUTER_BOUND('',#348,.T.);
#236=FACE_OUTER_BOUND('',#349,.T.);
#237=FACE_OUTER_BOUND('',#350,.T.);
#238=FACE_OUTER_BOUND('',#351,.T.);
#239=FACE_OUTER_BOUND('',#352,.T.);
#240=FACE_OUTER_BOUND('',#353,.T.);
#241=FACE_OUTER_BOUND('',#354,.T.);
#242=FACE_OUTER_BOUND('',#355,.T.);
#243=FACE_OUTER_BOUND('',#356,.T.);
#244=FACE_OUTER_BOUND('',#357,.T.);
#245=FACE_OUTER_BOUND('',#358,.T.);
#246=FACE_OUTER_BOUND('',#360,.T.);
#247=FACE_OUTER_BOUND('',#361,.T.);
#248=FACE_OUTER_BOUND('',#362,.T.);
#249=FACE_OUTER_BOUND('',#363,.T.);
#250=FACE_OUTER_BOUND('',#364,.T.);
#251=FACE_OUTER_BOUND('',#365,.T.);
#252=FACE_OUTER_BOUND('',#366,.T.);
#253=FACE_OUTER_BOUND('',#367,.T.);
#254=FACE_OUTER_BOUND('',#368,.T.);
#255=FACE_OUTER_BOUND('',#369,.T.);
#256=FACE_OUTER_BOUND('',#370,.T.);
#257=FACE_OUTER_BOUND('',#371,.T.);
#258=FACE_OUTER_BOUND('',#372,.T.);
#259=FACE_OUTER_BOUND('',#373,.T.);
#260=FACE_OUTER_BOUND('',#374,.T.);
#261=FACE_OUTER_BOUND('',#375,.T.);
#262=FACE_OUTER_BOUND('',#376,.T.);
#263=FACE_OUTER_BOUND('',#377,.T.);
#264=FACE_OUTER_BOUND('',#378,.T.);
#265=FACE_OUTER_BOUND('',#379,.T.);
#266=FACE_OUTER_BOUND('',#380,.T.);
#267=FACE_OUTER_BOUND('',#381,.T.);
#268=FACE_OUTER_BOUND('',#382,.T.);
#269=FACE_OUTER_BOUND('',#383,.T.);
#270=FACE_OUTER_BOUND('',#384,.T.);
#271=FACE_OUTER_BOUND('',#385,.T.);
#272=FACE_OUTER_BOUND('',#386,.T.);
#273=FACE_OUTER_BOUND('',#387,.T.);
#274=FACE_OUTER_BOUND('',#388,.T.);
#275=FACE_OUTER_BOUND('',#389,.T.);
#276=FACE_OUTER_BOUND('',#390,.T.);
#277=FACE_OUTER_BOUND('',#391,.T.);
#278=FACE_OUTER_BOUND('',#392,.T.);
#279=FACE_OUTER_BOUND('',#393,.T.);
#280=FACE_OUTER_BOUND('',#394,.T.);
#281=FACE_OUTER_BOUND('',#395,.T.);
#282=FACE_OUTER_BOUND('',#396,.T.);
#283=FACE_OUTER_BOUND('',#397,.T.);
#284=FACE_OUTER_BOUND('',#398,.T.);
#285=FACE_OUTER_BOUND('',#399,.T.);
#286=FACE_OUTER_BOUND('',#400,.T.);
#287=FACE_OUTER_BOUND('',#401,.T.);
#288=FACE_OUTER_BOUND('',#402,.T.);
#289=FACE_OUTER_BOUND('',#403,.T.);
#290=FACE_OUTER_BOUND('',#404,.T.);
#291=FACE_OUTER_BOUND('',#405,.T.);
#292=FACE_OUTER_BOUND('',#406,.T.);
#293=FACE_OUTER_BOUND('',#407,.T.);
#294=FACE_OUTER_BOUND('',#408,.T.);
#295=FACE_OUTER_BOUND('',#409,.T.);
#296=FACE_OUTER_BOUND('',#410,.T.);
#297=FACE_OUTER_BOUND('',#411,.T.);
#298=FACE_OUTER_BOUND('',#412,.T.);
#299=FACE_OUTER_BOUND('',#413,.T.);
#300=FACE_OUTER_BOUND('',#414,.T.);
#301=FACE_OUTER_BOUND('',#415,.T.);
#302=FACE_OUTER_BOUND('',#416,.T.);
#303=FACE_OUTER_BOUND('',#417,.T.);
#304=FACE_OUTER_BOUND('',#418,.T.);
#305=FACE_OUTER_BOUND('',#419,.T.);
#306=FACE_OUTER_BOUND('',#420,.T.);
#307=FACE_OUTER_BOUND('',#421,.T.);
#308=FACE_OUTER_BOUND('',#422,.T.);
#309=FACE_OUTER_BOUND('',#423,.T.);
#310=FACE_OUTER_BOUND('',#424,.T.);
#311=FACE_OUTER_BOUND('',#425,.T.);
#312=FACE_OUTER_BOUND('',#426,.T.);
#313=FACE_OUTER_BOUND('',#427,.T.);
#314=FACE_OUTER_BOUND('',#428,.T.);
#315=FACE_OUTER_BOUND('',#429,.T.);
#316=FACE_OUTER_BOUND('',#430,.T.);
#317=FACE_OUTER_BOUND('',#431,.T.);
#318=FACE_OUTER_BOUND('',#432,.T.);
#319=FACE_OUTER_BOUND('',#433,.T.);
#320=FACE_OUTER_BOUND('',#434,.T.);
#321=FACE_OUTER_BOUND('',#435,.T.);
#322=FACE_OUTER_BOUND('',#436,.T.);
#323=FACE_OUTER_BOUND('',#437,.T.);
#324=FACE_OUTER_BOUND('',#438,.T.);
#325=FACE_OUTER_BOUND('',#439,.T.);
#326=FACE_OUTER_BOUND('',#440,.T.);
#327=FACE_OUTER_BOUND('',#441,.T.);
#328=FACE_OUTER_BOUND('',#442,.T.);
#329=FACE_OUTER_BOUND('',#443,.T.);
#330=EDGE_LOOP('',(#992,#993,#994,#995,#996));
#331=EDGE_LOOP('',(#997));
#332=EDGE_LOOP('',(#998));
#333=EDGE_LOOP('',(#999,#1000,#1001,#1002,#1003,#1004,#1005,#1006));
#334=EDGE_LOOP('',(#1007));
#335=EDGE_LOOP('',(#1008,#1009,#1010,#1011,#1012));
#336=EDGE_LOOP('',(#1013,#1014,#1015,#1016,#1017));
#337=EDGE_LOOP('',(#1018,#1019,#1020,#1021,#1022));
#338=EDGE_LOOP('',(#1023,#1024,#1025,#1026));
#339=EDGE_LOOP('',(#1027,#1028,#1029,#1030));
#340=EDGE_LOOP('',(#1031,#1032,#1033,#1034));
#341=EDGE_LOOP('',(#1035,#1036,#1037,#1038));
#342=EDGE_LOOP('',(#1039,#1040,#1041,#1042));
#343=EDGE_LOOP('',(#1043,#1044,#1045,#1046));
#344=EDGE_LOOP('',(#1047,#1048,#1049,#1050));
#345=EDGE_LOOP('',(#1051,#1052,#1053,#1054,#1055,#1056,#1057,#1058));
#346=EDGE_LOOP('',(#1059,#1060,#1061,#1062));
#347=EDGE_LOOP('',(#1063,#1064,#1065,#1066));
#348=EDGE_LOOP('',(#1067,#1068,#1069,#1070));
#349=EDGE_LOOP('',(#1071,#1072,#1073,#1074));
#350=EDGE_LOOP('',(#1075,#1076,#1077,#1078));
#351=EDGE_LOOP('',(#1079,#1080,#1081,#1082));
#352=EDGE_LOOP('',(#1083,#1084,#1085,#1086));
#353=EDGE_LOOP('',(#1087,#1088,#1089,#1090,#1091,#1092,#1093,#1094));
#354=EDGE_LOOP('',(#1095,#1096,#1097,#1098,#1099));
#355=EDGE_LOOP('',(#1100,#1101,#1102,#1103,#1104));
#356=EDGE_LOOP('',(#1105));
#357=EDGE_LOOP('',(#1106,#1107,#1108,#1109,#1110));
#358=EDGE_LOOP('',(#1111));
#359=EDGE_LOOP('',(#1112));
#360=EDGE_LOOP('',(#1113,#1114,#1115,#1116,#1117));
#361=EDGE_LOOP('',(#1118,#1119,#1120,#1121));
#362=EDGE_LOOP('',(#1122,#1123,#1124,#1125));
#363=EDGE_LOOP('',(#1126,#1127,#1128,#1129));
#364=EDGE_LOOP('',(#1130,#1131,#1132,#1133,#1134));
#365=EDGE_LOOP('',(#1135,#1136,#1137,#1138));
#366=EDGE_LOOP('',(#1139,#1140,#1141));
#367=EDGE_LOOP('',(#1142,#1143,#1144,#1145,#1146));
#368=EDGE_LOOP('',(#1147,#1148,#1149,#1150));
#369=EDGE_LOOP('',(#1151,#1152,#1153,#1154));
#370=EDGE_LOOP('',(#1155,#1156,#1157,#1158));
#371=EDGE_LOOP('',(#1159,#1160,#1161,#1162));
#372=EDGE_LOOP('',(#1163,#1164,#1165,#1166));
#373=EDGE_LOOP('',(#1167,#1168,#1169,#1170));
#374=EDGE_LOOP('',(#1171,#1172,#1173,#1174));
#375=EDGE_LOOP('',(#1175,#1176,#1177));
#376=EDGE_LOOP('',(#1178,#1179,#1180,#1181));
#377=EDGE_LOOP('',(#1182,#1183,#1184,#1185));
#378=EDGE_LOOP('',(#1186,#1187,#1188,#1189));
#379=EDGE_LOOP('',(#1190,#1191,#1192,#1193));
#380=EDGE_LOOP('',(#1194,#1195,#1196,#1197,#1198,#1199,#1200));
#381=EDGE_LOOP('',(#1201,#1202,#1203,#1204));
#382=EDGE_LOOP('',(#1205,#1206,#1207,#1208));
#383=EDGE_LOOP('',(#1209,#1210,#1211,#1212));
#384=EDGE_LOOP('',(#1213,#1214,#1215,#1216,#1217,#1218));
#385=EDGE_LOOP('',(#1219,#1220,#1221,#1222));
#386=EDGE_LOOP('',(#1223,#1224,#1225,#1226));
#387=EDGE_LOOP('',(#1227,#1228,#1229,#1230,#1231));
#388=EDGE_LOOP('',(#1232,#1233,#1234,#1235));
#389=EDGE_LOOP('',(#1236,#1237,#1238,#1239));
#390=EDGE_LOOP('',(#1240,#1241,#1242,#1243));
#391=EDGE_LOOP('',(#1244,#1245,#1246,#1247,#1248));
#392=EDGE_LOOP('',(#1249,#1250,#1251,#1252,#1253));
#393=EDGE_LOOP('',(#1254,#1255,#1256,#1257));
#394=EDGE_LOOP('',(#1258,#1259,#1260,#1261));
#395=EDGE_LOOP('',(#1262,#1263,#1264,#1265));
#396=EDGE_LOOP('',(#1266,#1267,#1268));
#397=EDGE_LOOP('',(#1269,#1270,#1271,#1272));
#398=EDGE_LOOP('',(#1273,#1274,#1275,#1276));
#399=EDGE_LOOP('',(#1277,#1278,#1279,#1280));
#400=EDGE_LOOP('',(#1281,#1282,#1283,#1284));
#401=EDGE_LOOP('',(#1285,#1286,#1287,#1288));
#402=EDGE_LOOP('',(#1289,#1290,#1291,#1292));
#403=EDGE_LOOP('',(#1293,#1294,#1295,#1296));
#404=EDGE_LOOP('',(#1297,#1298,#1299));
#405=EDGE_LOOP('',(#1300,#1301,#1302,#1303));
#406=EDGE_LOOP('',(#1304,#1305,#1306,#1307));
#407=EDGE_LOOP('',(#1308,#1309,#1310,#1311));
#408=EDGE_LOOP('',(#1312,#1313,#1314,#1315));
#409=EDGE_LOOP('',(#1316,#1317,#1318,#1319));
#410=EDGE_LOOP('',(#1320,#1321,#1322,#1323));
#411=EDGE_LOOP('',(#1324,#1325,#1326,#1327));
#412=EDGE_LOOP('',(#1328,#1329,#1330,#1331));
#413=EDGE_LOOP('',(#1332,#1333,#1334,#1335));
#414=EDGE_LOOP('',(#1336,#1337,#1338,#1339));
#415=EDGE_LOOP('',(#1340,#1341,#1342,#1343));
#416=EDGE_LOOP('',(#1344,#1345,#1346,#1347));
#417=EDGE_LOOP('',(#1348,#1349,#1350));
#418=EDGE_LOOP('',(#1351,#1352,#1353,#1354));
#419=EDGE_LOOP('',(#1355,#1356,#1357,#1358));
#420=EDGE_LOOP('',(#1359,#1360,#1361,#1362));
#421=EDGE_LOOP('',(#1363,#1364,#1365));
#422=EDGE_LOOP('',(#1366,#1367,#1368,#1369,#1370,#1371,#1372,#1373));
#423=EDGE_LOOP('',(#1374,#1375,#1376,#1377,#1378,#1379,#1380,#1381,#1382,
#1383,#1384,#1385,#1386,#1387,#1388,#1389,#1390,#1391,#1392,#1393,#1394,
#1395,#1396,#1397,#1398,#1399,#1400,#1401));
#424=EDGE_LOOP('',(#1402,#1403,#1404,#1405));
#425=EDGE_LOOP('',(#1406,#1407,#1408,#1409));
#426=EDGE_LOOP('',(#1410,#1411,#1412,#1413));
#427=EDGE_LOOP('',(#1414,#1415,#1416,#1417));
#428=EDGE_LOOP('',(#1418,#1419,#1420,#1421));
#429=EDGE_LOOP('',(#1422,#1423,#1424,#1425));
#430=EDGE_LOOP('',(#1426,#1427,#1428,#1429));
#431=EDGE_LOOP('',(#1430,#1431,#1432,#1433));
#432=EDGE_LOOP('',(#1434,#1435,#1436));
#433=EDGE_LOOP('',(#1437,#1438,#1439,#1440));
#434=EDGE_LOOP('',(#1441,#1442,#1443,#1444));
#435=EDGE_LOOP('',(#1445,#1446,#1447,#1448));
#436=EDGE_LOOP('',(#1449,#1450,#1451));
#437=EDGE_LOOP('',(#1452,#1453,#1454,#1455));
#438=EDGE_LOOP('',(#1456,#1457,#1458,#1459));
#439=EDGE_LOOP('',(#1460,#1461,#1462,#1463));
#440=EDGE_LOOP('',(#1464,#1465,#1466,#1467));
#441=EDGE_LOOP('',(#1468,#1469,#1470,#1471,#1472,#1473,#1474,#1475));
#442=EDGE_LOOP('',(#1476));
#443=EDGE_LOOP('',(#1477));
#444=CIRCLE('',#1641,1.75);
#445=CIRCLE('',#1642,0.2);
#446=CIRCLE('',#1643,1.55);
#447=CIRCLE('',#1644,1.55);
#448=CIRCLE('',#1646,11.8);
#449=CIRCLE('',#1647,1.75);
#450=CIRCLE('',#1648,1.5);
#451=CIRCLE('',#1649,11.5000001639128);
#452=CIRCLE('',#1650,1.5);
#453=CIRCLE('',#1651,2.25);
#454=CIRCLE('',#1652,1.5);
#455=CIRCLE('',#1653,11.5000001639128);
#456=CIRCLE('',#1654,1.5);
#457=CIRCLE('',#1655,2.25);
#458=CIRCLE('',#1657,1.55);
#459=CIRCLE('',#1659,0.2);
#460=CIRCLE('',#1660,1.55);
#461=CIRCLE('',#1661,1.55);
#462=CIRCLE('',#1663,1.55);
#463=CIRCLE('',#1664,0.200000000000002);
#464=CIRCLE('',#1666,0.199999999999999);
#465=CIRCLE('',#1667,0.2);
#466=CIRCLE('',#1669,0.199999999999999);
#467=CIRCLE('',#1670,5.95);
#468=CIRCLE('',#1671,5.75);
#469=CIRCLE('',#1672,0.200000000000001);
#470=CIRCLE('',#1674,0.199999999999999);
#471=CIRCLE('',#1676,5.75);
#472=CIRCLE('',#1677,0.200000000000002);
#473=CIRCLE('',#1679,0.199999999999999);
#474=CIRCLE('',#1680,0.2);
#475=CIRCLE('',#1682,0.2);
#476=CIRCLE('',#1683,5.95);
#477=CIRCLE('',#1684,5.75);
#478=CIRCLE('',#1685,0.200000000000001);
#479=CIRCLE('',#1687,0.199999999999999);
#480=CIRCLE('',#1689,5.75);
#481=CIRCLE('',#1691,12.9);
#482=CIRCLE('',#1692,0.1);
#483=CIRCLE('',#1693,13.);
#484=CIRCLE('',#1694,13.);
#485=CIRCLE('',#1696,13.);
#486=CIRCLE('',#1699,12.);
#487=CIRCLE('',#1700,0.1);
#488=CIRCLE('',#1701,12.1);
#489=CIRCLE('',#1702,12.);
#490=CIRCLE('',#1704,12.8);
#491=CIRCLE('',#1706,12.);
#492=CIRCLE('',#1708,0.2);
#493=CIRCLE('',#1710,0.2);
#494=CIRCLE('',#1712,0.5);
#495=CIRCLE('',#1713,7.5);
#496=CIRCLE('',#1714,0.5);
#497=CIRCLE('',#1715,7.);
#498=CIRCLE('',#1717,1.);
#499=CIRCLE('',#1718,0.5);
#500=CIRCLE('',#1720,0.5);
#501=CIRCLE('',#1722,0.5);
#502=CIRCLE('',#1724,2.75);
#503=CIRCLE('',#1725,2.75);
#504=CIRCLE('',#1727,0.5);
#505=CIRCLE('',#1729,7.5);
#506=CIRCLE('',#1731,0.5);
#507=CIRCLE('',#1734,0.5);
#508=CIRCLE('',#1736,0.5);
#509=CIRCLE('',#1737,7.5);
#510=CIRCLE('',#1738,0.5);
#511=CIRCLE('',#1739,7.);
#512=CIRCLE('',#1741,0.5);
#513=CIRCLE('',#1742,1.);
#514=CIRCLE('',#1744,0.5);
#515=CIRCLE('',#1747,0.5);
#516=CIRCLE('',#1749,7.5);
#517=CIRCLE('',#1751,0.499999999999999);
#518=CIRCLE('',#1752,0.5);
#519=CIRCLE('',#1753,1.);
#520=CIRCLE('',#1755,0.5);
#521=CIRCLE('',#1756,2.75);
#522=CIRCLE('',#1757,2.75);
#523=CIRCLE('',#1759,0.5);
#524=CIRCLE('',#1760,1.);
#525=CIRCLE('',#1762,0.5);
#526=CIRCLE('',#1763,11.0000001639128);
#527=CIRCLE('',#1765,0.5);
#528=CIRCLE('',#1766,1.);
#529=CIRCLE('',#1768,0.5);
#530=CIRCLE('',#1769,2.75);
#531=CIRCLE('',#1770,2.75);
#532=CIRCLE('',#1771,2.75);
#533=CIRCLE('',#1773,0.5);
#534=CIRCLE('',#1774,1.);
#535=CIRCLE('',#1776,11.0000001639128);
#536=CIRCLE('',#1778,2.75);
#537=CIRCLE('',#1780,1.);
#538=CIRCLE('',#1782,11.0000001639128);
#539=CIRCLE('',#1784,1.);
#540=CIRCLE('',#1786,2.75);
#541=CIRCLE('',#1788,2.75);
#542=CIRCLE('',#1790,0.5);
#543=CIRCLE('',#1791,0.5);
#544=CIRCLE('',#1792,1.);
#545=CIRCLE('',#1794,0.5);
#546=CIRCLE('',#1795,7.5);
#547=CIRCLE('',#1796,7.);
#548=CIRCLE('',#1798,0.5);
#549=CIRCLE('',#1800,0.5);
#550=CIRCLE('',#1802,0.5);
#551=CIRCLE('',#1804,7.5);
#552=CIRCLE('',#1806,0.5);
#553=CIRCLE('',#1809,0.5);
#554=CIRCLE('',#1811,0.499999999999999);
#555=CIRCLE('',#1812,1.);
#556=CIRCLE('',#1813,0.5);
#557=CIRCLE('',#1815,0.499999999999999);
#558=CIRCLE('',#1816,7.);
#559=CIRCLE('',#1817,7.5);
#560=CIRCLE('',#1819,0.5);
#561=CIRCLE('',#1822,0.5);
#562=CIRCLE('',#1824,7.5);
#563=CIRCLE('',#1826,0.5);
#564=CIRCLE('',#1828,1.);
#565=CIRCLE('',#1829,0.5);
#566=CIRCLE('',#1830,0.5);
#567=CIRCLE('',#1833,0.500000000000001);
#568=CIRCLE('',#1834,8.);
#569=CIRCLE('',#1836,0.5);
#570=CIRCLE('',#1837,0.499999999999999);
#571=CIRCLE('',#1838,3.25);
#572=CIRCLE('',#1839,0.500000000000002);
#573=CIRCLE('',#1840,0.5);
#574=CIRCLE('',#1841,1.);
#575=CIRCLE('',#1843,0.499999999999999);
#576=CIRCLE('',#1844,10.5000001639128);
#577=CIRCLE('',#1845,11.0000001639128);
#578=CIRCLE('',#1846,0.5);
#579=CIRCLE('',#1847,0.5);
#580=CIRCLE('',#1848,1.);
#581=CIRCLE('',#1850,0.499999999999999);
#582=CIRCLE('',#1851,3.25);
#583=CIRCLE('',#1854,1.);
#584=CIRCLE('',#1855,0.5);
#585=CIRCLE('',#1856,0.5);
#586=CIRCLE('',#1858,0.5);
#587=CIRCLE('',#1859,8.);
#588=CIRCLE('',#1864,1.);
#589=CIRCLE('',#1865,8.);
#590=CIRCLE('',#1866,3.25);
#591=CIRCLE('',#1867,0.5);
#592=CIRCLE('',#1868,10.5000001639128);
#593=CIRCLE('',#1869,0.5);
#594=CIRCLE('',#1870,3.25);
#595=CIRCLE('',#1871,8.);
#596=CIRCLE('',#1872,1.);
#597=CIRCLE('',#1874,0.5);
#598=CIRCLE('',#1875,0.5);
#599=CIRCLE('',#1878,0.500000000000001);
#600=CIRCLE('',#1880,0.5);
#601=CIRCLE('',#1881,0.499999999999999);
#602=CIRCLE('',#1882,0.500000000000002);
#603=CIRCLE('',#1884,0.5);
#604=CIRCLE('',#1885,0.5);
#605=CIRCLE('',#1887,0.499999999999999);
#606=CIRCLE('',#1889,0.5);
#607=CIRCLE('',#1891,0.5);
#608=CIRCLE('',#1892,0.5);
#609=CIRCLE('',#1895,0.5);
#610=VERTEX_POINT('',#2488);
#611=VERTEX_POINT('',#2490);
#612=VERTEX_POINT('',#2492);
#613=VERTEX_POINT('',#2496);
#614=VERTEX_POINT('',#2498);
#615=VERTEX_POINT('',#2500);
#616=VERTEX_POINT('',#2501);
#617=VERTEX_POINT('',#2503);
#618=VERTEX_POINT('',#2505);
#619=VERTEX_POINT('',#2507);
#620=VERTEX_POINT('',#2509);
#621=VERTEX_POINT('',#2511);
#622=VERTEX_POINT('',#2513);
#623=VERTEX_POINT('',#2517);
#624=VERTEX_POINT('',#2521);
#625=VERTEX_POINT('',#2523);
#626=VERTEX_POINT('',#2527);
#627=VERTEX_POINT('',#2555);
#628=VERTEX_POINT('',#2556);
#629=VERTEX_POINT('',#2558);
#630=VERTEX_POINT('',#2590);
#631=VERTEX_POINT('',#2605);
#632=VERTEX_POINT('',#2606);
#633=VERTEX_POINT('',#2635);
#634=VERTEX_POINT('',#2636);
#635=VERTEX_POINT('',#2649);
#636=VERTEX_POINT('',#2650);
#637=VERTEX_POINT('',#2679);
#638=VERTEX_POINT('',#2680);
#639=VERTEX_POINT('',#2693);
#640=VERTEX_POINT('',#2694);
#641=VERTEX_POINT('',#2723);
#642=VERTEX_POINT('',#2724);
#643=VERTEX_POINT('',#2796);
#644=VERTEX_POINT('',#2797);
#645=VERTEX_POINT('',#2799);
#646=VERTEX_POINT('',#2831);
#647=VERTEX_POINT('',#2846);
#648=VERTEX_POINT('',#2847);
#649=VERTEX_POINT('',#2876);
#650=VERTEX_POINT('',#2877);
#651=VERTEX_POINT('',#2890);
#652=VERTEX_POINT('',#2891);
#653=VERTEX_POINT('',#2920);
#654=VERTEX_POINT('',#2921);
#655=VERTEX_POINT('',#2934);
#656=VERTEX_POINT('',#2935);
#657=VERTEX_POINT('',#2964);
#658=VERTEX_POINT('',#2965);
#659=VERTEX_POINT('',#3013);
#660=VERTEX_POINT('',#3015);
#661=VERTEX_POINT('',#3017);
#662=VERTEX_POINT('',#3021);
#663=VERTEX_POINT('',#3026);
#664=VERTEX_POINT('',#3027);
#665=VERTEX_POINT('',#3029);
#666=VERTEX_POINT('',#3034);
#667=VERTEX_POINT('',#3037);
#668=VERTEX_POINT('',#3045);
#669=VERTEX_POINT('',#3046);
#670=VERTEX_POINT('',#3048);
#671=VERTEX_POINT('',#3050);
#672=VERTEX_POINT('',#3054);
#673=VERTEX_POINT('',#3055);
#674=VERTEX_POINT('',#3066);
#675=VERTEX_POINT('',#3090);
#676=VERTEX_POINT('',#3097);
#677=VERTEX_POINT('',#3099);
#678=VERTEX_POINT('',#3101);
#679=VERTEX_POINT('',#3105);
#680=VERTEX_POINT('',#3109);
#681=VERTEX_POINT('',#3113);
#682=VERTEX_POINT('',#3119);
#683=VERTEX_POINT('',#3121);
#684=VERTEX_POINT('',#3125);
#685=VERTEX_POINT('',#3126);
#686=VERTEX_POINT('',#3128);
#687=VERTEX_POINT('',#3133);
#688=VERTEX_POINT('',#3134);
#689=VERTEX_POINT('',#3150);
#690=VERTEX_POINT('',#3154);
#691=VERTEX_POINT('',#3158);
#692=VERTEX_POINT('',#3162);
#693=VERTEX_POINT('',#3167);
#694=VERTEX_POINT('',#3172);
#695=VERTEX_POINT('',#3176);
#696=VERTEX_POINT('',#3180);
#697=VERTEX_POINT('',#3184);
#698=VERTEX_POINT('',#3186);
#699=VERTEX_POINT('',#3188);
#700=VERTEX_POINT('',#3192);
#701=VERTEX_POINT('',#3198);
#702=VERTEX_POINT('',#3200);
#703=VERTEX_POINT('',#3204);
#704=VERTEX_POINT('',#3208);
#705=VERTEX_POINT('',#3212);
#706=VERTEX_POINT('',#3216);
#707=VERTEX_POINT('',#3218);
#708=VERTEX_POINT('',#3220);
#709=VERTEX_POINT('',#3233);
#710=VERTEX_POINT('',#3244);
#711=VERTEX_POINT('',#3248);
#712=VERTEX_POINT('',#3249);
#713=VERTEX_POINT('',#3254);
#714=VERTEX_POINT('',#3255);
#715=VERTEX_POINT('',#3260);
#716=VERTEX_POINT('',#3267);
#717=VERTEX_POINT('',#3271);
#718=VERTEX_POINT('',#3275);
#719=VERTEX_POINT('',#3281);
#720=VERTEX_POINT('',#3283);
#721=VERTEX_POINT('',#3287);
#722=VERTEX_POINT('',#3288);
#723=VERTEX_POINT('',#3293);
#724=VERTEX_POINT('',#3300);
#725=VERTEX_POINT('',#3304);
#726=VERTEX_POINT('',#3308);
#727=VERTEX_POINT('',#3314);
#728=VERTEX_POINT('',#3315);
#729=VERTEX_POINT('',#3322);
#730=VERTEX_POINT('',#3327);
#731=VERTEX_POINT('',#3345);
#732=VERTEX_POINT('',#3346);
#733=VERTEX_POINT('',#3351);
#734=VERTEX_POINT('',#3352);
#735=VERTEX_POINT('',#3371);
#736=VERTEX_POINT('',#3376);
#737=VERTEX_POINT('',#3381);
#738=VERTEX_POINT('',#3382);
#739=VERTEX_POINT('',#3394);
#740=VERTEX_POINT('',#3396);
#741=VERTEX_POINT('',#3398);
#742=VERTEX_POINT('',#3400);
#743=VERTEX_POINT('',#3402);
#744=VERTEX_POINT('',#3404);
#745=VERTEX_POINT('',#3406);
#746=VERTEX_POINT('',#3408);
#747=VERTEX_POINT('',#3410);
#748=VERTEX_POINT('',#3412);
#749=EDGE_CURVE('',#610,#610,#444,.T.);
#750=EDGE_CURVE('',#610,#611,#445,.T.);
#751=EDGE_CURVE('',#611,#612,#446,.T.);
#752=EDGE_CURVE('',#612,#611,#447,.T.);
#753=EDGE_CURVE('',#613,#613,#448,.T.);
#754=EDGE_CURVE('',#614,#614,#449,.T.);
#755=EDGE_CURVE('',#615,#616,#450,.T.);
#756=EDGE_CURVE('',#617,#615,#451,.T.);
#757=EDGE_CURVE('',#618,#617,#452,.T.);
#758=EDGE_CURVE('',#619,#618,#453,.T.);
#759=EDGE_CURVE('',#620,#619,#454,.T.);
#760=EDGE_CURVE('',#621,#620,#455,.T.);
#761=EDGE_CURVE('',#622,#621,#456,.T.);
#762=EDGE_CURVE('',#616,#622,#457,.T.);
#763=EDGE_CURVE('',#612,#623,#60,.T.);
#764=EDGE_CURVE('',#623,#623,#458,.T.);
#765=EDGE_CURVE('',#614,#624,#459,.T.);
#766=EDGE_CURVE('',#624,#625,#460,.T.);
#767=EDGE_CURVE('',#625,#624,#461,.T.);
#768=EDGE_CURVE('',#625,#626,#61,.T.);
#769=EDGE_CURVE('',#626,#626,#462,.T.);
#770=EDGE_CURVE('',#627,#628,#463,.T.);
#771=EDGE_CURVE('',#628,#629,#27,.T.);
#772=EDGE_CURVE('',#629,#630,#28,.F.);
#773=EDGE_CURVE('',#630,#627,#29,.T.);
#774=EDGE_CURVE('',#631,#632,#464,.T.);
#775=EDGE_CURVE('',#632,#628,#62,.T.);
#776=EDGE_CURVE('',#627,#631,#63,.T.);
#777=EDGE_CURVE('',#633,#634,#465,.T.);
#778=EDGE_CURVE('',#634,#632,#30,.T.);
#779=EDGE_CURVE('',#631,#633,#31,.T.);
#780=EDGE_CURVE('',#635,#636,#466,.T.);
#781=EDGE_CURVE('',#636,#634,#467,.T.);
#782=EDGE_CURVE('',#633,#635,#468,.T.);
#783=EDGE_CURVE('',#637,#638,#469,.T.);
#784=EDGE_CURVE('',#638,#636,#32,.T.);
#785=EDGE_CURVE('',#635,#637,#33,.T.);
#786=EDGE_CURVE('',#639,#640,#470,.T.);
#787=EDGE_CURVE('',#640,#638,#64,.T.);
#788=EDGE_CURVE('',#637,#639,#65,.T.);
#789=EDGE_CURVE('',#641,#642,#34,.F.);
#790=EDGE_CURVE('',#642,#640,#35,.T.);
#791=EDGE_CURVE('',#639,#641,#36,.T.);
#792=EDGE_CURVE('',#641,#630,#471,.T.);
#793=EDGE_CURVE('',#643,#644,#472,.T.);
#794=EDGE_CURVE('',#644,#645,#37,.T.);
#795=EDGE_CURVE('',#645,#646,#38,.F.);
#796=EDGE_CURVE('',#646,#643,#39,.T.);
#797=EDGE_CURVE('',#647,#648,#473,.T.);
#798=EDGE_CURVE('',#648,#644,#66,.T.);
#799=EDGE_CURVE('',#643,#647,#67,.T.);
#800=EDGE_CURVE('',#649,#650,#474,.T.);
#801=EDGE_CURVE('',#650,#648,#40,.T.);
#802=EDGE_CURVE('',#647,#649,#41,.T.);
#803=EDGE_CURVE('',#651,#652,#475,.T.);
#804=EDGE_CURVE('',#652,#650,#476,.T.);
#805=EDGE_CURVE('',#649,#651,#477,.T.);
#806=EDGE_CURVE('',#653,#654,#478,.T.);
#807=EDGE_CURVE('',#654,#652,#42,.T.);
#808=EDGE_CURVE('',#651,#653,#43,.T.);
#809=EDGE_CURVE('',#655,#656,#479,.T.);
#810=EDGE_CURVE('',#656,#654,#68,.T.);
#811=EDGE_CURVE('',#653,#655,#69,.T.);
#812=EDGE_CURVE('',#657,#658,#44,.F.);
#813=EDGE_CURVE('',#658,#656,#45,.T.);
#814=EDGE_CURVE('',#655,#657,#46,.T.);
#815=EDGE_CURVE('',#657,#646,#480,.T.);
#816=EDGE_CURVE('',#659,#659,#481,.T.);
#817=EDGE_CURVE('',#659,#660,#482,.T.);
#818=EDGE_CURVE('',#660,#661,#483,.T.);
#819=EDGE_CURVE('',#661,#660,#484,.T.);
#820=EDGE_CURVE('',#661,#662,#70,.T.);
#821=EDGE_CURVE('',#662,#662,#485,.T.);
#822=EDGE_CURVE('',#663,#664,#486,.T.);
#823=EDGE_CURVE('',#664,#665,#487,.T.);
#824=EDGE_CURVE('',#665,#665,#488,.T.);
#825=EDGE_CURVE('',#664,#663,#489,.T.);
#826=EDGE_CURVE('',#666,#666,#490,.T.);
#827=EDGE_CURVE('',#667,#667,#491,.T.);
#828=EDGE_CURVE('',#667,#663,#71,.T.);
#829=EDGE_CURVE('',#666,#662,#492,.T.);
#830=EDGE_CURVE('',#613,#667,#493,.T.);
#831=EDGE_CURVE('',#668,#669,#494,.T.);
#832=EDGE_CURVE('',#669,#670,#495,.T.);
#833=EDGE_CURVE('',#670,#671,#496,.T.);
#834=EDGE_CURVE('',#671,#668,#497,.T.);
#835=EDGE_CURVE('',#672,#673,#47,.T.);
#836=EDGE_CURVE('',#674,#673,#48,.T.);
#837=EDGE_CURVE('',#674,#671,#498,.T.);
#838=EDGE_CURVE('',#670,#672,#499,.T.);
#839=EDGE_CURVE('',#654,#675,#72,.T.);
#840=EDGE_CURVE('',#675,#668,#500,.T.);
#841=EDGE_CURVE('',#668,#652,#73,.T.);
#842=EDGE_CURVE('',#675,#669,#501,.T.);
#843=EDGE_CURVE('',#676,#672,#74,.T.);
#844=EDGE_CURVE('',#677,#676,#502,.T.);
#845=EDGE_CURVE('',#678,#677,#75,.T.);
#846=EDGE_CURVE('',#673,#678,#503,.T.);
#847=EDGE_CURVE('',#670,#679,#76,.T.);
#848=EDGE_CURVE('',#676,#679,#504,.T.);
#849=EDGE_CURVE('',#680,#669,#77,.T.);
#850=EDGE_CURVE('',#679,#680,#505,.T.);
#851=EDGE_CURVE('',#675,#681,#78,.T.);
#852=EDGE_CURVE('',#681,#680,#506,.F.);
#853=EDGE_CURVE('',#681,#656,#79,.T.);
#854=EDGE_CURVE('',#650,#682,#80,.T.);
#855=EDGE_CURVE('',#682,#683,#507,.T.);
#856=EDGE_CURVE('',#683,#648,#81,.T.);
#857=EDGE_CURVE('',#684,#685,#508,.T.);
#858=EDGE_CURVE('',#685,#686,#509,.T.);
#859=EDGE_CURVE('',#686,#682,#510,.T.);
#860=EDGE_CURVE('',#682,#684,#511,.T.);
#861=EDGE_CURVE('',#687,#688,#49,.F.);
#862=EDGE_CURVE('',#688,#685,#512,.T.);
#863=EDGE_CURVE('',#684,#687,#513,.T.);
#864=EDGE_CURVE('',#686,#683,#514,.T.);
#865=EDGE_CURVE('',#689,#683,#82,.T.);
#866=EDGE_CURVE('',#644,#689,#83,.T.);
#867=EDGE_CURVE('',#686,#690,#84,.T.);
#868=EDGE_CURVE('',#690,#689,#515,.F.);
#869=EDGE_CURVE('',#691,#685,#85,.T.);
#870=EDGE_CURVE('',#690,#691,#516,.T.);
#871=EDGE_CURVE('',#692,#615,#517,.T.);
#872=EDGE_CURVE('',#616,#678,#518,.T.);
#873=EDGE_CURVE('',#678,#692,#519,.T.);
#874=EDGE_CURVE('',#622,#693,#520,.T.);
#875=EDGE_CURVE('',#693,#687,#521,.T.);
#876=EDGE_CURVE('',#687,#674,#522,.T.);
#877=EDGE_CURVE('',#621,#694,#523,.T.);
#878=EDGE_CURVE('',#694,#693,#524,.T.);
#879=EDGE_CURVE('',#620,#695,#525,.T.);
#880=EDGE_CURVE('',#695,#694,#526,.T.);
#881=EDGE_CURVE('',#619,#696,#527,.T.);
#882=EDGE_CURVE('',#696,#695,#528,.T.);
#883=EDGE_CURVE('',#618,#697,#529,.T.);
#884=EDGE_CURVE('',#697,#698,#530,.T.);
#885=EDGE_CURVE('',#698,#699,#531,.T.);
#886=EDGE_CURVE('',#699,#696,#532,.T.);
#887=EDGE_CURVE('',#617,#700,#533,.T.);
#888=EDGE_CURVE('',#700,#697,#534,.T.);
#889=EDGE_CURVE('',#692,#700,#535,.T.);
#890=EDGE_CURVE('',#701,#693,#86,.T.);
#891=EDGE_CURVE('',#702,#701,#536,.T.);
#892=EDGE_CURVE('',#688,#702,#87,.T.);
#893=EDGE_CURVE('',#694,#703,#88,.T.);
#894=EDGE_CURVE('',#701,#703,#537,.T.);
#895=EDGE_CURVE('',#704,#695,#89,.T.);
#896=EDGE_CURVE('',#703,#704,#538,.T.);
#897=EDGE_CURVE('',#696,#705,#90,.T.);
#898=EDGE_CURVE('',#704,#705,#539,.T.);
#899=EDGE_CURVE('',#706,#697,#91,.T.);
#900=EDGE_CURVE('',#707,#706,#540,.T.);
#901=EDGE_CURVE('',#708,#707,#92,.T.);
#902=EDGE_CURVE('',#698,#708,#50,.F.);
#903=EDGE_CURVE('',#709,#699,#51,.F.);
#904=EDGE_CURVE('',#710,#709,#93,.T.);
#905=EDGE_CURVE('',#705,#710,#541,.T.);
#906=EDGE_CURVE('',#711,#712,#542,.T.);
#907=EDGE_CURVE('',#712,#709,#543,.T.);
#908=EDGE_CURVE('',#699,#711,#544,.T.);
#909=EDGE_CURVE('',#713,#714,#545,.T.);
#910=EDGE_CURVE('',#714,#712,#546,.T.);
#911=EDGE_CURVE('',#711,#713,#547,.T.);
#912=EDGE_CURVE('',#638,#715,#94,.T.);
#913=EDGE_CURVE('',#715,#713,#548,.T.);
#914=EDGE_CURVE('',#713,#636,#95,.T.);
#915=EDGE_CURVE('',#715,#714,#549,.T.);
#916=EDGE_CURVE('',#712,#716,#96,.T.);
#917=EDGE_CURVE('',#710,#716,#550,.T.);
#918=EDGE_CURVE('',#717,#714,#97,.T.);
#919=EDGE_CURVE('',#716,#717,#551,.T.);
#920=EDGE_CURVE('',#715,#718,#98,.T.);
#921=EDGE_CURVE('',#718,#717,#552,.F.);
#922=EDGE_CURVE('',#718,#640,#99,.T.);
#923=EDGE_CURVE('',#634,#719,#100,.T.);
#924=EDGE_CURVE('',#719,#720,#553,.T.);
#925=EDGE_CURVE('',#720,#632,#101,.T.);
#926=EDGE_CURVE('',#721,#722,#554,.T.);
#927=EDGE_CURVE('',#722,#698,#555,.T.);
#928=EDGE_CURVE('',#708,#721,#556,.T.);
#929=EDGE_CURVE('',#723,#719,#557,.T.);
#930=EDGE_CURVE('',#719,#722,#558,.T.);
#931=EDGE_CURVE('',#721,#723,#559,.T.);
#932=EDGE_CURVE('',#723,#720,#560,.T.);
#933=EDGE_CURVE('',#724,#720,#102,.T.);
#934=EDGE_CURVE('',#628,#724,#103,.T.);
#935=EDGE_CURVE('',#723,#725,#104,.T.);
#936=EDGE_CURVE('',#725,#724,#561,.F.);
#937=EDGE_CURVE('',#726,#721,#105,.T.);
#938=EDGE_CURVE('',#725,#726,#562,.T.);
#939=EDGE_CURVE('',#726,#707,#563,.T.);
#940=EDGE_CURVE('',#727,#728,#564,.T.);
#941=EDGE_CURVE('',#724,#728,#565,.T.);
#942=EDGE_CURVE('',#727,#725,#566,.T.);
#943=EDGE_CURVE('',#728,#629,#106,.T.);
#944=EDGE_CURVE('',#726,#729,#567,.T.);
#945=EDGE_CURVE('',#729,#727,#568,.T.);
#946=EDGE_CURVE('',#729,#707,#569,.T.);
#947=EDGE_CURVE('',#706,#730,#570,.T.);
#948=EDGE_CURVE('',#730,#729,#571,.T.);
#949=EDGE_CURVE('',#731,#732,#572,.T.);
#950=EDGE_CURVE('',#732,#730,#573,.T.);
#951=EDGE_CURVE('',#706,#731,#574,.T.);
#952=EDGE_CURVE('',#733,#734,#575,.T.);
#953=EDGE_CURVE('',#734,#732,#576,.T.);
#954=EDGE_CURVE('',#731,#733,#577,.T.);
#955=EDGE_CURVE('',#677,#735,#578,.T.);
#956=EDGE_CURVE('',#735,#734,#579,.T.);
#957=EDGE_CURVE('',#733,#677,#580,.T.);
#958=EDGE_CURVE('',#676,#736,#581,.T.);
#959=EDGE_CURVE('',#736,#735,#582,.T.);
#960=EDGE_CURVE('',#737,#738,#583,.T.);
#961=EDGE_CURVE('',#680,#738,#584,.T.);
#962=EDGE_CURVE('',#737,#681,#585,.T.);
#963=EDGE_CURVE('',#736,#679,#586,.T.);
#964=EDGE_CURVE('',#738,#736,#587,.T.);
#965=EDGE_CURVE('',#658,#737,#107,.T.);
#966=EDGE_CURVE('',#739,#645,#108,.T.);
#967=EDGE_CURVE('',#740,#739,#588,.T.);
#968=EDGE_CURVE('',#741,#740,#589,.T.);
#969=EDGE_CURVE('',#742,#741,#590,.T.);
#970=EDGE_CURVE('',#743,#742,#591,.T.);
#971=EDGE_CURVE('',#744,#743,#592,.T.);
#972=EDGE_CURVE('',#745,#744,#593,.T.);
#973=EDGE_CURVE('',#746,#745,#594,.T.);
#974=EDGE_CURVE('',#747,#746,#595,.T.);
#975=EDGE_CURVE('',#748,#747,#596,.T.);
#976=EDGE_CURVE('',#642,#748,#109,.T.);
#977=EDGE_CURVE('',#689,#739,#597,.T.);
#978=EDGE_CURVE('',#740,#690,#598,.T.);
#979=EDGE_CURVE('',#691,#741,#599,.T.);
#980=EDGE_CURVE('',#741,#702,#600,.T.);
#981=EDGE_CURVE('',#701,#742,#601,.T.);
#982=EDGE_CURVE('',#703,#743,#602,.T.);
#983=EDGE_CURVE('',#704,#744,#603,.T.);
#984=EDGE_CURVE('',#705,#745,#604,.T.);
#985=EDGE_CURVE('',#710,#746,#605,.T.);
#986=EDGE_CURVE('',#691,#702,#606,.T.);
#987=EDGE_CURVE('',#748,#718,#607,.T.);
#988=EDGE_CURVE('',#717,#747,#608,.T.);
#989=EDGE_CURVE('',#746,#716,#609,.T.);
#990=EDGE_CURVE('',#733,#692,#110,.T.);
#991=EDGE_CURVE('',#700,#731,#111,.T.);
#992=ORIENTED_EDGE('',*,*,#749,.T.);
#993=ORIENTED_EDGE('',*,*,#750,.T.);
#994=ORIENTED_EDGE('',*,*,#751,.T.);
#995=ORIENTED_EDGE('',*,*,#752,.T.);
#996=ORIENTED_EDGE('',*,*,#750,.F.);
#997=ORIENTED_EDGE('',*,*,#753,.F.);
#998=ORIENTED_EDGE('',*,*,#754,.F.);
#999=ORIENTED_EDGE('',*,*,#755,.F.);
#1000=ORIENTED_EDGE('',*,*,#756,.F.);
#1001=ORIENTED_EDGE('',*,*,#757,.F.);
#1002=ORIENTED_EDGE('',*,*,#758,.F.);
#1003=ORIENTED_EDGE('',*,*,#759,.F.);
#1004=ORIENTED_EDGE('',*,*,#760,.F.);
#1005=ORIENTED_EDGE('',*,*,#761,.F.);
#1006=ORIENTED_EDGE('',*,*,#762,.F.);
#1007=ORIENTED_EDGE('',*,*,#749,.F.);
#1008=ORIENTED_EDGE('',*,*,#752,.F.);
#1009=ORIENTED_EDGE('',*,*,#763,.T.);
#1010=ORIENTED_EDGE('',*,*,#764,.F.);
#1011=ORIENTED_EDGE('',*,*,#763,.F.);
#1012=ORIENTED_EDGE('',*,*,#751,.F.);
#1013=ORIENTED_EDGE('',*,*,#754,.T.);
#1014=ORIENTED_EDGE('',*,*,#765,.T.);
#1015=ORIENTED_EDGE('',*,*,#766,.T.);
#1016=ORIENTED_EDGE('',*,*,#767,.T.);
#1017=ORIENTED_EDGE('',*,*,#765,.F.);
#1018=ORIENTED_EDGE('',*,*,#767,.F.);
#1019=ORIENTED_EDGE('',*,*,#768,.T.);
#1020=ORIENTED_EDGE('',*,*,#769,.F.);
#1021=ORIENTED_EDGE('',*,*,#768,.F.);
#1022=ORIENTED_EDGE('',*,*,#766,.F.);
#1023=ORIENTED_EDGE('',*,*,#770,.T.);
#1024=ORIENTED_EDGE('',*,*,#771,.T.);
#1025=ORIENTED_EDGE('',*,*,#772,.T.);
#1026=ORIENTED_EDGE('',*,*,#773,.T.);
#1027=ORIENTED_EDGE('',*,*,#774,.T.);
#1028=ORIENTED_EDGE('',*,*,#775,.T.);
#1029=ORIENTED_EDGE('',*,*,#770,.F.);
#1030=ORIENTED_EDGE('',*,*,#776,.T.);
#1031=ORIENTED_EDGE('',*,*,#777,.T.);
#1032=ORIENTED_EDGE('',*,*,#778,.T.);
#1033=ORIENTED_EDGE('',*,*,#774,.F.);
#1034=ORIENTED_EDGE('',*,*,#779,.T.);
#1035=ORIENTED_EDGE('',*,*,#780,.T.);
#1036=ORIENTED_EDGE('',*,*,#781,.T.);
#1037=ORIENTED_EDGE('',*,*,#777,.F.);
#1038=ORIENTED_EDGE('',*,*,#782,.T.);
#1039=ORIENTED_EDGE('',*,*,#783,.T.);
#1040=ORIENTED_EDGE('',*,*,#784,.T.);
#1041=ORIENTED_EDGE('',*,*,#780,.F.);
#1042=ORIENTED_EDGE('',*,*,#785,.T.);
#1043=ORIENTED_EDGE('',*,*,#786,.T.);
#1044=ORIENTED_EDGE('',*,*,#787,.T.);
#1045=ORIENTED_EDGE('',*,*,#783,.F.);
#1046=ORIENTED_EDGE('',*,*,#788,.T.);
#1047=ORIENTED_EDGE('',*,*,#789,.T.);
#1048=ORIENTED_EDGE('',*,*,#790,.T.);
#1049=ORIENTED_EDGE('',*,*,#786,.F.);
#1050=ORIENTED_EDGE('',*,*,#791,.T.);
#1051=ORIENTED_EDGE('',*,*,#791,.F.);
#1052=ORIENTED_EDGE('',*,*,#788,.F.);
#1053=ORIENTED_EDGE('',*,*,#785,.F.);
#1054=ORIENTED_EDGE('',*,*,#782,.F.);
#1055=ORIENTED_EDGE('',*,*,#779,.F.);
#1056=ORIENTED_EDGE('',*,*,#776,.F.);
#1057=ORIENTED_EDGE('',*,*,#773,.F.);
#1058=ORIENTED_EDGE('',*,*,#792,.F.);
#1059=ORIENTED_EDGE('',*,*,#793,.T.);
#1060=ORIENTED_EDGE('',*,*,#794,.T.);
#1061=ORIENTED_EDGE('',*,*,#795,.T.);
#1062=ORIENTED_EDGE('',*,*,#796,.T.);
#1063=ORIENTED_EDGE('',*,*,#797,.T.);
#1064=ORIENTED_EDGE('',*,*,#798,.T.);
#1065=ORIENTED_EDGE('',*,*,#793,.F.);
#1066=ORIENTED_EDGE('',*,*,#799,.T.);
#1067=ORIENTED_EDGE('',*,*,#800,.T.);
#1068=ORIENTED_EDGE('',*,*,#801,.T.);
#1069=ORIENTED_EDGE('',*,*,#797,.F.);
#1070=ORIENTED_EDGE('',*,*,#802,.T.);
#1071=ORIENTED_EDGE('',*,*,#803,.T.);
#1072=ORIENTED_EDGE('',*,*,#804,.T.);
#1073=ORIENTED_EDGE('',*,*,#800,.F.);
#1074=ORIENTED_EDGE('',*,*,#805,.T.);
#1075=ORIENTED_EDGE('',*,*,#806,.T.);
#1076=ORIENTED_EDGE('',*,*,#807,.T.);
#1077=ORIENTED_EDGE('',*,*,#803,.F.);
#1078=ORIENTED_EDGE('',*,*,#808,.T.);
#1079=ORIENTED_EDGE('',*,*,#809,.T.);
#1080=ORIENTED_EDGE('',*,*,#810,.T.);
#1081=ORIENTED_EDGE('',*,*,#806,.F.);
#1082=ORIENTED_EDGE('',*,*,#811,.T.);
#1083=ORIENTED_EDGE('',*,*,#812,.T.);
#1084=ORIENTED_EDGE('',*,*,#813,.T.);
#1085=ORIENTED_EDGE('',*,*,#809,.F.);
#1086=ORIENTED_EDGE('',*,*,#814,.T.);
#1087=ORIENTED_EDGE('',*,*,#814,.F.);
#1088=ORIENTED_EDGE('',*,*,#811,.F.);
#1089=ORIENTED_EDGE('',*,*,#808,.F.);
#1090=ORIENTED_EDGE('',*,*,#805,.F.);
#1091=ORIENTED_EDGE('',*,*,#802,.F.);
#1092=ORIENTED_EDGE('',*,*,#799,.F.);
#1093=ORIENTED_EDGE('',*,*,#796,.F.);
#1094=ORIENTED_EDGE('',*,*,#815,.F.);
#1095=ORIENTED_EDGE('',*,*,#816,.T.);
#1096=ORIENTED_EDGE('',*,*,#817,.T.);
#1097=ORIENTED_EDGE('',*,*,#818,.T.);
#1098=ORIENTED_EDGE('',*,*,#819,.T.);
#1099=ORIENTED_EDGE('',*,*,#817,.F.);
#1100=ORIENTED_EDGE('',*,*,#819,.F.);
#1101=ORIENTED_EDGE('',*,*,#820,.T.);
#1102=ORIENTED_EDGE('',*,*,#821,.F.);
#1103=ORIENTED_EDGE('',*,*,#820,.F.);
#1104=ORIENTED_EDGE('',*,*,#818,.F.);
#1105=ORIENTED_EDGE('',*,*,#816,.F.);
#1106=ORIENTED_EDGE('',*,*,#822,.T.);
#1107=ORIENTED_EDGE('',*,*,#823,.T.);
#1108=ORIENTED_EDGE('',*,*,#824,.T.);
#1109=ORIENTED_EDGE('',*,*,#823,.F.);
#1110=ORIENTED_EDGE('',*,*,#825,.T.);
#1111=ORIENTED_EDGE('',*,*,#826,.F.);
#1112=ORIENTED_EDGE('',*,*,#824,.F.);
#1113=ORIENTED_EDGE('',*,*,#827,.F.);
#1114=ORIENTED_EDGE('',*,*,#828,.T.);
#1115=ORIENTED_EDGE('',*,*,#825,.F.);
#1116=ORIENTED_EDGE('',*,*,#822,.F.);
#1117=ORIENTED_EDGE('',*,*,#828,.F.);
#1118=ORIENTED_EDGE('',*,*,#826,.T.);
#1119=ORIENTED_EDGE('',*,*,#829,.T.);
#1120=ORIENTED_EDGE('',*,*,#821,.T.);
#1121=ORIENTED_EDGE('',*,*,#829,.F.);
#1122=ORIENTED_EDGE('',*,*,#753,.T.);
#1123=ORIENTED_EDGE('',*,*,#830,.T.);
#1124=ORIENTED_EDGE('',*,*,#827,.T.);
#1125=ORIENTED_EDGE('',*,*,#830,.F.);
#1126=ORIENTED_EDGE('',*,*,#831,.T.);
#1127=ORIENTED_EDGE('',*,*,#832,.T.);
#1128=ORIENTED_EDGE('',*,*,#833,.T.);
#1129=ORIENTED_EDGE('',*,*,#834,.T.);
#1130=ORIENTED_EDGE('',*,*,#835,.T.);
#1131=ORIENTED_EDGE('',*,*,#836,.F.);
#1132=ORIENTED_EDGE('',*,*,#837,.T.);
#1133=ORIENTED_EDGE('',*,*,#833,.F.);
#1134=ORIENTED_EDGE('',*,*,#838,.T.);
#1135=ORIENTED_EDGE('',*,*,#807,.F.);
#1136=ORIENTED_EDGE('',*,*,#839,.T.);
#1137=ORIENTED_EDGE('',*,*,#840,.T.);
#1138=ORIENTED_EDGE('',*,*,#841,.T.);
#1139=ORIENTED_EDGE('',*,*,#840,.F.);
#1140=ORIENTED_EDGE('',*,*,#842,.T.);
#1141=ORIENTED_EDGE('',*,*,#831,.F.);
#1142=ORIENTED_EDGE('',*,*,#835,.F.);
#1143=ORIENTED_EDGE('',*,*,#843,.F.);
#1144=ORIENTED_EDGE('',*,*,#844,.F.);
#1145=ORIENTED_EDGE('',*,*,#845,.F.);
#1146=ORIENTED_EDGE('',*,*,#846,.F.);
#1147=ORIENTED_EDGE('',*,*,#838,.F.);
#1148=ORIENTED_EDGE('',*,*,#847,.T.);
#1149=ORIENTED_EDGE('',*,*,#848,.F.);
#1150=ORIENTED_EDGE('',*,*,#843,.T.);
#1151=ORIENTED_EDGE('',*,*,#832,.F.);
#1152=ORIENTED_EDGE('',*,*,#849,.F.);
#1153=ORIENTED_EDGE('',*,*,#850,.F.);
#1154=ORIENTED_EDGE('',*,*,#847,.F.);
#1155=ORIENTED_EDGE('',*,*,#842,.F.);
#1156=ORIENTED_EDGE('',*,*,#851,.T.);
#1157=ORIENTED_EDGE('',*,*,#852,.T.);
#1158=ORIENTED_EDGE('',*,*,#849,.T.);
#1159=ORIENTED_EDGE('',*,*,#810,.F.);
#1160=ORIENTED_EDGE('',*,*,#853,.F.);
#1161=ORIENTED_EDGE('',*,*,#851,.F.);
#1162=ORIENTED_EDGE('',*,*,#839,.F.);
#1163=ORIENTED_EDGE('',*,*,#801,.F.);
#1164=ORIENTED_EDGE('',*,*,#854,.T.);
#1165=ORIENTED_EDGE('',*,*,#855,.T.);
#1166=ORIENTED_EDGE('',*,*,#856,.T.);
#1167=ORIENTED_EDGE('',*,*,#857,.T.);
#1168=ORIENTED_EDGE('',*,*,#858,.T.);
#1169=ORIENTED_EDGE('',*,*,#859,.T.);
#1170=ORIENTED_EDGE('',*,*,#860,.T.);
#1171=ORIENTED_EDGE('',*,*,#861,.T.);
#1172=ORIENTED_EDGE('',*,*,#862,.T.);
#1173=ORIENTED_EDGE('',*,*,#857,.F.);
#1174=ORIENTED_EDGE('',*,*,#863,.T.);
#1175=ORIENTED_EDGE('',*,*,#859,.F.);
#1176=ORIENTED_EDGE('',*,*,#864,.T.);
#1177=ORIENTED_EDGE('',*,*,#855,.F.);
#1178=ORIENTED_EDGE('',*,*,#798,.F.);
#1179=ORIENTED_EDGE('',*,*,#856,.F.);
#1180=ORIENTED_EDGE('',*,*,#865,.F.);
#1181=ORIENTED_EDGE('',*,*,#866,.F.);
#1182=ORIENTED_EDGE('',*,*,#864,.F.);
#1183=ORIENTED_EDGE('',*,*,#867,.T.);
#1184=ORIENTED_EDGE('',*,*,#868,.T.);
#1185=ORIENTED_EDGE('',*,*,#865,.T.);
#1186=ORIENTED_EDGE('',*,*,#858,.F.);
#1187=ORIENTED_EDGE('',*,*,#869,.F.);
#1188=ORIENTED_EDGE('',*,*,#870,.F.);
#1189=ORIENTED_EDGE('',*,*,#867,.F.);
#1190=ORIENTED_EDGE('',*,*,#871,.T.);
#1191=ORIENTED_EDGE('',*,*,#755,.T.);
#1192=ORIENTED_EDGE('',*,*,#872,.T.);
#1193=ORIENTED_EDGE('',*,*,#873,.T.);
#1194=ORIENTED_EDGE('',*,*,#874,.T.);
#1195=ORIENTED_EDGE('',*,*,#875,.T.);
#1196=ORIENTED_EDGE('',*,*,#876,.T.);
#1197=ORIENTED_EDGE('',*,*,#836,.T.);
#1198=ORIENTED_EDGE('',*,*,#846,.T.);
#1199=ORIENTED_EDGE('',*,*,#872,.F.);
#1200=ORIENTED_EDGE('',*,*,#762,.T.);
#1201=ORIENTED_EDGE('',*,*,#877,.T.);
#1202=ORIENTED_EDGE('',*,*,#878,.T.);
#1203=ORIENTED_EDGE('',*,*,#874,.F.);
#1204=ORIENTED_EDGE('',*,*,#761,.T.);
#1205=ORIENTED_EDGE('',*,*,#879,.T.);
#1206=ORIENTED_EDGE('',*,*,#880,.T.);
#1207=ORIENTED_EDGE('',*,*,#877,.F.);
#1208=ORIENTED_EDGE('',*,*,#760,.T.);
#1209=ORIENTED_EDGE('',*,*,#881,.T.);
#1210=ORIENTED_EDGE('',*,*,#882,.T.);
#1211=ORIENTED_EDGE('',*,*,#879,.F.);
#1212=ORIENTED_EDGE('',*,*,#759,.T.);
#1213=ORIENTED_EDGE('',*,*,#883,.T.);
#1214=ORIENTED_EDGE('',*,*,#884,.T.);
#1215=ORIENTED_EDGE('',*,*,#885,.T.);
#1216=ORIENTED_EDGE('',*,*,#886,.T.);
#1217=ORIENTED_EDGE('',*,*,#881,.F.);
#1218=ORIENTED_EDGE('',*,*,#758,.T.);
#1219=ORIENTED_EDGE('',*,*,#887,.T.);
#1220=ORIENTED_EDGE('',*,*,#888,.T.);
#1221=ORIENTED_EDGE('',*,*,#883,.F.);
#1222=ORIENTED_EDGE('',*,*,#757,.T.);
#1223=ORIENTED_EDGE('',*,*,#887,.F.);
#1224=ORIENTED_EDGE('',*,*,#756,.T.);
#1225=ORIENTED_EDGE('',*,*,#871,.F.);
#1226=ORIENTED_EDGE('',*,*,#889,.T.);
#1227=ORIENTED_EDGE('',*,*,#875,.F.);
#1228=ORIENTED_EDGE('',*,*,#890,.F.);
#1229=ORIENTED_EDGE('',*,*,#891,.F.);
#1230=ORIENTED_EDGE('',*,*,#892,.F.);
#1231=ORIENTED_EDGE('',*,*,#861,.F.);
#1232=ORIENTED_EDGE('',*,*,#878,.F.);
#1233=ORIENTED_EDGE('',*,*,#893,.T.);
#1234=ORIENTED_EDGE('',*,*,#894,.F.);
#1235=ORIENTED_EDGE('',*,*,#890,.T.);
#1236=ORIENTED_EDGE('',*,*,#880,.F.);
#1237=ORIENTED_EDGE('',*,*,#895,.F.);
#1238=ORIENTED_EDGE('',*,*,#896,.F.);
#1239=ORIENTED_EDGE('',*,*,#893,.F.);
#1240=ORIENTED_EDGE('',*,*,#882,.F.);
#1241=ORIENTED_EDGE('',*,*,#897,.T.);
#1242=ORIENTED_EDGE('',*,*,#898,.F.);
#1243=ORIENTED_EDGE('',*,*,#895,.T.);
#1244=ORIENTED_EDGE('',*,*,#884,.F.);
#1245=ORIENTED_EDGE('',*,*,#899,.F.);
#1246=ORIENTED_EDGE('',*,*,#900,.F.);
#1247=ORIENTED_EDGE('',*,*,#901,.F.);
#1248=ORIENTED_EDGE('',*,*,#902,.F.);
#1249=ORIENTED_EDGE('',*,*,#886,.F.);
#1250=ORIENTED_EDGE('',*,*,#903,.F.);
#1251=ORIENTED_EDGE('',*,*,#904,.F.);
#1252=ORIENTED_EDGE('',*,*,#905,.F.);
#1253=ORIENTED_EDGE('',*,*,#897,.F.);
#1254=ORIENTED_EDGE('',*,*,#906,.T.);
#1255=ORIENTED_EDGE('',*,*,#907,.T.);
#1256=ORIENTED_EDGE('',*,*,#903,.T.);
#1257=ORIENTED_EDGE('',*,*,#908,.T.);
#1258=ORIENTED_EDGE('',*,*,#909,.T.);
#1259=ORIENTED_EDGE('',*,*,#910,.T.);
#1260=ORIENTED_EDGE('',*,*,#906,.F.);
#1261=ORIENTED_EDGE('',*,*,#911,.T.);
#1262=ORIENTED_EDGE('',*,*,#784,.F.);
#1263=ORIENTED_EDGE('',*,*,#912,.T.);
#1264=ORIENTED_EDGE('',*,*,#913,.T.);
#1265=ORIENTED_EDGE('',*,*,#914,.T.);
#1266=ORIENTED_EDGE('',*,*,#913,.F.);
#1267=ORIENTED_EDGE('',*,*,#915,.T.);
#1268=ORIENTED_EDGE('',*,*,#909,.F.);
#1269=ORIENTED_EDGE('',*,*,#907,.F.);
#1270=ORIENTED_EDGE('',*,*,#916,.T.);
#1271=ORIENTED_EDGE('',*,*,#917,.F.);
#1272=ORIENTED_EDGE('',*,*,#904,.T.);
#1273=ORIENTED_EDGE('',*,*,#910,.F.);
#1274=ORIENTED_EDGE('',*,*,#918,.F.);
#1275=ORIENTED_EDGE('',*,*,#919,.F.);
#1276=ORIENTED_EDGE('',*,*,#916,.F.);
#1277=ORIENTED_EDGE('',*,*,#915,.F.);
#1278=ORIENTED_EDGE('',*,*,#920,.T.);
#1279=ORIENTED_EDGE('',*,*,#921,.T.);
#1280=ORIENTED_EDGE('',*,*,#918,.T.);
#1281=ORIENTED_EDGE('',*,*,#787,.F.);
#1282=ORIENTED_EDGE('',*,*,#922,.F.);
#1283=ORIENTED_EDGE('',*,*,#920,.F.);
#1284=ORIENTED_EDGE('',*,*,#912,.F.);
#1285=ORIENTED_EDGE('',*,*,#778,.F.);
#1286=ORIENTED_EDGE('',*,*,#923,.T.);
#1287=ORIENTED_EDGE('',*,*,#924,.T.);
#1288=ORIENTED_EDGE('',*,*,#925,.T.);
#1289=ORIENTED_EDGE('',*,*,#926,.T.);
#1290=ORIENTED_EDGE('',*,*,#927,.T.);
#1291=ORIENTED_EDGE('',*,*,#902,.T.);
#1292=ORIENTED_EDGE('',*,*,#928,.T.);
#1293=ORIENTED_EDGE('',*,*,#929,.T.);
#1294=ORIENTED_EDGE('',*,*,#930,.T.);
#1295=ORIENTED_EDGE('',*,*,#926,.F.);
#1296=ORIENTED_EDGE('',*,*,#931,.T.);
#1297=ORIENTED_EDGE('',*,*,#929,.F.);
#1298=ORIENTED_EDGE('',*,*,#932,.T.);
#1299=ORIENTED_EDGE('',*,*,#924,.F.);
#1300=ORIENTED_EDGE('',*,*,#775,.F.);
#1301=ORIENTED_EDGE('',*,*,#925,.F.);
#1302=ORIENTED_EDGE('',*,*,#933,.F.);
#1303=ORIENTED_EDGE('',*,*,#934,.F.);
#1304=ORIENTED_EDGE('',*,*,#932,.F.);
#1305=ORIENTED_EDGE('',*,*,#935,.T.);
#1306=ORIENTED_EDGE('',*,*,#936,.T.);
#1307=ORIENTED_EDGE('',*,*,#933,.T.);
#1308=ORIENTED_EDGE('',*,*,#931,.F.);
#1309=ORIENTED_EDGE('',*,*,#937,.F.);
#1310=ORIENTED_EDGE('',*,*,#938,.F.);
#1311=ORIENTED_EDGE('',*,*,#935,.F.);
#1312=ORIENTED_EDGE('',*,*,#928,.F.);
#1313=ORIENTED_EDGE('',*,*,#901,.T.);
#1314=ORIENTED_EDGE('',*,*,#939,.F.);
#1315=ORIENTED_EDGE('',*,*,#937,.T.);
#1316=ORIENTED_EDGE('',*,*,#940,.T.);
#1317=ORIENTED_EDGE('',*,*,#941,.F.);
#1318=ORIENTED_EDGE('',*,*,#936,.F.);
#1319=ORIENTED_EDGE('',*,*,#942,.F.);
#1320=ORIENTED_EDGE('',*,*,#771,.F.);
#1321=ORIENTED_EDGE('',*,*,#934,.T.);
#1322=ORIENTED_EDGE('',*,*,#941,.T.);
#1323=ORIENTED_EDGE('',*,*,#943,.T.);
#1324=ORIENTED_EDGE('',*,*,#944,.T.);
#1325=ORIENTED_EDGE('',*,*,#945,.T.);
#1326=ORIENTED_EDGE('',*,*,#942,.T.);
#1327=ORIENTED_EDGE('',*,*,#938,.T.);
#1328=ORIENTED_EDGE('',*,*,#946,.T.);
#1329=ORIENTED_EDGE('',*,*,#900,.T.);
#1330=ORIENTED_EDGE('',*,*,#947,.T.);
#1331=ORIENTED_EDGE('',*,*,#948,.T.);
#1332=ORIENTED_EDGE('',*,*,#949,.T.);
#1333=ORIENTED_EDGE('',*,*,#950,.T.);
#1334=ORIENTED_EDGE('',*,*,#947,.F.);
#1335=ORIENTED_EDGE('',*,*,#951,.T.);
#1336=ORIENTED_EDGE('',*,*,#952,.T.);
#1337=ORIENTED_EDGE('',*,*,#953,.T.);
#1338=ORIENTED_EDGE('',*,*,#949,.F.);
#1339=ORIENTED_EDGE('',*,*,#954,.T.);
#1340=ORIENTED_EDGE('',*,*,#955,.T.);
#1341=ORIENTED_EDGE('',*,*,#956,.T.);
#1342=ORIENTED_EDGE('',*,*,#952,.F.);
#1343=ORIENTED_EDGE('',*,*,#957,.T.);
#1344=ORIENTED_EDGE('',*,*,#958,.T.);
#1345=ORIENTED_EDGE('',*,*,#959,.T.);
#1346=ORIENTED_EDGE('',*,*,#955,.F.);
#1347=ORIENTED_EDGE('',*,*,#844,.T.);
#1348=ORIENTED_EDGE('',*,*,#946,.F.);
#1349=ORIENTED_EDGE('',*,*,#944,.F.);
#1350=ORIENTED_EDGE('',*,*,#939,.T.);
#1351=ORIENTED_EDGE('',*,*,#960,.T.);
#1352=ORIENTED_EDGE('',*,*,#961,.F.);
#1353=ORIENTED_EDGE('',*,*,#852,.F.);
#1354=ORIENTED_EDGE('',*,*,#962,.F.);
#1355=ORIENTED_EDGE('',*,*,#963,.T.);
#1356=ORIENTED_EDGE('',*,*,#850,.T.);
#1357=ORIENTED_EDGE('',*,*,#961,.T.);
#1358=ORIENTED_EDGE('',*,*,#964,.T.);
#1359=ORIENTED_EDGE('',*,*,#813,.F.);
#1360=ORIENTED_EDGE('',*,*,#965,.T.);
#1361=ORIENTED_EDGE('',*,*,#962,.T.);
#1362=ORIENTED_EDGE('',*,*,#853,.T.);
#1363=ORIENTED_EDGE('',*,*,#963,.F.);
#1364=ORIENTED_EDGE('',*,*,#958,.F.);
#1365=ORIENTED_EDGE('',*,*,#848,.T.);
#1366=ORIENTED_EDGE('',*,*,#781,.F.);
#1367=ORIENTED_EDGE('',*,*,#914,.F.);
#1368=ORIENTED_EDGE('',*,*,#911,.F.);
#1369=ORIENTED_EDGE('',*,*,#908,.F.);
#1370=ORIENTED_EDGE('',*,*,#885,.F.);
#1371=ORIENTED_EDGE('',*,*,#927,.F.);
#1372=ORIENTED_EDGE('',*,*,#930,.F.);
#1373=ORIENTED_EDGE('',*,*,#923,.F.);
#1374=ORIENTED_EDGE('',*,*,#792,.T.);
#1375=ORIENTED_EDGE('',*,*,#772,.F.);
#1376=ORIENTED_EDGE('',*,*,#943,.F.);
#1377=ORIENTED_EDGE('',*,*,#940,.F.);
#1378=ORIENTED_EDGE('',*,*,#945,.F.);
#1379=ORIENTED_EDGE('',*,*,#948,.F.);
#1380=ORIENTED_EDGE('',*,*,#950,.F.);
#1381=ORIENTED_EDGE('',*,*,#953,.F.);
#1382=ORIENTED_EDGE('',*,*,#956,.F.);
#1383=ORIENTED_EDGE('',*,*,#959,.F.);
#1384=ORIENTED_EDGE('',*,*,#964,.F.);
#1385=ORIENTED_EDGE('',*,*,#960,.F.);
#1386=ORIENTED_EDGE('',*,*,#965,.F.);
#1387=ORIENTED_EDGE('',*,*,#812,.F.);
#1388=ORIENTED_EDGE('',*,*,#815,.T.);
#1389=ORIENTED_EDGE('',*,*,#795,.F.);
#1390=ORIENTED_EDGE('',*,*,#966,.F.);
#1391=ORIENTED_EDGE('',*,*,#967,.F.);
#1392=ORIENTED_EDGE('',*,*,#968,.F.);
#1393=ORIENTED_EDGE('',*,*,#969,.F.);
#1394=ORIENTED_EDGE('',*,*,#970,.F.);
#1395=ORIENTED_EDGE('',*,*,#971,.F.);
#1396=ORIENTED_EDGE('',*,*,#972,.F.);
#1397=ORIENTED_EDGE('',*,*,#973,.F.);
#1398=ORIENTED_EDGE('',*,*,#974,.F.);
#1399=ORIENTED_EDGE('',*,*,#975,.F.);
#1400=ORIENTED_EDGE('',*,*,#976,.F.);
#1401=ORIENTED_EDGE('',*,*,#789,.F.);
#1402=ORIENTED_EDGE('',*,*,#967,.T.);
#1403=ORIENTED_EDGE('',*,*,#977,.F.);
#1404=ORIENTED_EDGE('',*,*,#868,.F.);
#1405=ORIENTED_EDGE('',*,*,#978,.F.);
#1406=ORIENTED_EDGE('',*,*,#794,.F.);
#1407=ORIENTED_EDGE('',*,*,#866,.T.);
#1408=ORIENTED_EDGE('',*,*,#977,.T.);
#1409=ORIENTED_EDGE('',*,*,#966,.T.);
#1410=ORIENTED_EDGE('',*,*,#979,.T.);
#1411=ORIENTED_EDGE('',*,*,#968,.T.);
#1412=ORIENTED_EDGE('',*,*,#978,.T.);
#1413=ORIENTED_EDGE('',*,*,#870,.T.);
#1414=ORIENTED_EDGE('',*,*,#980,.T.);
#1415=ORIENTED_EDGE('',*,*,#891,.T.);
#1416=ORIENTED_EDGE('',*,*,#981,.T.);
#1417=ORIENTED_EDGE('',*,*,#969,.T.);
#1418=ORIENTED_EDGE('',*,*,#982,.T.);
#1419=ORIENTED_EDGE('',*,*,#970,.T.);
#1420=ORIENTED_EDGE('',*,*,#981,.F.);
#1421=ORIENTED_EDGE('',*,*,#894,.T.);
#1422=ORIENTED_EDGE('',*,*,#983,.T.);
#1423=ORIENTED_EDGE('',*,*,#971,.T.);
#1424=ORIENTED_EDGE('',*,*,#982,.F.);
#1425=ORIENTED_EDGE('',*,*,#896,.T.);
#1426=ORIENTED_EDGE('',*,*,#984,.T.);
#1427=ORIENTED_EDGE('',*,*,#972,.T.);
#1428=ORIENTED_EDGE('',*,*,#983,.F.);
#1429=ORIENTED_EDGE('',*,*,#898,.T.);
#1430=ORIENTED_EDGE('',*,*,#985,.T.);
#1431=ORIENTED_EDGE('',*,*,#973,.T.);
#1432=ORIENTED_EDGE('',*,*,#984,.F.);
#1433=ORIENTED_EDGE('',*,*,#905,.T.);
#1434=ORIENTED_EDGE('',*,*,#980,.F.);
#1435=ORIENTED_EDGE('',*,*,#979,.F.);
#1436=ORIENTED_EDGE('',*,*,#986,.T.);
#1437=ORIENTED_EDGE('',*,*,#921,.F.);
#1438=ORIENTED_EDGE('',*,*,#987,.F.);
#1439=ORIENTED_EDGE('',*,*,#975,.T.);
#1440=ORIENTED_EDGE('',*,*,#988,.F.);
#1441=ORIENTED_EDGE('',*,*,#790,.F.);
#1442=ORIENTED_EDGE('',*,*,#976,.T.);
#1443=ORIENTED_EDGE('',*,*,#987,.T.);
#1444=ORIENTED_EDGE('',*,*,#922,.T.);
#1445=ORIENTED_EDGE('',*,*,#989,.T.);
#1446=ORIENTED_EDGE('',*,*,#919,.T.);
#1447=ORIENTED_EDGE('',*,*,#988,.T.);
#1448=ORIENTED_EDGE('',*,*,#974,.T.);
#1449=ORIENTED_EDGE('',*,*,#989,.F.);
#1450=ORIENTED_EDGE('',*,*,#985,.F.);
#1451=ORIENTED_EDGE('',*,*,#917,.T.);
#1452=ORIENTED_EDGE('',*,*,#862,.F.);
#1453=ORIENTED_EDGE('',*,*,#892,.T.);
#1454=ORIENTED_EDGE('',*,*,#986,.F.);
#1455=ORIENTED_EDGE('',*,*,#869,.T.);
#1456=ORIENTED_EDGE('',*,*,#873,.F.);
#1457=ORIENTED_EDGE('',*,*,#845,.T.);
#1458=ORIENTED_EDGE('',*,*,#957,.F.);
#1459=ORIENTED_EDGE('',*,*,#990,.T.);
#1460=ORIENTED_EDGE('',*,*,#889,.F.);
#1461=ORIENTED_EDGE('',*,*,#990,.F.);
#1462=ORIENTED_EDGE('',*,*,#954,.F.);
#1463=ORIENTED_EDGE('',*,*,#991,.F.);
#1464=ORIENTED_EDGE('',*,*,#888,.F.);
#1465=ORIENTED_EDGE('',*,*,#991,.T.);
#1466=ORIENTED_EDGE('',*,*,#951,.F.);
#1467=ORIENTED_EDGE('',*,*,#899,.T.);
#1468=ORIENTED_EDGE('',*,*,#804,.F.);
#1469=ORIENTED_EDGE('',*,*,#841,.F.);
#1470=ORIENTED_EDGE('',*,*,#834,.F.);
#1471=ORIENTED_EDGE('',*,*,#837,.F.);
#1472=ORIENTED_EDGE('',*,*,#876,.F.);
#1473=ORIENTED_EDGE('',*,*,#863,.F.);
#1474=ORIENTED_EDGE('',*,*,#860,.F.);
#1475=ORIENTED_EDGE('',*,*,#854,.F.);
#1476=ORIENTED_EDGE('',*,*,#764,.T.);
#1477=ORIENTED_EDGE('',*,*,#769,.T.);
#1478=TOROIDAL_SURFACE('',#1640,1.75,0.2);
#1479=TOROIDAL_SURFACE('',#1658,1.75,0.2);
#1480=TOROIDAL_SURFACE('',#1668,5.95,0.2);
#1481=TOROIDAL_SURFACE('',#1681,5.95,0.2);
#1482=TOROIDAL_SURFACE('',#1690,12.9,0.1);
#1483=TOROIDAL_SURFACE('',#1698,12.1,0.1);
#1484=TOROIDAL_SURFACE('',#1707,12.8,0.2);
#1485=TOROIDAL_SURFACE('',#1709,11.8,0.2);
#1486=TOROIDAL_SURFACE('',#1711,7.,0.5);
#1487=TOROIDAL_SURFACE('',#1716,1.,0.5);
#1488=TOROIDAL_SURFACE('',#1735,7.,0.5);
#1489=TOROIDAL_SURFACE('',#1740,1.,0.5);
#1490=TOROIDAL_SURFACE('',#1750,1.5,0.5);
#1491=TOROIDAL_SURFACE('',#1754,2.25,0.5);
#1492=TOROIDAL_SURFACE('',#1758,1.5,0.5);
#1493=TOROIDAL_SURFACE('',#1761,11.5000001639128,0.5);
#1494=TOROIDAL_SURFACE('',#1764,1.5,0.5);
#1495=TOROIDAL_SURFACE('',#1767,2.25,0.5);
#1496=TOROIDAL_SURFACE('',#1772,1.5,0.5);
#1497=TOROIDAL_SURFACE('',#1775,11.5000001639128,0.5);
#1498=TOROIDAL_SURFACE('',#1789,1.,0.5);
#1499=TOROIDAL_SURFACE('',#1793,7.,0.5);
#1500=TOROIDAL_SURFACE('',#1810,1.,0.5);
#1501=TOROIDAL_SURFACE('',#1814,7.,0.5);
#1502=TOROIDAL_SURFACE('',#1827,1.,0.5);
#1503=TOROIDAL_SURFACE('',#1832,8.,0.5);
#1504=TOROIDAL_SURFACE('',#1835,3.25,0.5);
#1505=TOROIDAL_SURFACE('',#1842,10.5000001639128,0.5);
#1506=TOROIDAL_SURFACE('',#1849,3.25,0.5);
#1507=TOROIDAL_SURFACE('',#1853,1.,0.5);
#1508=TOROIDAL_SURFACE('',#1857,8.,0.5);
#1509=TOROIDAL_SURFACE('',#1873,1.,0.5);
#1510=TOROIDAL_SURFACE('',#1877,8.,0.5);
#1511=TOROIDAL_SURFACE('',#1879,3.25,0.5);
#1512=TOROIDAL_SURFACE('',#1883,10.5000001639128,0.5);
#1513=TOROIDAL_SURFACE('',#1886,3.25,0.5);
#1514=TOROIDAL_SURFACE('',#1890,1.,0.5);
#1515=TOROIDAL_SURFACE('',#1894,8.,0.5);
#1516=ADVANCED_FACE('',(#220),#1478,.T.);
#1517=ADVANCED_FACE('',(#221,#204,#205,#206),#208,.T.);
#1518=ADVANCED_FACE('',(#222),#164,.F.);
#1519=ADVANCED_FACE('',(#223),#1479,.T.);
#1520=ADVANCED_FACE('',(#224),#165,.F.);
#1521=ADVANCED_FACE('',(#225),#52,.F.);
#1522=ADVANCED_FACE('',(#226),#166,.T.);
#1523=ADVANCED_FACE('',(#227),#53,.F.);
#1524=ADVANCED_FACE('',(#228),#1480,.T.);
#1525=ADVANCED_FACE('',(#229),#54,.F.);
#1526=ADVANCED_FACE('',(#230),#167,.T.);
#1527=ADVANCED_FACE('',(#231),#55,.F.);
#1528=ADVANCED_FACE('',(#232),#168,.F.);
#1529=ADVANCED_FACE('',(#233),#56,.F.);
#1530=ADVANCED_FACE('',(#234),#169,.T.);
#1531=ADVANCED_FACE('',(#235),#57,.F.);
#1532=ADVANCED_FACE('',(#236),#1481,.T.);
#1533=ADVANCED_FACE('',(#237),#58,.F.);
#1534=ADVANCED_FACE('',(#238),#170,.T.);
#1535=ADVANCED_FACE('',(#239),#59,.F.);
#1536=ADVANCED_FACE('',(#240),#171,.F.);
#1537=ADVANCED_FACE('',(#241),#1482,.T.);
#1538=ADVANCED_FACE('',(#242),#172,.T.);
#1539=ADVANCED_FACE('',(#243),#209,.F.);
#1540=ADVANCED_FACE('',(#244),#1483,.F.);
#1541=ADVANCED_FACE('',(#245,#207),#210,.T.);
#1542=ADVANCED_FACE('',(#246),#173,.T.);
#1543=ADVANCED_FACE('',(#247),#1484,.T.);
#1544=ADVANCED_FACE('',(#248),#1485,.T.);
#1545=ADVANCED_FACE('',(#249),#1486,.T.);
#1546=ADVANCED_FACE('',(#250),#1487,.T.);
#1547=ADVANCED_FACE('',(#251),#174,.T.);
#1548=ADVANCED_FACE('',(#252),#19,.T.);
#1549=ADVANCED_FACE('',(#253),#175,.T.);
#1550=ADVANCED_FACE('',(#254),#176,.F.);
#1551=ADVANCED_FACE('',(#255),#177,.T.);
#1552=ADVANCED_FACE('',(#256),#178,.T.);
#1553=ADVANCED_FACE('',(#257),#211,.T.);
#1554=ADVANCED_FACE('',(#258),#179,.T.);
#1555=ADVANCED_FACE('',(#259),#1488,.T.);
#1556=ADVANCED_FACE('',(#260),#1489,.T.);
#1557=ADVANCED_FACE('',(#261),#20,.T.);
#1558=ADVANCED_FACE('',(#262),#212,.T.);
#1559=ADVANCED_FACE('',(#263),#180,.T.);
#1560=ADVANCED_FACE('',(#264),#181,.T.);
#1561=ADVANCED_FACE('',(#265),#1490,.T.);
#1562=ADVANCED_FACE('',(#266),#1491,.T.);
#1563=ADVANCED_FACE('',(#267),#1492,.T.);
#1564=ADVANCED_FACE('',(#268),#1493,.T.);
#1565=ADVANCED_FACE('',(#269),#1494,.T.);
#1566=ADVANCED_FACE('',(#270),#1495,.T.);
#1567=ADVANCED_FACE('',(#271),#1496,.T.);
#1568=ADVANCED_FACE('',(#272),#1497,.T.);
#1569=ADVANCED_FACE('',(#273),#182,.T.);
#1570=ADVANCED_FACE('',(#274),#183,.F.);
#1571=ADVANCED_FACE('',(#275),#184,.F.);
#1572=ADVANCED_FACE('',(#276),#185,.F.);
#1573=ADVANCED_FACE('',(#277),#186,.T.);
#1574=ADVANCED_FACE('',(#278),#187,.T.);
#1575=ADVANCED_FACE('',(#279),#1498,.T.);
#1576=ADVANCED_FACE('',(#280),#1499,.T.);
#1577=ADVANCED_FACE('',(#281),#188,.T.);
#1578=ADVANCED_FACE('',(#282),#21,.T.);
#1579=ADVANCED_FACE('',(#283),#189,.F.);
#1580=ADVANCED_FACE('',(#284),#190,.T.);
#1581=ADVANCED_FACE('',(#285),#191,.T.);
#1582=ADVANCED_FACE('',(#286),#213,.T.);
#1583=ADVANCED_FACE('',(#287),#192,.T.);
#1584=ADVANCED_FACE('',(#288),#1500,.T.);
#1585=ADVANCED_FACE('',(#289),#1501,.T.);
#1586=ADVANCED_FACE('',(#290),#22,.T.);
#1587=ADVANCED_FACE('',(#291),#214,.T.);
#1588=ADVANCED_FACE('',(#292),#193,.T.);
#1589=ADVANCED_FACE('',(#293),#194,.T.);
#1590=ADVANCED_FACE('',(#294),#195,.F.);
#1591=ADVANCED_FACE('',(#295),#1502,.F.);
#1592=ADVANCED_FACE('',(#296),#196,.F.);
#1593=ADVANCED_FACE('',(#297),#1503,.F.);
#1594=ADVANCED_FACE('',(#298),#1504,.F.);
#1595=ADVANCED_FACE('',(#299),#15,.T.);
#1596=ADVANCED_FACE('',(#300),#1505,.F.);
#1597=ADVANCED_FACE('',(#301),#16,.T.);
#1598=ADVANCED_FACE('',(#302),#1506,.F.);
#1599=ADVANCED_FACE('',(#303),#23,.F.);
#1600=ADVANCED_FACE('',(#304),#1507,.F.);
#1601=ADVANCED_FACE('',(#305),#1508,.F.);
#1602=ADVANCED_FACE('',(#306),#197,.F.);
#1603=ADVANCED_FACE('',(#307),#24,.F.);
#1604=ADVANCED_FACE('',(#308),#215,.T.);
#1605=ADVANCED_FACE('',(#309),#216,.T.);
#1606=ADVANCED_FACE('',(#310),#1509,.F.);
#1607=ADVANCED_FACE('',(#311),#198,.F.);
#1608=ADVANCED_FACE('',(#312),#1510,.F.);
#1609=ADVANCED_FACE('',(#313),#1511,.F.);
#1610=ADVANCED_FACE('',(#314),#17,.T.);
#1611=ADVANCED_FACE('',(#315),#1512,.F.);
#1612=ADVANCED_FACE('',(#316),#18,.T.);
#1613=ADVANCED_FACE('',(#317),#1513,.F.);
#1614=ADVANCED_FACE('',(#318),#25,.F.);
#1615=ADVANCED_FACE('',(#319),#1514,.F.);
#1616=ADVANCED_FACE('',(#320),#199,.F.);
#1617=ADVANCED_FACE('',(#321),#1515,.F.);
#1618=ADVANCED_FACE('',(#322),#26,.F.);
#1619=ADVANCED_FACE('',(#323),#200,.F.);
#1620=ADVANCED_FACE('',(#324),#201,.F.);
#1621=ADVANCED_FACE('',(#325),#202,.F.);
#1622=ADVANCED_FACE('',(#326),#203,.F.);
#1623=ADVANCED_FACE('',(#327),#217,.T.);
#1624=ADVANCED_FACE('',(#328),#218,.T.);
#1625=ADVANCED_FACE('',(#329),#219,.T.);
#1626=CLOSED_SHELL('',(#1516,#1517,#1518,#1519,#1520,#1521,#1522,#1523,
#1524,#1525,#1526,#1527,#1528,#1529,#1530,#1531,#1532,#1533,#1534,#1535,
#1536,#1537,#1538,#1539,#1540,#1541,#1542,#1543,#1544,#1545,#1546,#1547,
#1548,#1549,#1550,#1551,#1552,#1553,#1554,#1555,#1556,#1557,#1558,#1559,
#1560,#1561,#1562,#1563,#1564,#1565,#1566,#1567,#1568,#1569,#1570,#1571,
#1572,#1573,#1574,#1575,#1576,#1577,#1578,#1579,#1580,#1581,#1582,#1583,
#1584,#1585,#1586,#1587,#1588,#1589,#1590,#1591,#1592,#1593,#1594,#1595,
#1596,#1597,#1598,#1599,#1600,#1601,#1602,#1603,#1604,#1605,#1606,#1607,
#1608,#1609,#1610,#1611,#1612,#1613,#1614,#1615,#1616,#1617,#1618,#1619,
#1620,#1621,#1622,#1623,#1624,#1625));
#1627=DERIVED_UNIT_ELEMENT(#1629,1.);
#1628=DERIVED_UNIT_ELEMENT(#3483,-3.);
#1629=(
MASS_UNIT()
NAMED_UNIT(*)
SI_UNIT(.KILO.,.GRAM.)
);
#1630=DERIVED_UNIT((#1627,#1628));
#1631=MEASURE_REPRESENTATION_ITEM('density measure',
POSITIVE_RATIO_MEASURE(7850.),#1630);
#1632=PROPERTY_DEFINITION_REPRESENTATION(#1637,#1634);
#1633=PROPERTY_DEFINITION_REPRESENTATION(#1638,#1635);
#1634=REPRESENTATION('material name',(#1636),#3480);
#1635=REPRESENTATION('density',(#1631),#3480);
#1636=DESCRIPTIVE_REPRESENTATION_ITEM('Steel','Steel');
#1637=PROPERTY_DEFINITION('material property','material name',#3490);
#1638=PROPERTY_DEFINITION('material property','density of part',#3490);
#1639=AXIS2_PLACEMENT_3D('',#2486,#1904,#1905);
#1640=AXIS2_PLACEMENT_3D('',#2487,#1906,#1907);
#1641=AXIS2_PLACEMENT_3D('',#2489,#1908,#1909);
#1642=AXIS2_PLACEMENT_3D('',#2491,#1910,#1911);
#1643=AXIS2_PLACEMENT_3D('',#2493,#1912,#1913);
#1644=AXIS2_PLACEMENT_3D('',#2494,#1914,#1915);
#1645=AXIS2_PLACEMENT_3D('',#2495,#1916,#1917);
#1646=AXIS2_PLACEMENT_3D('',#2497,#1918,#1919);
#1647=AXIS2_PLACEMENT_3D('',#2499,#1920,#1921);
#1648=AXIS2_PLACEMENT_3D('',#2502,#1922,#1923);
#1649=AXIS2_PLACEMENT_3D('',#2504,#1924,#1925);
#1650=AXIS2_PLACEMENT_3D('',#2506,#1926,#1927);
#1651=AXIS2_PLACEMENT_3D('',#2508,#1928,#1929);
#1652=AXIS2_PLACEMENT_3D('',#2510,#1930,#1931);
#1653=AXIS2_PLACEMENT_3D('',#2512,#1932,#1933);
#1654=AXIS2_PLACEMENT_3D('',#2514,#1934,#1935);
#1655=AXIS2_PLACEMENT_3D('',#2515,#1936,#1937);
#1656=AXIS2_PLACEMENT_3D('',#2516,#1938,#1939);
#1657=AXIS2_PLACEMENT_3D('',#2519,#1941,#1942);
#1658=AXIS2_PLACEMENT_3D('',#2520,#1943,#1944);
#1659=AXIS2_PLACEMENT_3D('',#2522,#1945,#1946);
#1660=AXIS2_PLACEMENT_3D('',#2524,#1947,#1948);
#1661=AXIS2_PLACEMENT_3D('',#2525,#1949,#1950);
#1662=AXIS2_PLACEMENT_3D('',#2526,#1951,#1952);
#1663=AXIS2_PLACEMENT_3D('',#2529,#1954,#1955);
#1664=AXIS2_PLACEMENT_3D('',#2557,#1956,#1957);
#1665=AXIS2_PLACEMENT_3D('',#2604,#1958,#1959);
#1666=AXIS2_PLACEMENT_3D('',#2607,#1960,#1961);
#1667=AXIS2_PLACEMENT_3D('',#2637,#1964,#1965);
#1668=AXIS2_PLACEMENT_3D('',#2648,#1966,#1967);
#1669=AXIS2_PLACEMENT_3D('',#2651,#1968,#1969);
#1670=AXIS2_PLACEMENT_3D('',#2652,#1970,#1971);
#1671=AXIS2_PLACEMENT_3D('',#2653,#1972,#1973);
#1672=AXIS2_PLACEMENT_3D('',#2681,#1974,#1975);
#1673=AXIS2_PLACEMENT_3D('',#2692,#1976,#1977);
#1674=AXIS2_PLACEMENT_3D('',#2695,#1978,#1979);
#1675=AXIS2_PLACEMENT_3D('',#2769,#1982,#1983);
#1676=AXIS2_PLACEMENT_3D('',#2770,#1984,#1985);
#1677=AXIS2_PLACEMENT_3D('',#2798,#1986,#1987);
#1678=AXIS2_PLACEMENT_3D('',#2845,#1988,#1989);
#1679=AXIS2_PLACEMENT_3D('',#2848,#1990,#1991);
#1680=AXIS2_PLACEMENT_3D('',#2878,#1994,#1995);
#1681=AXIS2_PLACEMENT_3D('',#2889,#1996,#1997);
#1682=AXIS2_PLACEMENT_3D('',#2892,#1998,#1999);
#1683=AXIS2_PLACEMENT_3D('',#2893,#2000,#2001);
#1684=AXIS2_PLACEMENT_3D('',#2894,#2002,#2003);
#1685=AXIS2_PLACEMENT_3D('',#2922,#2004,#2005);
#1686=AXIS2_PLACEMENT_3D('',#2933,#2006,#2007);
#1687=AXIS2_PLACEMENT_3D('',#2936,#2008,#2009);
#1688=AXIS2_PLACEMENT_3D('',#3010,#2012,#2013);
#1689=AXIS2_PLACEMENT_3D('',#3011,#2014,#2015);
#1690=AXIS2_PLACEMENT_3D('',#3012,#2016,#2017);
#1691=AXIS2_PLACEMENT_3D('',#3014,#2018,#2019);
#1692=AXIS2_PLACEMENT_3D('',#3016,#2020,#2021);
#1693=AXIS2_PLACEMENT_3D('',#3018,#2022,#2023);
#1694=AXIS2_PLACEMENT_3D('',#3019,#2024,#2025);
#1695=AXIS2_PLACEMENT_3D('',#3020,#2026,#2027);
#1696=AXIS2_PLACEMENT_3D('',#3023,#2029,#2030);
#1697=AXIS2_PLACEMENT_3D('',#3024,#2031,#2032);
#1698=AXIS2_PLACEMENT_3D('',#3025,#2033,#2034);
#1699=AXIS2_PLACEMENT_3D('',#3028,#2035,#2036);
#1700=AXIS2_PLACEMENT_3D('',#3030,#2037,#2038);
#1701=AXIS2_PLACEMENT_3D('',#3031,#2039,#2040);
#1702=AXIS2_PLACEMENT_3D('',#3032,#2041,#2042);
#1703=AXIS2_PLACEMENT_3D('',#3033,#2043,#2044);
#1704=AXIS2_PLACEMENT_3D('',#3035,#2045,#2046);
#1705=AXIS2_PLACEMENT_3D('',#3036,#2047,#2048);
#1706=AXIS2_PLACEMENT_3D('',#3038,#2049,#2050);
#1707=AXIS2_PLACEMENT_3D('',#3040,#2052,#2053);
#1708=AXIS2_PLACEMENT_3D('',#3041,#2054,#2055);
#1709=AXIS2_PLACEMENT_3D('',#3042,#2056,#2057);
#1710=AXIS2_PLACEMENT_3D('',#3043,#2058,#2059);
#1711=AXIS2_PLACEMENT_3D('',#3044,#2060,#2061);
#1712=AXIS2_PLACEMENT_3D('',#3047,#2062,#2063);
#1713=AXIS2_PLACEMENT_3D('',#3049,#2064,#2065);
#1714=AXIS2_PLACEMENT_3D('',#3051,#2066,#2067);
#1715=AXIS2_PLACEMENT_3D('',#3052,#2068,#2069);
#1716=AXIS2_PLACEMENT_3D('',#3053,#2070,#2071);
#1717=AXIS2_PLACEMENT_3D('',#3087,#2072,#2073);
#1718=AXIS2_PLACEMENT_3D('',#3088,#2074,#2075);
#1719=AXIS2_PLACEMENT_3D('',#3089,#2076,#2077);
#1720=AXIS2_PLACEMENT_3D('',#3092,#2079,#2080);
#1721=AXIS2_PLACEMENT_3D('',#3094,#2082,#2083);
#1722=AXIS2_PLACEMENT_3D('',#3095,#2084,#2085);
#1723=AXIS2_PLACEMENT_3D('',#3096,#2086,#2087);
#1724=AXIS2_PLACEMENT_3D('',#3100,#2089,#2090);
#1725=AXIS2_PLACEMENT_3D('',#3103,#2092,#2093);
#1726=AXIS2_PLACEMENT_3D('',#3104,#2094,#2095);
#1727=AXIS2_PLACEMENT_3D('',#3107,#2097,#2098);
#1728=AXIS2_PLACEMENT_3D('',#3108,#2099,#2100);
#1729=AXIS2_PLACEMENT_3D('',#3111,#2102,#2103);
#1730=AXIS2_PLACEMENT_3D('',#3112,#2104,#2105);
#1731=AXIS2_PLACEMENT_3D('',#3115,#2107,#2108);
#1732=AXIS2_PLACEMENT_3D('',#3116,#2109,#2110);
#1733=AXIS2_PLACEMENT_3D('',#3118,#2112,#2113);
#1734=AXIS2_PLACEMENT_3D('',#3122,#2115,#2116);
#1735=AXIS2_PLACEMENT_3D('',#3124,#2118,#2119);
#1736=AXIS2_PLACEMENT_3D('',#3127,#2120,#2121);
#1737=AXIS2_PLACEMENT_3D('',#3129,#2122,#2123);
#1738=AXIS2_PLACEMENT_3D('',#3130,#2124,#2125);
#1739=AXIS2_PLACEMENT_3D('',#3131,#2126,#2127);
#1740=AXIS2_PLACEMENT_3D('',#3132,#2128,#2129);
#1741=AXIS2_PLACEMENT_3D('',#3145,#2130,#2131);
#1742=AXIS2_PLACEMENT_3D('',#3146,#2132,#2133);
#1743=AXIS2_PLACEMENT_3D('',#3147,#2134,#2135);
#1744=AXIS2_PLACEMENT_3D('',#3148,#2136,#2137);
#1745=AXIS2_PLACEMENT_3D('',#3149,#2138,#2139);
#1746=AXIS2_PLACEMENT_3D('',#3153,#2142,#2143);
#1747=AXIS2_PLACEMENT_3D('',#3156,#2145,#2146);
#1748=AXIS2_PLACEMENT_3D('',#3157,#2147,#2148);
#1749=AXIS2_PLACEMENT_3D('',#3160,#2150,#2151);
#1750=AXIS2_PLACEMENT_3D('',#3161,#2152,#2153);
#1751=AXIS2_PLACEMENT_3D('',#3163,#2154,#2155);
#1752=AXIS2_PLACEMENT_3D('',#3164,#2156,#2157);
#1753=AXIS2_PLACEMENT_3D('',#3165,#2158,#2159);
#1754=AXIS2_PLACEMENT_3D('',#3166,#2160,#2161);
#1755=AXIS2_PLACEMENT_3D('',#3168,#2162,#2163);
#1756=AXIS2_PLACEMENT_3D('',#3169,#2164,#2165);
#1757=AXIS2_PLACEMENT_3D('',#3170,#2166,#2167);
#1758=AXIS2_PLACEMENT_3D('',#3171,#2168,#2169);
#1759=AXIS2_PLACEMENT_3D('',#3173,#2170,#2171);
#1760=AXIS2_PLACEMENT_3D('',#3174,#2172,#2173);
#1761=AXIS2_PLACEMENT_3D('',#3175,#2174,#2175);
#1762=AXIS2_PLACEMENT_3D('',#3177,#2176,#2177);
#1763=AXIS2_PLACEMENT_3D('',#3178,#2178,#2179);
#1764=AXIS2_PLACEMENT_3D('',#3179,#2180,#2181);
#1765=AXIS2_PLACEMENT_3D('',#3181,#2182,#2183);
#1766=AXIS2_PLACEMENT_3D('',#3182,#2184,#2185);
#1767=AXIS2_PLACEMENT_3D('',#3183,#2186,#2187);
#1768=AXIS2_PLACEMENT_3D('',#3185,#2188,#2189);
#1769=AXIS2_PLACEMENT_3D('',#3187,#2190,#2191);
#1770=AXIS2_PLACEMENT_3D('',#3189,#2192,#2193);
#1771=AXIS2_PLACEMENT_3D('',#3190,#2194,#2195);
#1772=AXIS2_PLACEMENT_3D('',#3191,#2196,#2197);
#1773=AXIS2_PLACEMENT_3D('',#3193,#2198,#2199);
#1774=AXIS2_PLACEMENT_3D('',#3194,#2200,#2201);
#1775=AXIS2_PLACEMENT_3D('',#3195,#2202,#2203);
#1776=AXIS2_PLACEMENT_3D('',#3196,#2204,#2205);
#1777=AXIS2_PLACEMENT_3D('',#3197,#2206,#2207);
#1778=AXIS2_PLACEMENT_3D('',#3201,#2209,#2210);
#1779=AXIS2_PLACEMENT_3D('',#3203,#2212,#2213);
#1780=AXIS2_PLACEMENT_3D('',#3206,#2215,#2216);
#1781=AXIS2_PLACEMENT_3D('',#3207,#2217,#2218);
#1782=AXIS2_PLACEMENT_3D('',#3210,#2220,#2221);
#1783=AXIS2_PLACEMENT_3D('',#3211,#2222,#2223);
#1784=AXIS2_PLACEMENT_3D('',#3214,#2225,#2226);
#1785=AXIS2_PLACEMENT_3D('',#3215,#2227,#2228);
#1786=AXIS2_PLACEMENT_3D('',#3219,#2230,#2231);
#1787=AXIS2_PLACEMENT_3D('',#3232,#2233,#2234);
#1788=AXIS2_PLACEMENT_3D('',#3246,#2236,#2237);
#1789=AXIS2_PLACEMENT_3D('',#3247,#2238,#2239);
#1790=AXIS2_PLACEMENT_3D('',#3250,#2240,#2241);
#1791=AXIS2_PLACEMENT_3D('',#3251,#2242,#2243);
#1792=AXIS2_PLACEMENT_3D('',#3252,#2244,#2245);
#1793=AXIS2_PLACEMENT_3D('',#3253,#2246,#2247);
#1794=AXIS2_PLACEMENT_3D('',#3256,#2248,#2249);
#1795=AXIS2_PLACEMENT_3D('',#3257,#2250,#2251);
#1796=AXIS2_PLACEMENT_3D('',#3258,#2252,#2253);
#1797=AXIS2_PLACEMENT_3D('',#3259,#2254,#2255);
#1798=AXIS2_PLACEMENT_3D('',#3262,#2257,#2258);
#1799=AXIS2_PLACEMENT_3D('',#3264,#2260,#2261);
#1800=AXIS2_PLACEMENT_3D('',#3265,#2262,#2263);
#1801=AXIS2_PLACEMENT_3D('',#3266,#2264,#2265);
#1802=AXIS2_PLACEMENT_3D('',#3269,#2267,#2268);
#1803=AXIS2_PLACEMENT_3D('',#3270,#2269,#2270);
#1804=AXIS2_PLACEMENT_3D('',#3273,#2272,#2273);
#1805=AXIS2_PLACEMENT_3D('',#3274,#2274,#2275);
#1806=AXIS2_PLACEMENT_3D('',#3277,#2277,#2278);
#1807=AXIS2_PLACEMENT_3D('',#3278,#2279,#2280);
#1808=AXIS2_PLACEMENT_3D('',#3280,#2282,#2283);
#1809=AXIS2_PLACEMENT_3D('',#3284,#2285,#2286);
#1810=AXIS2_PLACEMENT_3D('',#3286,#2288,#2289);
#1811=AXIS2_PLACEMENT_3D('',#3289,#2290,#2291);
#1812=AXIS2_PLACEMENT_3D('',#3290,#2292,#2293);
#1813=AXIS2_PLACEMENT_3D('',#3291,#2294,#2295);
#1814=AXIS2_PLACEMENT_3D('',#3292,#2296,#2297);
#1815=AXIS2_PLACEMENT_3D('',#3294,#2298,#2299);
#1816=AXIS2_PLACEMENT_3D('',#3295,#2300,#2301);
#1817=AXIS2_PLACEMENT_3D('',#3296,#2302,#2303);
#1818=AXIS2_PLACEMENT_3D('',#3297,#2304,#2305);
#1819=AXIS2_PLACEMENT_3D('',#3298,#2306,#2307);
#1820=AXIS2_PLACEMENT_3D('',#3299,#2308,#2309);
#1821=AXIS2_PLACEMENT_3D('',#3303,#2312,#2313);
#1822=AXIS2_PLACEMENT_3D('',#3306,#2315,#2316);
#1823=AXIS2_PLACEMENT_3D('',#3307,#2317,#2318);
#1824=AXIS2_PLACEMENT_3D('',#3310,#2320,#2321);
#1825=AXIS2_PLACEMENT_3D('',#3311,#2322,#2323);
#1826=AXIS2_PLACEMENT_3D('',#3312,#2324,#2325);
#1827=AXIS2_PLACEMENT_3D('',#3313,#2326,#2327);
#1828=AXIS2_PLACEMENT_3D('',#3316,#2328,#2329);
#1829=AXIS2_PLACEMENT_3D('',#3317,#2330,#2331);
#1830=AXIS2_PLACEMENT_3D('',#3318,#2332,#2333);
#1831=AXIS2_PLACEMENT_3D('',#3319,#2334,#2335);
#1832=AXIS2_PLACEMENT_3D('',#3321,#2337,#2338);
#1833=AXIS2_PLACEMENT_3D('',#3323,#2339,#2340);
#1834=AXIS2_PLACEMENT_3D('',#3324,#2341,#2342);
#1835=AXIS2_PLACEMENT_3D('',#3325,#2343,#2344);
#1836=AXIS2_PLACEMENT_3D('',#3326,#2345,#2346);
#1837=AXIS2_PLACEMENT_3D('',#3328,#2347,#2348);
#1838=AXIS2_PLACEMENT_3D('',#3329,#2349,#2350);
#1839=AXIS2_PLACEMENT_3D('',#3347,#2351,#2352);
#1840=AXIS2_PLACEMENT_3D('',#3348,#2353,#2354);
#1841=AXIS2_PLACEMENT_3D('',#3349,#2355,#2356);
#1842=AXIS2_PLACEMENT_3D('',#3350,#2357,#2358);
#1843=AXIS2_PLACEMENT_3D('',#3353,#2359,#2360);
#1844=AXIS2_PLACEMENT_3D('',#3354,#2361,#2362);
#1845=AXIS2_PLACEMENT_3D('',#3355,#2363,#2364);
#1846=AXIS2_PLACEMENT_3D('',#3372,#2365,#2366);
#1847=AXIS2_PLACEMENT_3D('',#3373,#2367,#2368);
#1848=AXIS2_PLACEMENT_3D('',#3374,#2369,#2370);
#1849=AXIS2_PLACEMENT_3D('',#3375,#2371,#2372);
#1850=AXIS2_PLACEMENT_3D('',#3377,#2373,#2374);
#1851=AXIS2_PLACEMENT_3D('',#3378,#2375,#2376);
#1852=AXIS2_PLACEMENT_3D('',#3379,#2377,#2378);
#1853=AXIS2_PLACEMENT_3D('',#3380,#2379,#2380);
#1854=AXIS2_PLACEMENT_3D('',#3383,#2381,#2382);
#1855=AXIS2_PLACEMENT_3D('',#3384,#2383,#2384);
#1856=AXIS2_PLACEMENT_3D('',#3385,#2385,#2386);
#1857=AXIS2_PLACEMENT_3D('',#3386,#2387,#2388);
#1858=AXIS2_PLACEMENT_3D('',#3387,#2389,#2390);
#1859=AXIS2_PLACEMENT_3D('',#3388,#2391,#2392);
#1860=AXIS2_PLACEMENT_3D('',#3389,#2393,#2394);
#1861=AXIS2_PLACEMENT_3D('',#3391,#2396,#2397);
#1862=AXIS2_PLACEMENT_3D('',#3392,#2398,#2399);
#1863=AXIS2_PLACEMENT_3D('',#3393,#2400,#2401);
#1864=AXIS2_PLACEMENT_3D('',#3397,#2403,#2404);
#1865=AXIS2_PLACEMENT_3D('',#3399,#2405,#2406);
#1866=AXIS2_PLACEMENT_3D('',#3401,#2407,#2408);
#1867=AXIS2_PLACEMENT_3D('',#3403,#2409,#2410);
#1868=AXIS2_PLACEMENT_3D('',#3405,#2411,#2412);
#1869=AXIS2_PLACEMENT_3D('',#3407,#2413,#2414);
#1870=AXIS2_PLACEMENT_3D('',#3409,#2415,#2416);
#1871=AXIS2_PLACEMENT_3D('',#3411,#2417,#2418);
#1872=AXIS2_PLACEMENT_3D('',#3413,#2419,#2420);
#1873=AXIS2_PLACEMENT_3D('',#3415,#2422,#2423);
#1874=AXIS2_PLACEMENT_3D('',#3416,#2424,#2425);
#1875=AXIS2_PLACEMENT_3D('',#3417,#2426,#2427);
#1876=AXIS2_PLACEMENT_3D('',#3418,#2428,#2429);
#1877=AXIS2_PLACEMENT_3D('',#3419,#2430,#2431);
#1878=AXIS2_PLACEMENT_3D('',#3420,#2432,#2433);
#1879=AXIS2_PLACEMENT_3D('',#3421,#2434,#2435);
#1880=AXIS2_PLACEMENT_3D('',#3422,#2436,#2437);
#1881=AXIS2_PLACEMENT_3D('',#3423,#2438,#2439);
#1882=AXIS2_PLACEMENT_3D('',#3439,#2440,#2441);
#1883=AXIS2_PLACEMENT_3D('',#3440,#2442,#2443);
#1884=AXIS2_PLACEMENT_3D('',#3441,#2444,#2445);
#1885=AXIS2_PLACEMENT_3D('',#3457,#2446,#2447);
#1886=AXIS2_PLACEMENT_3D('',#3458,#2448,#2449);
#1887=AXIS2_PLACEMENT_3D('',#3459,#2450,#2451);
#1888=AXIS2_PLACEMENT_3D('',#3460,#2452,#2453);
#1889=AXIS2_PLACEMENT_3D('',#3461,#2454,#2455);
#1890=AXIS2_PLACEMENT_3D('',#3462,#2456,#2457);
#1891=AXIS2_PLACEMENT_3D('',#3463,#2458,#2459);
#1892=AXIS2_PLACEMENT_3D('',#3464,#2460,#2461);
#1893=AXIS2_PLACEMENT_3D('',#3465,#2462,#2463);
#1894=AXIS2_PLACEMENT_3D('',#3466,#2464,#2465);
#1895=AXIS2_PLACEMENT_3D('',#3467,#2466,#2467);
#1896=AXIS2_PLACEMENT_3D('',#3468,#2468,#2469);
#1897=AXIS2_PLACEMENT_3D('',#3469,#2470,#2471);
#1898=AXIS2_PLACEMENT_3D('',#3470,#2472,#2473);
#1899=AXIS2_PLACEMENT_3D('',#3472,#2475,#2476);
#1900=AXIS2_PLACEMENT_3D('',#3474,#2478,#2479);
#1901=AXIS2_PLACEMENT_3D('',#3475,#2480,#2481);
#1902=AXIS2_PLACEMENT_3D('',#3476,#2482,#2483);
#1903=AXIS2_PLACEMENT_3D('',#3477,#2484,#2485);
#1904=DIRECTION('axis',(0.,0.,1.));
#1905=DIRECTION('refdir',(1.,0.,0.));
#1906=DIRECTION('center_axis',(0.,0.,-1.));
#1907=DIRECTION('ref_axis',(-1.,0.,0.));
#1908=DIRECTION('center_axis',(0.,0.,1.));
#1909=DIRECTION('ref_axis',(1.,0.,0.));
#1910=DIRECTION('center_axis',(0.,-1.,0.));
#1911=DIRECTION('ref_axis',(1.,0.,0.));
#1912=DIRECTION('center_axis',(0.,0.,-1.));
#1913=DIRECTION('ref_axis',(1.,0.,0.));
#1914=DIRECTION('center_axis',(0.,0.,-1.));
#1915=DIRECTION('ref_axis',(1.,0.,0.));
#1916=DIRECTION('center_axis',(0.,0.,1.));
#1917=DIRECTION('ref_axis',(1.,0.,0.));
#1918=DIRECTION('center_axis',(0.,0.,-1.));
#1919=DIRECTION('ref_axis',(1.,0.,0.));
#1920=DIRECTION('center_axis',(0.,0.,1.));
#1921=DIRECTION('ref_axis',(1.,0.,0.));
#1922=DIRECTION('center_axis',(0.,0.,1.));
#1923=DIRECTION('ref_axis',(0.963474537878425,-0.267799953061898,0.));
#1924=DIRECTION('center_axis',(0.,0.,1.));
#1925=DIRECTION('ref_axis',(-0.707106781186548,-0.707106781186547,0.));
#1926=DIRECTION('center_axis',(0.,0.,1.));
#1927=DIRECTION('ref_axis',(-0.267799953061899,0.963474537878425,0.));
#1928=DIRECTION('center_axis',(0.,0.,-1.));
#1929=DIRECTION('ref_axis',(0.707106781186548,-0.707106781186548,0.));
#1930=DIRECTION('center_axis',(0.,0.,1.));
#1931=DIRECTION('ref_axis',(-0.963474537878425,0.267799953061898,0.));
#1932=DIRECTION('center_axis',(0.,0.,1.));
#1933=DIRECTION('ref_axis',(0.707106781186547,0.707106781186547,0.));
#1934=DIRECTION('center_axis',(0.,0.,1.));
#1935=DIRECTION('ref_axis',(0.267799953061899,-0.963474537878425,0.));
#1936=DIRECTION('center_axis',(0.,0.,-1.));
#1937=DIRECTION('ref_axis',(-0.707106781186548,0.707106781186548,0.));
#1938=DIRECTION('center_axis',(0.,0.,1.));
#1939=DIRECTION('ref_axis',(1.,0.,0.));
#1940=DIRECTION('',(0.,0.,-1.));
#1941=DIRECTION('center_axis',(0.,0.,1.));
#1942=DIRECTION('ref_axis',(1.,0.,0.));
#1943=DIRECTION('center_axis',(0.,0.,-1.));
#1944=DIRECTION('ref_axis',(-1.,0.,0.));
#1945=DIRECTION('center_axis',(0.,-1.,0.));
#1946=DIRECTION('ref_axis',(1.,0.,0.));
#1947=DIRECTION('center_axis',(0.,0.,-1.));
#1948=DIRECTION('ref_axis',(1.,0.,0.));
#1949=DIRECTION('center_axis',(0.,0.,-1.));
#1950=DIRECTION('ref_axis',(1.,0.,0.));
#1951=DIRECTION('center_axis',(0.,0.,1.));
#1952=DIRECTION('ref_axis',(1.,0.,0.));
#1953=DIRECTION('',(0.,0.,-1.));
#1954=DIRECTION('center_axis',(0.,0.,1.));
#1955=DIRECTION('ref_axis',(1.,0.,0.));
#1956=DIRECTION('center_axis',(0.,0.,-1.));
#1957=DIRECTION('ref_axis',(0.999434908480693,-0.0336134453781454,0.));
#1958=DIRECTION('center_axis',(0.,0.,1.));
#1959=DIRECTION('ref_axis',(0.695121052271416,-0.718892705964583,0.));
#1960=DIRECTION('center_axis',(0.,0.,-1.));
#1961=DIRECTION('ref_axis',(0.999434908480692,-0.0336134453781515,0.));
#1962=DIRECTION('',(0.,0.,-1.));
#1963=DIRECTION('',(0.,0.,1.));
#1964=DIRECTION('center_axis',(-0.0840336134453846,-0.996462920439748,0.));
#1965=DIRECTION('ref_axis',(0.996462920439748,-0.0840336134453846,0.));
#1966=DIRECTION('center_axis',(0.,0.,-1.));
#1967=DIRECTION('ref_axis',(-1.,0.,0.));
#1968=DIRECTION('center_axis',(-0.996462920439749,-0.0840336134453782,-9.16389834374247E-16));
#1969=DIRECTION('ref_axis',(0.0840336134453782,-0.996462920439749,0.));
#1970=DIRECTION('center_axis',(0.,0.,1.));
#1971=DIRECTION('ref_axis',(-0.707106781186547,0.707106781186547,0.));
#1972=DIRECTION('center_axis',(0.,0.,-1.));
#1973=DIRECTION('ref_axis',(-0.707106781186547,0.707106781186548,0.));
#1974=DIRECTION('center_axis',(0.,0.,1.));
#1975=DIRECTION('ref_axis',(0.033613445378152,-0.999434908480692,0.));
#1976=DIRECTION('center_axis',(0.,0.,1.));
#1977=DIRECTION('ref_axis',(0.718892705964581,-0.695121052271418,0.));
#1978=DIRECTION('center_axis',(0.,0.,1.));
#1979=DIRECTION('ref_axis',(0.0336134453781513,-0.999434908480692,0.));
#1980=DIRECTION('',(0.,0.,1.));
#1981=DIRECTION('',(0.,0.,-1.));
#1982=DIRECTION('center_axis',(0.,0.,1.));
#1983=DIRECTION('ref_axis',(-0.707106781209941,0.707106781163154,0.));
#1984=DIRECTION('center_axis',(0.,0.,1.));
#1985=DIRECTION('ref_axis',(1.,0.,0.));
#1986=DIRECTION('center_axis',(0.,0.,-1.));
#1987=DIRECTION('ref_axis',(-0.999434908480692,0.0336134453781511,0.));
#1988=DIRECTION('center_axis',(0.,0.,1.));
#1989=DIRECTION('ref_axis',(-0.695121052271418,0.718892705964581,0.));
#1990=DIRECTION('center_axis',(0.,0.,-1.));
#1991=DIRECTION('ref_axis',(-0.999434908480692,0.0336134453781513,0.));
#1992=DIRECTION('',(0.,0.,-1.));
#1993=DIRECTION('',(0.,0.,1.));
#1994=DIRECTION('center_axis',(0.0840336134453788,0.996462920439749,0.));
#1995=DIRECTION('ref_axis',(-0.996462920439749,0.0840336134453788,0.));
#1996=DIRECTION('center_axis',(0.,0.,-1.));
#1997=DIRECTION('ref_axis',(-1.,0.,0.));
#1998=DIRECTION('center_axis',(0.996462920439749,0.0840336134453777,1.38287009682179E-15));
#1999=DIRECTION('ref_axis',(-0.0840336134453777,0.996462920439749,0.));
#2000=DIRECTION('center_axis',(0.,0.,1.));
#2001=DIRECTION('ref_axis',(0.707106781186547,-0.707106781186547,0.));
#2002=DIRECTION('center_axis',(0.,0.,-1.));
#2003=DIRECTION('ref_axis',(0.707106781186548,-0.707106781186548,0.));
#2004=DIRECTION('center_axis',(0.,0.,1.));
#2005=DIRECTION('ref_axis',(-0.0336134453781484,0.999434908480693,0.));
#2006=DIRECTION('center_axis',(0.,0.,1.));
#2007=DIRECTION('ref_axis',(-0.71889270596458,0.695121052271419,0.));
#2008=DIRECTION('center_axis',(0.,0.,1.));
#2009=DIRECTION('ref_axis',(-0.0336134453781513,0.999434908480692,0.));
#2010=DIRECTION('',(0.,0.,1.));
#2011=DIRECTION('',(0.,0.,-1.));
#2012=DIRECTION('center_axis',(0.,0.,1.));
#2013=DIRECTION('ref_axis',(1.,0.,0.));
#2014=DIRECTION('center_axis',(0.,0.,1.));
#2015=DIRECTION('ref_axis',(1.,0.,0.));
#2016=DIRECTION('center_axis',(0.,0.,-1.));
#2017=DIRECTION('ref_axis',(-1.,0.,0.));
#2018=DIRECTION('center_axis',(0.,0.,1.));
#2019=DIRECTION('ref_axis',(1.,0.,0.));
#2020=DIRECTION('center_axis',(-1.22464679914735E-16,-1.,0.));
#2021=DIRECTION('ref_axis',(1.,-1.22464679914735E-16,0.));
#2022=DIRECTION('center_axis',(0.,0.,-1.));
#2023=DIRECTION('ref_axis',(1.,0.,0.));
#2024=DIRECTION('center_axis',(0.,0.,-1.));
#2025=DIRECTION('ref_axis',(1.,0.,0.));
#2026=DIRECTION('center_axis',(0.,0.,-1.));
#2027=DIRECTION('ref_axis',(1.,0.,0.));
#2028=DIRECTION('',(0.,0.,1.));
#2029=DIRECTION('center_axis',(0.,0.,1.));
#2030=DIRECTION('ref_axis',(1.,0.,0.));
#2031=DIRECTION('center_axis',(0.,0.,1.));
#2032=DIRECTION('ref_axis',(1.,0.,0.));
#2033=DIRECTION('center_axis',(0.,0.,-1.));
#2034=DIRECTION('ref_axis',(-1.,0.,0.));
#2035=DIRECTION('center_axis',(0.,0.,-1.));
#2036=DIRECTION('ref_axis',(1.,0.,0.));
#2037=DIRECTION('center_axis',(-1.22464679914735E-16,-1.,0.));
#2038=DIRECTION('ref_axis',(1.,-1.22464679914735E-16,0.));
#2039=DIRECTION('center_axis',(0.,0.,1.));
#2040=DIRECTION('ref_axis',(1.,0.,0.));
#2041=DIRECTION('center_axis',(0.,0.,-1.));
#2042=DIRECTION('ref_axis',(1.,0.,0.));
#2043=DIRECTION('center_axis',(0.,0.,1.));
#2044=DIRECTION('ref_axis',(1.,0.,0.));
#2045=DIRECTION('center_axis',(0.,0.,-1.));
#2046=DIRECTION('ref_axis',(1.,0.,0.));
#2047=DIRECTION('center_axis',(0.,0.,1.));
#2048=DIRECTION('ref_axis',(1.,0.,0.));
#2049=DIRECTION('center_axis',(0.,0.,1.));
#2050=DIRECTION('ref_axis',(1.,0.,0.));
#2051=DIRECTION('',(0.,0.,-1.));
#2052=DIRECTION('center_axis',(0.,0.,1.));
#2053=DIRECTION('ref_axis',(1.,0.,0.));
#2054=DIRECTION('center_axis',(1.22464679914735E-16,-1.,0.));
#2055=DIRECTION('ref_axis',(-1.,-1.22464679914735E-16,0.));
#2056=DIRECTION('center_axis',(0.,0.,1.));
#2057=DIRECTION('ref_axis',(1.,0.,0.));
#2058=DIRECTION('center_axis',(1.22464679914735E-16,-1.,0.));
#2059=DIRECTION('ref_axis',(-1.,-1.22464679914735E-16,0.));
#2060=DIRECTION('center_axis',(0.,0.,1.));
#2061=DIRECTION('ref_axis',(1.,0.,0.));
#2062=DIRECTION('center_axis',(0.997445717412067,0.0714285714285712,0.));
#2063=DIRECTION('ref_axis',(0.,0.,1.));
#2064=DIRECTION('center_axis',(0.,0.,1.));
#2065=DIRECTION('ref_axis',(0.276096291676244,-0.961129979619108,0.));
#2066=DIRECTION('center_axis',(-0.883286017814215,-0.468834523828937,0.));
#2067=DIRECTION('ref_axis',(0.468834523828937,-0.883286017814215,0.));
#2068=DIRECTION('center_axis',(0.,0.,-1.));
#2069=DIRECTION('ref_axis',(0.276096291676244,-0.961129979619108,0.));
#2070=DIRECTION('center_axis',(0.,0.,1.));
#2071=DIRECTION('ref_axis',(1.,0.,0.));
#2072=DIRECTION('center_axis',(0.,0.,1.));
#2073=DIRECTION('ref_axis',(0.506580310721593,0.862192779365041,0.));
#2074=DIRECTION('center_axis',(0.,0.,-1.));
#2075=DIRECTION('ref_axis',(0.506580310721593,0.862192779365041,0.));
#2076=DIRECTION('center_axis',(0.,-1.,0.));
#2077=DIRECTION('ref_axis',(-0.707106781186548,0.,0.707106781186548));
#2078=DIRECTION('',(0.,-1.,0.));
#2079=DIRECTION('center_axis',(0.,1.,0.));
#2080=DIRECTION('ref_axis',(-1.,0.,0.));
#2081=DIRECTION('',(0.,1.,0.));
#2082=DIRECTION('center_axis',(0.401532046472536,-0.807332468246951,-0.432419126970423));
#2083=DIRECTION('ref_axis',(-0.549350265573536,-0.590096844352082,0.591607978309962));
#2084=DIRECTION('center_axis',(0.,0.,1.));
#2085=DIRECTION('ref_axis',(-0.681385143869247,-0.7319250547114,0.));
#2086=DIRECTION('center_axis',(0.,0.,1.));
#2087=DIRECTION('ref_axis',(1.,0.,0.));
#2088=DIRECTION('',(0.,0.,1.));
#2089=DIRECTION('center_axis',(0.,0.,-1.));
#2090=DIRECTION('ref_axis',(-0.948824676043874,-0.315803315578284,0.));
#2091=DIRECTION('',(0.,0.,-1.));
#2092=DIRECTION('center_axis',(0.,0.,1.));
#2093=DIRECTION('ref_axis',(-0.707106781186548,0.707106781186548,0.));
#2094=DIRECTION('center_axis',(0.,0.,-1.));
#2095=DIRECTION('ref_axis',(0.506580310721589,0.862192779365043,0.));
#2096=DIRECTION('',(0.,0.,-1.));
#2097=DIRECTION('center_axis',(0.,0.,1.));
#2098=DIRECTION('ref_axis',(0.506580310721589,0.862192779365043,0.));
#2099=DIRECTION('center_axis',(0.,0.,1.));
#2100=DIRECTION('ref_axis',(1.,0.,0.));
#2101=DIRECTION('',(0.,0.,1.));
#2102=DIRECTION('center_axis',(0.,0.,-1.));
#2103=DIRECTION('ref_axis',(0.241571917020362,-0.970382918701225,0.));
#2104=DIRECTION('center_axis',(0.,0.,1.));
#2105=DIRECTION('ref_axis',(-0.681385143869247,-0.7319250547114,0.));
#2106=DIRECTION('',(0.,0.,-1.));
#2107=DIRECTION('center_axis',(0.,0.,-1.));
#2108=DIRECTION('ref_axis',(-0.681385143869246,-0.7319250547114,0.));
#2109=DIRECTION('center_axis',(-1.,0.,0.));
#2110=DIRECTION('ref_axis',(0.,-1.,0.));
#2111=DIRECTION('',(0.,1.,0.));
#2112=DIRECTION('center_axis',(-1.,0.,0.));
#2113=DIRECTION('ref_axis',(0.,0.707106781186548,0.707106781186548));
#2114=DIRECTION('',(1.,0.,0.));
#2115=DIRECTION('center_axis',(-1.,0.,0.));
#2116=DIRECTION('ref_axis',(0.,0.,1.));
#2117=DIRECTION('',(-1.,0.,0.));
#2118=DIRECTION('center_axis',(0.,0.,1.));
#2119=DIRECTION('ref_axis',(1.,0.,0.));
#2120=DIRECTION('center_axis',(0.468834523828937,0.883286017814215,0.));
#2121=DIRECTION('ref_axis',(0.,0.,1.));
#2122=DIRECTION('center_axis',(0.,0.,1.));
#2123=DIRECTION('ref_axis',(0.961129979619108,-0.276096291676244,0.));
#2124=DIRECTION('center_axis',(-0.0714285714285712,-0.997445717412067,0.));
#2125=DIRECTION('ref_axis',(0.997445717412067,-0.0714285714285712,0.));
#2126=DIRECTION('center_axis',(0.,0.,-1.));
#2127=DIRECTION('ref_axis',(0.961129979619108,-0.276096291676244,0.));
#2128=DIRECTION('center_axis',(0.,0.,1.));
#2129=DIRECTION('ref_axis',(-0.862192779365042,-0.506580310721592,0.));
#2130=DIRECTION('center_axis',(0.,0.,-1.));
#2131=DIRECTION('ref_axis',(-0.862192779365041,-0.506580310721593,0.));
#2132=DIRECTION('center_axis',(0.,0.,1.));
#2133=DIRECTION('ref_axis',(-0.862192779365041,-0.506580310721593,0.));
#2134=DIRECTION('center_axis',(0.387952241786534,-0.835592176671303,0.388945719064392));
#2135=DIRECTION('ref_axis',(0.590096844352082,0.549350265573536,0.591607978309962));
#2136=DIRECTION('center_axis',(0.,0.,1.));
#2137=DIRECTION('ref_axis',(0.7319250547114,0.681385143869247,0.));
#2138=DIRECTION('center_axis',(0.,1.,0.));
#2139=DIRECTION('ref_axis',(-1.,0.,0.));
#2140=DIRECTION('',(0.,0.,1.));
#2141=DIRECTION('',(1.,0.,0.));
#2142=DIRECTION('center_axis',(0.,0.,1.));
#2143=DIRECTION('ref_axis',(0.7319250547114,0.681385143869247,0.));
#2144=DIRECTION('',(0.,0.,-1.));
#2145=DIRECTION('center_axis',(0.,0.,-1.));
#2146=DIRECTION('ref_axis',(0.7319250547114,0.681385143869247,0.));
#2147=DIRECTION('center_axis',(0.,0.,1.));
#2148=DIRECTION('ref_axis',(1.,0.,0.));
#2149=DIRECTION('',(0.,0.,1.));
#2150=DIRECTION('center_axis',(0.,0.,-1.));
#2151=DIRECTION('ref_axis',(0.970382918701225,-0.241571917020361,0.));
#2152=DIRECTION('center_axis',(0.,0.,1.));
#2153=DIRECTION('ref_axis',(1.,0.,0.));
#2154=DIRECTION('center_axis',(0.918561729642866,0.395277559235921,0.));
#2155=DIRECTION('ref_axis',(-0.395277559235921,0.918561729642866,0.));
#2156=DIRECTION('center_axis',(0.58283129138254,-0.812593185908768,0.));
#2157=DIRECTION('ref_axis',(0.,0.,1.));
#2158=DIRECTION('center_axis',(0.,0.,-1.));
#2159=DIRECTION('ref_axis',(0.963474537878425,-0.267799953061898,0.));
#2160=DIRECTION('center_axis',(0.,0.,1.));
#2161=DIRECTION('ref_axis',(-0.707106781186548,0.707106781186548,0.));
#2162=DIRECTION('center_axis',(-0.812593185908768,0.58283129138254,0.));
#2163=DIRECTION('ref_axis',(0.,0.,1.));
#2164=DIRECTION('center_axis',(0.,0.,1.));
#2165=DIRECTION('ref_axis',(1.,0.,0.));
#2166=DIRECTION('center_axis',(0.,0.,1.));
#2167=DIRECTION('ref_axis',(1.,0.,0.));
#2168=DIRECTION('center_axis',(0.,0.,1.));
#2169=DIRECTION('ref_axis',(1.,0.,0.));
#2170=DIRECTION('center_axis',(-0.395277559235921,-0.918561729642866,0.));
#2171=DIRECTION('ref_axis',(0.,0.,1.));
#2172=DIRECTION('center_axis',(0.,0.,-1.));
#2173=DIRECTION('ref_axis',(0.267799953061899,-0.963474537878425,0.));
#2174=DIRECTION('center_axis',(0.,0.,-1.));
#2175=DIRECTION('ref_axis',(0.707106781186547,0.707106781186548,0.));
#2176=DIRECTION('center_axis',(0.918561729642865,0.395277559235923,0.));
#2177=DIRECTION('ref_axis',(0.,0.,1.));
#2178=DIRECTION('center_axis',(0.,0.,-1.));
#2179=DIRECTION('ref_axis',(0.707106781186547,0.707106781186547,0.));
#2180=DIRECTION('center_axis',(0.,0.,1.));
#2181=DIRECTION('ref_axis',(-0.963474537878425,0.267799953061899,0.));
#2182=DIRECTION('center_axis',(-0.58283129138254,0.812593185908768,0.));
#2183=DIRECTION('ref_axis',(0.,0.,1.));
#2184=DIRECTION('center_axis',(0.,0.,-1.));
#2185=DIRECTION('ref_axis',(-0.963474537878425,0.267799953061898,0.));
#2186=DIRECTION('center_axis',(0.,0.,1.));
#2187=DIRECTION('ref_axis',(1.,0.,0.));
#2188=DIRECTION('center_axis',(0.812593185908768,-0.58283129138254,0.));
#2189=DIRECTION('ref_axis',(0.,0.,1.));
#2190=DIRECTION('center_axis',(0.,0.,1.));
#2191=DIRECTION('ref_axis',(0.707106781186548,-0.707106781186548,0.));
#2192=DIRECTION('center_axis',(0.,0.,1.));
#2193=DIRECTION('ref_axis',(1.,0.,0.));
#2194=DIRECTION('center_axis',(0.,0.,1.));
#2195=DIRECTION('ref_axis',(0.707106781186548,-0.707106781186548,0.));
#2196=DIRECTION('center_axis',(0.,0.,1.));
#2197=DIRECTION('ref_axis',(1.,0.,0.));
#2198=DIRECTION('center_axis',(0.395277559235921,0.918561729642866,0.));
#2199=DIRECTION('ref_axis',(0.,0.,1.));
#2200=DIRECTION('center_axis',(0.,0.,-1.));
#2201=DIRECTION('ref_axis',(-0.267799953061899,0.963474537878425,0.));
#2202=DIRECTION('center_axis',(0.,0.,-1.));
#2203=DIRECTION('ref_axis',(-1.,0.,0.));
#2204=DIRECTION('center_axis',(0.,0.,-1.));
#2205=DIRECTION('ref_axis',(-0.707106781186548,-0.707106781186547,0.));
#2206=DIRECTION('center_axis',(0.,0.,1.));
#2207=DIRECTION('ref_axis',(1.,0.,0.));
#2208=DIRECTION('',(0.,0.,1.));
#2209=DIRECTION('center_axis',(0.,0.,-1.));
#2210=DIRECTION('ref_axis',(0.315803315578283,0.948824676043874,0.));
#2211=DIRECTION('',(0.,0.,-1.));
#2212=DIRECTION('center_axis',(0.,0.,1.));
#2213=DIRECTION('ref_axis',(0.267799953061901,-0.963474537878424,0.));
#2214=DIRECTION('',(0.,0.,-1.));
#2215=DIRECTION('center_axis',(0.,0.,1.));
#2216=DIRECTION('ref_axis',(0.267799953061899,-0.963474537878425,0.));
#2217=DIRECTION('center_axis',(0.,0.,1.));
#2218=DIRECTION('ref_axis',(1.,0.,0.));
#2219=DIRECTION('',(0.,0.,1.));
#2220=DIRECTION('center_axis',(0.,0.,1.));
#2221=DIRECTION('ref_axis',(0.707106781186547,0.707106781186547,0.));
#2222=DIRECTION('center_axis',(0.,0.,1.));
#2223=DIRECTION('ref_axis',(-0.963474537878425,0.267799953061899,0.));
#2224=DIRECTION('',(0.,0.,-1.));
#2225=DIRECTION('center_axis',(0.,0.,1.));
#2226=DIRECTION('ref_axis',(-0.963474537878425,0.267799953061898,0.));
#2227=DIRECTION('center_axis',(0.,0.,1.));
#2228=DIRECTION('ref_axis',(1.,0.,0.));
#2229=DIRECTION('',(0.,0.,1.));
#2230=DIRECTION('center_axis',(0.,0.,-1.));
#2231=DIRECTION('ref_axis',(-0.315803315578284,-0.948824676043874,0.));
#2232=DIRECTION('',(0.,0.,-1.));
#2233=DIRECTION('center_axis',(0.,0.,1.));
#2234=DIRECTION('ref_axis',(1.,0.,0.));
#2235=DIRECTION('',(0.,0.,1.));
#2236=DIRECTION('center_axis',(0.,0.,-1.));
#2237=DIRECTION('ref_axis',(0.948824676043874,0.315803315578284,0.));
#2238=DIRECTION('center_axis',(0.,0.,1.));
#2239=DIRECTION('ref_axis',(1.,0.,0.));
#2240=DIRECTION('center_axis',(-0.883286017814216,-0.468834523828935,0.));
#2241=DIRECTION('ref_axis',(0.,0.,1.));
#2242=DIRECTION('center_axis',(0.,0.,-1.));
#2243=DIRECTION('ref_axis',(-0.506580310721593,-0.862192779365041,0.));
#2244=DIRECTION('center_axis',(0.,0.,1.));
#2245=DIRECTION('ref_axis',(-0.506580310721593,-0.862192779365041,0.));
#2246=DIRECTION('center_axis',(0.,0.,1.));
#2247=DIRECTION('ref_axis',(1.,0.,0.));
#2248=DIRECTION('center_axis',(-0.997445717412067,-0.0714285714285705,0.));
#2249=DIRECTION('ref_axis',(0.,0.,1.));
#2250=DIRECTION('center_axis',(0.,0.,1.));
#2251=DIRECTION('ref_axis',(-0.276096291676244,0.961129979619108,0.));
#2252=DIRECTION('center_axis',(0.,0.,-1.));
#2253=DIRECTION('ref_axis',(-0.276096291676244,0.961129979619108,0.));
#2254=DIRECTION('center_axis',(0.,1.,0.));
#2255=DIRECTION('ref_axis',(0.707106781186548,0.,0.707106781186548));
#2256=DIRECTION('',(0.,1.,0.));
#2257=DIRECTION('center_axis',(0.,-1.,0.));
#2258=DIRECTION('ref_axis',(1.,0.,0.));
#2259=DIRECTION('',(0.,-1.,0.));
#2260=DIRECTION('center_axis',(0.401532046472535,-0.807332468246951,0.432419126970424));
#2261=DIRECTION('ref_axis',(0.549350265573535,0.590096844352082,0.591607978309962));
#2262=DIRECTION('center_axis',(0.,0.,1.));
#2263=DIRECTION('ref_axis',(0.681385143869247,0.7319250547114,0.));
#2264=DIRECTION('center_axis',(0.,0.,-1.));
#2265=DIRECTION('ref_axis',(-0.506580310721589,-0.862192779365043,0.));
#2266=DIRECTION('',(0.,0.,-1.));
#2267=DIRECTION('center_axis',(0.,0.,1.));
#2268=DIRECTION('ref_axis',(-0.506580310721589,-0.862192779365043,0.));
#2269=DIRECTION('center_axis',(0.,0.,1.));
#2270=DIRECTION('ref_axis',(1.,0.,0.));
#2271=DIRECTION('',(0.,0.,1.));
#2272=DIRECTION('center_axis',(0.,0.,-1.));
#2273=DIRECTION('ref_axis',(-0.241571917020361,0.970382918701225,0.));
#2274=DIRECTION('center_axis',(0.,0.,1.));
#2275=DIRECTION('ref_axis',(0.681385143869247,0.7319250547114,0.));
#2276=DIRECTION('',(0.,0.,-1.));
#2277=DIRECTION('center_axis',(0.,0.,-1.));
#2278=DIRECTION('ref_axis',(0.681385143869247,0.7319250547114,0.));
#2279=DIRECTION('center_axis',(1.,0.,0.));
#2280=DIRECTION('ref_axis',(0.,1.,0.));
#2281=DIRECTION('',(0.,-1.,0.));
#2282=DIRECTION('center_axis',(1.,0.,0.));
#2283=DIRECTION('ref_axis',(0.,-0.707106781186548,0.707106781186548));
#2284=DIRECTION('',(-1.,0.,0.));
#2285=DIRECTION('center_axis',(1.,0.,0.));
#2286=DIRECTION('ref_axis',(0.,0.,1.));
#2287=DIRECTION('',(1.,0.,0.));
#2288=DIRECTION('center_axis',(0.,0.,1.));
#2289=DIRECTION('ref_axis',(1.,0.,0.));
#2290=DIRECTION('center_axis',(0.468834523828937,0.883286017814215,0.));
#2291=DIRECTION('ref_axis',(-0.883286017814215,0.468834523828937,0.));
#2292=DIRECTION('center_axis',(0.,0.,1.));
#2293=DIRECTION('ref_axis',(0.862192779365041,0.506580310721593,0.));
#2294=DIRECTION('center_axis',(0.,0.,-1.));
#2295=DIRECTION('ref_axis',(0.862192779365041,0.506580310721593,0.));
#2296=DIRECTION('center_axis',(0.,0.,1.));
#2297=DIRECTION('ref_axis',(1.,0.,0.));
#2298=DIRECTION('center_axis',(0.0714285714285712,0.997445717412067,0.));
#2299=DIRECTION('ref_axis',(-0.997445717412067,0.0714285714285712,0.));
#2300=DIRECTION('center_axis',(0.,0.,-1.));
#2301=DIRECTION('ref_axis',(-0.961129979619108,0.276096291676244,0.));
#2302=DIRECTION('center_axis',(0.,0.,1.));
#2303=DIRECTION('ref_axis',(-0.961129979619108,0.276096291676244,0.));
#2304=DIRECTION('center_axis',(0.387952241786536,-0.835592176671302,-0.388945719064392));
#2305=DIRECTION('ref_axis',(-0.590096844352081,-0.549350265573537,0.591607978309962));
#2306=DIRECTION('center_axis',(0.,0.,1.));
#2307=DIRECTION('ref_axis',(-0.731925054711399,-0.681385143869247,0.));
#2308=DIRECTION('center_axis',(0.,-1.,0.));
#2309=DIRECTION('ref_axis',(1.,0.,0.));
#2310=DIRECTION('',(0.,0.,1.));
#2311=DIRECTION('',(-1.,0.,0.));
#2312=DIRECTION('center_axis',(0.,0.,1.));
#2313=DIRECTION('ref_axis',(-0.731925054711399,-0.681385143869248,0.));
#2314=DIRECTION('',(0.,0.,-1.));
#2315=DIRECTION('center_axis',(0.,0.,-1.));
#2316=DIRECTION('ref_axis',(-0.7319250547114,-0.681385143869247,0.));
#2317=DIRECTION('center_axis',(0.,0.,1.));
#2318=DIRECTION('ref_axis',(1.,0.,0.));
#2319=DIRECTION('',(0.,0.,1.));
#2320=DIRECTION('center_axis',(0.,0.,-1.));
#2321=DIRECTION('ref_axis',(-0.970382918701225,0.241571917020361,0.));
#2322=DIRECTION('center_axis',(0.,0.,1.));
#2323=DIRECTION('ref_axis',(0.862192779365043,0.506580310721589,0.));
#2324=DIRECTION('center_axis',(0.,0.,1.));
#2325=DIRECTION('ref_axis',(0.862192779365043,0.506580310721589,0.));
#2326=DIRECTION('center_axis',(0.,0.,-1.));
#2327=DIRECTION('ref_axis',(-1.,0.,0.));
#2328=DIRECTION('center_axis',(0.,0.,1.));
#2329=DIRECTION('ref_axis',(-0.7319250547114,-0.681385143869247,0.));
#2330=DIRECTION('center_axis',(-1.,0.,0.));
#2331=DIRECTION('ref_axis',(0.,1.,0.));
#2332=DIRECTION('center_axis',(-0.0714285714285713,-0.997445717412067,0.));
#2333=DIRECTION('ref_axis',(0.,0.,-1.));
#2334=DIRECTION('center_axis',(-1.,0.,0.));
#2335=DIRECTION('ref_axis',(0.,0.707106781186548,-0.707106781186548));
#2336=DIRECTION('',(1.,0.,0.));
#2337=DIRECTION('center_axis',(0.,0.,-1.));
#2338=DIRECTION('ref_axis',(-1.,0.,0.));
#2339=DIRECTION('center_axis',(0.468834523828937,0.883286017814215,0.));
#2340=DIRECTION('ref_axis',(0.883286017814215,-0.468834523828937,0.));
#2341=DIRECTION('center_axis',(0.,0.,1.));
#2342=DIRECTION('ref_axis',(-0.970382918701225,0.241571917020361,0.));
#2343=DIRECTION('center_axis',(0.,0.,-1.));
#2344=DIRECTION('ref_axis',(-1.,0.,0.));
#2345=DIRECTION('center_axis',(0.999791973438965,-0.0203963194478751,0.));
#2346=DIRECTION('ref_axis',(0.,0.,-1.));
#2347=DIRECTION('center_axis',(-0.812593185908767,0.58283129138254,0.));
#2348=DIRECTION('ref_axis',(0.58283129138254,0.812593185908767,0.));
#2349=DIRECTION('center_axis',(0.,0.,1.));
#2350=DIRECTION('ref_axis',(-0.315803315578284,-0.948824676043874,0.));
#2351=DIRECTION('center_axis',(-0.395277559235921,-0.918561729642866,0.));
#2352=DIRECTION('ref_axis',(-0.918561729642865,0.395277559235921,0.));
#2353=DIRECTION('center_axis',(0.,0.,-1.));
#2354=DIRECTION('ref_axis',(-0.267799953061899,0.963474537878425,0.));
#2355=DIRECTION('center_axis',(0.,0.,1.));
#2356=DIRECTION('ref_axis',(-0.267799953061899,0.963474537878425,0.));
#2357=DIRECTION('center_axis',(0.,0.,1.));
#2358=DIRECTION('ref_axis',(-0.707106781186547,-0.707106781186548,0.));
#2359=DIRECTION('center_axis',(0.918561729642865,0.395277559235922,0.));
#2360=DIRECTION('ref_axis',(0.395277559235922,-0.918561729642865,0.));
#2361=DIRECTION('center_axis',(0.,0.,-1.));
#2362=DIRECTION('ref_axis',(-0.707106781186548,-0.707106781186547,0.));
#2363=DIRECTION('center_axis',(0.,0.,1.));
#2364=DIRECTION('ref_axis',(-0.707106781186548,-0.707106781186547,0.));
#2365=DIRECTION('center_axis',(-0.582831291382542,0.812593185908766,0.));
#2366=DIRECTION('ref_axis',(0.812593185908766,0.582831291382542,0.));
#2367=DIRECTION('center_axis',(0.,0.,-1.));
#2368=DIRECTION('ref_axis',(0.963474537878425,-0.267799953061898,0.));
#2369=DIRECTION('center_axis',(0.,0.,1.));
#2370=DIRECTION('ref_axis',(0.963474537878425,-0.267799953061898,0.));
#2371=DIRECTION('center_axis',(0.,0.,-1.));
#2372=DIRECTION('ref_axis',(-1.,0.,0.));
#2373=DIRECTION('center_axis',(-0.0203963194478751,0.999791973438965,0.));
#2374=DIRECTION('ref_axis',(0.999791973438965,0.0203963194478751,0.));
#2375=DIRECTION('center_axis',(0.,0.,1.));
#2376=DIRECTION('ref_axis',(-0.948824676043874,-0.315803315578284,0.));
#2377=DIRECTION('center_axis',(0.245742583743141,-0.930409642251891,-0.271934698300813));
#2378=DIRECTION('ref_axis',(0.623814332970896,0.366521346724456,-0.690302673017689));
#2379=DIRECTION('center_axis',(0.,0.,-1.));
#2380=DIRECTION('ref_axis',(-1.,0.,0.));
#2381=DIRECTION('center_axis',(0.,0.,1.));
#2382=DIRECTION('ref_axis',(-0.681385143869246,-0.731925054711401,0.));
#2383=DIRECTION('center_axis',(-0.997445717412067,-0.0714285714285715,1.66108080192695E-15));
#2384=DIRECTION('ref_axis',(-0.0714285714285715,0.997445717412067,0.));
#2385=DIRECTION('center_axis',(0.,-1.,0.));
#2386=DIRECTION('ref_axis',(0.,0.,-1.));
#2387=DIRECTION('center_axis',(0.,0.,-1.));
#2388=DIRECTION('ref_axis',(-1.,0.,0.));
#2389=DIRECTION('center_axis',(0.883286017814216,0.468834523828936,0.));
#2390=DIRECTION('ref_axis',(0.,0.,-1.));
#2391=DIRECTION('center_axis',(0.,0.,1.));
#2392=DIRECTION('ref_axis',(0.241571917020362,-0.970382918701225,0.));
#2393=DIRECTION('center_axis',(0.,1.,0.));
#2394=DIRECTION('ref_axis',(0.707106781186548,0.,-0.707106781186548));
#2395=DIRECTION('',(0.,-1.,0.));
#2396=DIRECTION('center_axis',(0.292540039131423,-0.781572567315458,-0.55096701128553));
#2397=DIRECTION('ref_axis',(0.366521346724457,0.623814332970896,-0.690302673017689));
#2398=DIRECTION('center_axis',(0.,0.,1.));
#2399=DIRECTION('ref_axis',(1.,0.,0.));
#2400=DIRECTION('center_axis',(0.,0.,1.));
#2401=DIRECTION('ref_axis',(1.,0.,0.));
#2402=DIRECTION('',(-1.,0.,0.));
#2403=DIRECTION('center_axis',(0.,0.,1.));
#2404=DIRECTION('ref_axis',(0.7319250547114,0.681385143869247,0.));
#2405=DIRECTION('center_axis',(0.,0.,1.));
#2406=DIRECTION('ref_axis',(0.970382918701225,-0.241571917020361,0.));
#2407=DIRECTION('center_axis',(0.,0.,1.));
#2408=DIRECTION('ref_axis',(0.315803315578283,0.948824676043874,0.));
#2409=DIRECTION('center_axis',(0.,0.,-1.));
#2410=DIRECTION('ref_axis',(0.267799953061899,-0.963474537878425,0.));
#2411=DIRECTION('center_axis',(0.,0.,-1.));
#2412=DIRECTION('ref_axis',(0.707106781186548,0.707106781186548,0.));
#2413=DIRECTION('center_axis',(0.,0.,-1.));
#2414=DIRECTION('ref_axis',(-0.963474537878425,0.267799953061898,0.));
#2415=DIRECTION('center_axis',(0.,0.,1.));
#2416=DIRECTION('ref_axis',(0.948824676043874,0.315803315578284,0.));
#2417=DIRECTION('center_axis',(0.,0.,1.));
#2418=DIRECTION('ref_axis',(-0.241571917020361,0.970382918701225,0.));
#2419=DIRECTION('center_axis',(0.,0.,1.));
#2420=DIRECTION('ref_axis',(0.681385143869247,0.7319250547114,0.));
#2421=DIRECTION('',(0.,1.,0.));
#2422=DIRECTION('center_axis',(0.,0.,-1.));
#2423=DIRECTION('ref_axis',(0.7319250547114,0.681385143869247,0.));
#2424=DIRECTION('center_axis',(1.,0.,0.));
#2425=DIRECTION('ref_axis',(0.,-1.,0.));
#2426=DIRECTION('center_axis',(0.0714285714285712,0.997445717412067,0.));
#2427=DIRECTION('ref_axis',(0.,0.,-1.));
#2428=DIRECTION('center_axis',(1.,0.,0.));
#2429=DIRECTION('ref_axis',(0.,-0.707106781186548,-0.707106781186548));
#2430=DIRECTION('center_axis',(0.,0.,-1.));
#2431=DIRECTION('ref_axis',(-1.,0.,0.));
#2432=DIRECTION('center_axis',(-0.468834523828936,-0.883286017814216,0.));
#2433=DIRECTION('ref_axis',(-0.883286017814216,0.468834523828936,0.));
#2434=DIRECTION('center_axis',(0.,0.,-1.));
#2435=DIRECTION('ref_axis',(-1.,0.,0.));
#2436=DIRECTION('center_axis',(-0.999791973438965,0.0203963194478751,0.));
#2437=DIRECTION('ref_axis',(0.,0.,-1.));
#2438=DIRECTION('center_axis',(0.812593185908767,-0.582831291382541,0.));
#2439=DIRECTION('ref_axis',(-0.582831291382541,-0.812593185908767,0.));
#2440=DIRECTION('center_axis',(0.395277559235921,0.918561729642866,0.));
#2441=DIRECTION('ref_axis',(0.918561729642865,-0.395277559235921,0.));
#2442=DIRECTION('center_axis',(0.,0.,1.));
#2443=DIRECTION('ref_axis',(1.,0.,0.));
#2444=DIRECTION('center_axis',(-0.918561729642866,-0.395277559235919,0.));
#2445=DIRECTION('ref_axis',(-0.395277559235919,0.918561729642866,0.));
#2446=DIRECTION('center_axis',(0.582831291382542,-0.812593185908766,0.));
#2447=DIRECTION('ref_axis',(-0.812593185908766,-0.582831291382542,0.));
#2448=DIRECTION('center_axis',(0.,0.,-1.));
#2449=DIRECTION('ref_axis',(-1.,0.,0.));
#2450=DIRECTION('center_axis',(0.0203963194478751,-0.999791973438965,0.));
#2451=DIRECTION('ref_axis',(-0.999791973438965,-0.0203963194478751,0.));
#2452=DIRECTION('center_axis',(0.245742583743141,-0.93040964225189,0.271934698300814));
#2453=DIRECTION('ref_axis',(-0.623814332970896,-0.366521346724457,-0.690302673017689));
#2454=DIRECTION('center_axis',(0.,0.,1.));
#2455=DIRECTION('ref_axis',(-0.862192779365043,-0.506580310721589,0.));
#2456=DIRECTION('center_axis',(0.,0.,-1.));
#2457=DIRECTION('ref_axis',(-1.,0.,0.));
#2458=DIRECTION('center_axis',(0.,1.,0.));
#2459=DIRECTION('ref_axis',(0.,0.,-1.));
#2460=DIRECTION('center_axis',(0.997445717412067,0.0714285714285715,0.));
#2461=DIRECTION('ref_axis',(0.0714285714285715,-0.997445717412067,0.));
#2462=DIRECTION('center_axis',(0.,-1.,0.));
#2463=DIRECTION('ref_axis',(-0.707106781186548,0.,-0.707106781186548));
#2464=DIRECTION('center_axis',(0.,0.,-1.));
#2465=DIRECTION('ref_axis',(-1.,0.,0.));
#2466=DIRECTION('center_axis',(-0.883286017814216,-0.468834523828936,0.));
#2467=DIRECTION('ref_axis',(0.,0.,-1.));
#2468=DIRECTION('center_axis',(0.292540039131423,-0.781572567315458,0.55096701128553));
#2469=DIRECTION('ref_axis',(-0.366521346724457,-0.623814332970896,-0.690302673017689));
#2470=DIRECTION('center_axis',(0.,0.,1.));
#2471=DIRECTION('ref_axis',(-0.862192779365043,-0.506580310721589,0.));
#2472=DIRECTION('center_axis',(0.,0.,1.));
#2473=DIRECTION('ref_axis',(0.963474537878425,-0.267799953061899,0.));
#2474=DIRECTION('',(0.,0.,1.));
#2475=DIRECTION('center_axis',(0.,0.,1.));
#2476=DIRECTION('ref_axis',(-0.707106781186548,-0.707106781186547,0.));
#2477=DIRECTION('',(0.,0.,-1.));
#2478=DIRECTION('center_axis',(0.,0.,1.));
#2479=DIRECTION('ref_axis',(-0.267799953061901,0.963474537878424,0.));
#2480=DIRECTION('center_axis',(0.,0.,1.));
#2481=DIRECTION('ref_axis',(1.,0.,0.));
#2482=DIRECTION('center_axis',(0.,0.,1.));
#2483=DIRECTION('ref_axis',(1.,0.,0.));
#2484=DIRECTION('center_axis',(0.,0.,1.));
#2485=DIRECTION('ref_axis',(1.,0.,0.));
#2486=CARTESIAN_POINT('',(0.,0.,0.));
#2487=CARTESIAN_POINT('Origin',(7.00000010430813,-7.00000010430813,1.9));
#2488=CARTESIAN_POINT('',(8.75000010430813,-7.00000010430813,2.1));
#2489=CARTESIAN_POINT('Origin',(7.00000010430813,-7.00000010430813,2.1));
#2490=CARTESIAN_POINT('',(8.55000010430813,-7.00000010430813,1.9));
#2491=CARTESIAN_POINT('Origin',(8.75000010430813,-7.00000010430813,1.9));
#2492=CARTESIAN_POINT('',(5.45000010430813,-7.00000010430813,1.9));
#2493=CARTESIAN_POINT('Origin',(7.00000010430813,-7.00000010430813,1.9));
#2494=CARTESIAN_POINT('Origin',(7.00000010430813,-7.00000010430813,1.9));
#2495=CARTESIAN_POINT('Origin',(0.,0.,2.1));
#2496=CARTESIAN_POINT('',(-11.8,1.44508322299388E-15,2.1));
#2497=CARTESIAN_POINT('Origin',(0.,0.,2.1));
#2498=CARTESIAN_POINT('',(-5.25000010430813,7.00000010430813,2.1));
#2499=CARTESIAN_POINT('Origin',(-7.00000010430813,7.00000010430813,2.1));
#2500=CARTESIAN_POINT('',(4.54569199600413,-10.563460041457,2.1));
#2501=CARTESIAN_POINT('',(5.1716654360134,-8.31137050991884,2.1));
#2502=CARTESIAN_POINT('Origin',(3.95277565715025,-9.18561744699266,2.1));
#2503=CARTESIAN_POINT('',(-10.563460041457,4.54569199600413,2.1));
#2504=CARTESIAN_POINT('Origin',(0.,0.,2.1));
#2505=CARTESIAN_POINT('',(-8.31137050991885,5.1716654360134,2.1));
#2506=CARTESIAN_POINT('Origin',(-9.18561744699266,3.95277565715025,2.1));
#2507=CARTESIAN_POINT('',(-5.1716654360134,8.31137050991885,2.1));
#2508=CARTESIAN_POINT('Origin',(-7.00000010430813,7.00000010430813,2.1));
#2509=CARTESIAN_POINT('',(-4.54569199600413,10.563460041457,2.1));
#2510=CARTESIAN_POINT('Origin',(-3.95277565715025,9.18561744699266,2.1));
#2511=CARTESIAN_POINT('',(10.563460041457,-4.54569199600413,2.1));
#2512=CARTESIAN_POINT('Origin',(0.,0.,2.1));
#2513=CARTESIAN_POINT('',(8.31137050991885,-5.1716654360134,2.1));
#2514=CARTESIAN_POINT('Origin',(9.18561744699266,-3.95277565715025,2.1));
#2515=CARTESIAN_POINT('Origin',(7.00000010430813,-7.00000010430813,2.1));
#2516=CARTESIAN_POINT('Origin',(7.00000010430813,-7.00000010430813,0.));
#2517=CARTESIAN_POINT('',(5.45000010430813,-7.00000010430813,0.));
#2518=CARTESIAN_POINT('',(5.45000010430813,-7.00000010430813,0.));
#2519=CARTESIAN_POINT('Origin',(7.00000010430813,-7.00000010430813,0.));
#2520=CARTESIAN_POINT('Origin',(-7.00000010430813,7.00000010430813,1.9));
#2521=CARTESIAN_POINT('',(-5.45000010430813,7.00000010430813,1.9));
#2522=CARTESIAN_POINT('Origin',(-5.25000010430813,7.00000010430813,1.9));
#2523=CARTESIAN_POINT('',(-8.55000010430813,7.00000010430813,1.9));
#2524=CARTESIAN_POINT('Origin',(-7.00000010430813,7.00000010430813,1.9));
#2525=CARTESIAN_POINT('Origin',(-7.00000010430813,7.00000010430813,1.9));
#2526=CARTESIAN_POINT('Origin',(-7.00000010430813,7.00000010430813,0.));
#2527=CARTESIAN_POINT('',(-8.55000010430813,7.00000010430813,0.));
#2528=CARTESIAN_POINT('',(-8.55000010430813,7.00000010430813,0.));
#2529=CARTESIAN_POINT('Origin',(-7.00000010430813,7.00000010430813,0.));
#2530=CARTESIAN_POINT('Ctrl Pts',(-5.72966179252855,-0.483193277310923,
-0.2));
#2531=CARTESIAN_POINT('Ctrl Pts',(-5.7466785005908,-0.281410705828467,-0.2));
#2532=CARTESIAN_POINT('Ctrl Pts',(-5.7533174403788,0.0694125809452341,-0.0244144844298137));
#2533=CARTESIAN_POINT('Ctrl Pts',(-5.74675072376398,0.193277310924371,0.342843994066441));
#2534=CARTESIAN_POINT('Ctrl Pts',(-5.74675072376398,0.193277310924371,0.5));
#2535=CARTESIAN_POINT('Ctrl Pts',(-5.72966179252855,-0.483193277310923,
-0.14764012244017));
#2536=CARTESIAN_POINT('Ctrl Pts',(-5.74534012427796,-0.296956390120938,
-0.146797156760829));
#2537=CARTESIAN_POINT('Ctrl Pts',(-5.75324825376913,0.0260533651772474,
0.0144755918737511));
#2538=CARTESIAN_POINT('Ctrl Pts',(-5.74847305042889,0.142067047491157,0.354371216149791));
#2539=CARTESIAN_POINT('Ctrl Pts',(-5.74847305042889,0.142067047491157,0.5));
#2540=CARTESIAN_POINT('Ctrl Pts',(-5.77280729061403,-0.486831819231202,
-0.0432986488513188));
#2541=CARTESIAN_POINT('Ctrl Pts',(-5.78750565333318,-0.329984019678746,
-0.0408427549502417));
#2542=CARTESIAN_POINT('Ctrl Pts',(-5.79658111793093,-0.059552461320317,
0.0918128507903532));
#2543=CARTESIAN_POINT('Ctrl Pts',(-5.79325635679212,0.0413733371646145,
0.377249231451056));
#2544=CARTESIAN_POINT('Ctrl Pts',(-5.79325635679212,0.0413733371646145,
0.5));
#2545=CARTESIAN_POINT('Ctrl Pts',(-5.87677970010937,-0.49560001028909,-7.31789977733129E-16));
#2546=CARTESIAN_POINT('Ctrl Pts',(-5.89339310134704,-0.348350589454997,
0.00134188635812056));
#2547=CARTESIAN_POINT('Ctrl Pts',(-5.90101155551299,-0.0930865536755048,
0.124993159184069));
#2548=CARTESIAN_POINT('Ctrl Pts',(-5.8953984871792,-1.66672337873215E-15,
0.387444083495927));
#2549=CARTESIAN_POINT('Ctrl Pts',(-5.8953984871792,-1.66672337873215E-15,
0.5));
#2550=CARTESIAN_POINT('Ctrl Pts',(-5.9289543766165,-0.5,-7.28583859910259E-16));
#2551=CARTESIAN_POINT('Ctrl Pts',(-5.94656297017656,-0.350856360208619,
-6.78252697445217E-16));
#2552=CARTESIAN_POINT('Ctrl Pts',(-5.95343282960937,-0.0915521917237108,
0.125418225407275));
#2553=CARTESIAN_POINT('Ctrl Pts',(-5.94663770546012,-1.66533453693773E-15,
0.387745710047459));
#2554=CARTESIAN_POINT('Ctrl Pts',(-5.94663770546012,-1.66533453693773E-15,
0.5));
#2555=CARTESIAN_POINT('',(-5.74675072376398,0.193277310924371,0.5));
#2556=CARTESIAN_POINT('',(-5.94663770546012,0.,0.5));
#2557=CARTESIAN_POINT('Origin',(-5.94663770546012,0.2,0.5));
#2558=CARTESIAN_POINT('',(-5.92895437661655,-0.499999999999824,0.));
#2559=CARTESIAN_POINT('Ctrl Pts',(-5.94663770546012,-1.66533453693773E-15,
0.5));
#2560=CARTESIAN_POINT('Ctrl Pts',(-5.94663770546012,-1.68168462000863E-15,
0.460074829364107));
#2561=CARTESIAN_POINT('Ctrl Pts',(-5.94689431919142,-0.00495856479228471,
0.420190663480326));
#2562=CARTESIAN_POINT('Ctrl Pts',(-5.94729025744418,-0.014480333821775,
0.381425303379271));
#2563=CARTESIAN_POINT('Ctrl Pts',(-5.94753757910182,-0.0204280786624904,
0.357210635934027));
#2564=CARTESIAN_POINT('Ctrl Pts',(-5.94783938565006,-0.0281574903310604,
0.333432294787023));
#2565=CARTESIAN_POINT('Ctrl Pts',(-5.94816822096061,-0.0375821207274958,
0.31035459154299));
#2566=CARTESIAN_POINT('Ctrl Pts',(-5.9486441322248,-0.0512220420576004,
0.276955079467994));
#2567=CARTESIAN_POINT('Ctrl Pts',(-5.9491674628753,-0.0684458722629114,
0.244956723825155));
#2568=CARTESIAN_POINT('Ctrl Pts',(-5.94950467408737,-0.0889795799712338,
0.215277668566253));
#2569=CARTESIAN_POINT('Ctrl Pts',(-5.94961053426103,-0.0954256938192334,
0.205960570465046));
#2570=CARTESIAN_POINT('Ctrl Pts',(-5.94969802530851,-0.102197622844905,
0.196871962966166));
#2571=CARTESIAN_POINT('Ctrl Pts',(-5.94975987639694,-0.109285891774348,
0.188039895394113));
#2572=CARTESIAN_POINT('Ctrl Pts',(-5.94985528828544,-0.120220301208903,
0.174415490910059));
#2573=CARTESIAN_POINT('Ctrl Pts',(-5.94988967662622,-0.131907603290971,
0.161401664580094));
#2574=CARTESIAN_POINT('Ctrl Pts',(-5.94984223576053,-0.144256641629753,
0.149046849657736));
#2575=CARTESIAN_POINT('Ctrl Pts',(-5.9497382301184,-0.171329707085941,0.121961120071683));
#2576=CARTESIAN_POINT('Ctrl Pts',(-5.94923510999127,-0.201527177633355,
0.0980906360017373));
#2577=CARTESIAN_POINT('Ctrl Pts',(-5.94820174814293,-0.233957542409786,
0.0778214118072713));
#2578=CARTESIAN_POINT('Ctrl Pts',(-5.94748772253779,-0.256366063559941,
0.0638159159644058));
#2579=CARTESIAN_POINT('Ctrl Pts',(-5.9465205702791,-0.279841932670791,0.0515302692636975));
#2580=CARTESIAN_POINT('Ctrl Pts',(-5.94525624898015,-0.304102077107528,
0.0411009775818781));
#2581=CARTESIAN_POINT('Ctrl Pts',(-5.94364796700284,-0.334962233538441,
0.0278343800311571));
#2582=CARTESIAN_POINT('Ctrl Pts',(-5.94155553005969,-0.367148353367304,
0.017551546179961));
#2583=CARTESIAN_POINT('Ctrl Pts',(-5.9388730545272,-0.400015397409823,0.0105928040178312));
#2584=CARTESIAN_POINT('Ctrl Pts',(-5.93721118182839,-0.420377500446016,
0.00628165803450887));
#2585=CARTESIAN_POINT('Ctrl Pts',(-5.93532290255609,-0.44100051678071,0.00324586977520519));
#2586=CARTESIAN_POINT('Ctrl Pts',(-5.93318397031718,-0.461728785162835,
0.00156061953549386));
#2587=CARTESIAN_POINT('Ctrl Pts',(-5.93187039178275,-0.474458598621743,
0.000525659895468962));
#2588=CARTESIAN_POINT('Ctrl Pts',(-5.93046198703649,-0.487230638003161,
4.15214074316182E-15));
#2589=CARTESIAN_POINT('Ctrl Pts',(-5.92895437661653,-0.499999999999822,
-7.28583859910259E-16));
#2590=CARTESIAN_POINT('',(-5.74999171250305,-0.00976248668472088,2.15175061419544E-12));
#2591=CARTESIAN_POINT('Ctrl Pts',(-5.74999171250304,-0.00976248668896471,
3.934246161503E-17));
#2592=CARTESIAN_POINT('Ctrl Pts',(-5.74992670353923,-0.048052014251962,
4.3593459252255E-17));
#2593=CARTESIAN_POINT('Ctrl Pts',(-5.7551340501747,-0.0863832936520083,
2.10877798747656E-16));
#2594=CARTESIAN_POINT('Ctrl Pts',(-5.79302039750005,-0.250594553067957,
1.98972976770487E-16));
#2595=CARTESIAN_POINT('Ctrl Pts',(-5.86299754185641,-0.372717807554873,
3.81708011475076E-16));
#2596=CARTESIAN_POINT('Ctrl Pts',(-5.92816611884155,-0.498477391222552,
3.8163874548664E-16));
#2597=CARTESIAN_POINT('Ctrl Pts',(-5.92856034871417,-0.49923863995972,-7.28255877278353E-16));
#2598=CARTESIAN_POINT('Ctrl Pts',(-5.9289543766165,-0.5,-7.28583859910259E-16));
#2599=CARTESIAN_POINT('Ctrl Pts',(-5.74990382547548,-0.0100272775137666,
0.000387992709344966));
#2600=CARTESIAN_POINT('Ctrl Pts',(-5.75001506176637,0.00970277146622915,
0.0201246881397636));
#2601=CARTESIAN_POINT('Ctrl Pts',(-5.75007504847956,0.130572216824694,0.156923615788534));
#2602=CARTESIAN_POINT('Ctrl Pts',(-5.74675072376398,0.193277310924371,0.342843994066441));
#2603=CARTESIAN_POINT('Ctrl Pts',(-5.74675072376398,0.193277310924371,0.5));
#2604=CARTESIAN_POINT('Origin',(-5.94663770546012,0.200000000000001,0.));
#2605=CARTESIAN_POINT('',(-5.74675072376398,0.193277310924371,1.1));
#2606=CARTESIAN_POINT('',(-5.94663770546012,0.,1.1));
#2607=CARTESIAN_POINT('Origin',(-5.94663770546012,0.200000000000001,1.1));
#2608=CARTESIAN_POINT('',(-5.94663770546012,0.,0.));
#2609=CARTESIAN_POINT('',(-5.74675072376398,0.193277310924371,0.));
#2610=CARTESIAN_POINT('Ctrl Pts',(-5.74675072376398,0.193277310924371,1.1));
#2611=CARTESIAN_POINT('Ctrl Pts',(-5.74675072376398,0.193277310924371,1.17861776417281));
#2612=CARTESIAN_POINT('Ctrl Pts',(-5.74511092410059,0.256399613625576,1.33511987284038));
#2613=CARTESIAN_POINT('Ctrl Pts',(-5.7360462589362,0.407486857210932,1.4));
#2614=CARTESIAN_POINT('Ctrl Pts',(-5.72966179252855,0.483193277310923,1.4));
#2615=CARTESIAN_POINT('Ctrl Pts',(-5.74847305042889,0.142067047491157,1.1));
#2616=CARTESIAN_POINT('Ctrl Pts',(-5.74847305042889,0.142067047491157,1.19207299496621));
#2617=CARTESIAN_POINT('Ctrl Pts',(-5.74720347703421,0.21654193089668,1.37511423082484));
#2618=CARTESIAN_POINT('Ctrl Pts',(-5.73721637946384,0.393895894673939,1.45162191260797));
#2619=CARTESIAN_POINT('Ctrl Pts',(-5.72966179252855,0.483193277310923,1.45235987755983));
#2620=CARTESIAN_POINT('Ctrl Pts',(-5.79326859387045,0.0413859927248619,
1.1));
#2621=CARTESIAN_POINT('Ctrl Pts',(-5.79326859387045,0.0413859927248619,
1.2187775187229));
#2622=CARTESIAN_POINT('Ctrl Pts',(-5.79224364605838,0.139007753658539,1.45474860484689));
#2623=CARTESIAN_POINT('Ctrl Pts',(-5.78139595642608,0.369877889250304,1.55453784669584));
#2624=CARTESIAN_POINT('Ctrl Pts',(-5.77282076217848,0.486832955313856,1.5566878317651));
#2625=CARTESIAN_POINT('Ctrl Pts',(-5.8953984871792,-3.77750407690533E-16,
1.1));
#2626=CARTESIAN_POINT('Ctrl Pts',(-5.8953984871792,-3.77750407690533E-16,
1.23067753124772));
#2627=CARTESIAN_POINT('Ctrl Pts',(-5.89393948259955,0.108102705822783,1.49027597157725));
#2628=CARTESIAN_POINT('Ctrl Pts',(-5.88406335732497,0.365677303505595,1.59882526047508));
#2629=CARTESIAN_POINT('Ctrl Pts',(-5.87677970010937,0.49560001028909,1.6));
#2630=CARTESIAN_POINT('Ctrl Pts',(-5.94663770546012,-3.81639164714898E-16,
1.1));
#2631=CARTESIAN_POINT('Ctrl Pts',(-5.94663770546012,-3.81639164714898E-16,
1.23102960695468));
#2632=CARTESIAN_POINT('Ctrl Pts',(-5.9449408692867,0.108863101760052,1.49186645473396));
#2633=CARTESIAN_POINT('Ctrl Pts',(-5.93556091142094,0.36943385518987,1.6));
#2634=CARTESIAN_POINT('Ctrl Pts',(-5.92895437661651,0.5,1.6));
#2635=CARTESIAN_POINT('',(-5.72966179252855,0.483193277310923,1.4));
#2636=CARTESIAN_POINT('',(-5.92895437661651,0.5,1.6));
#2637=CARTESIAN_POINT('Origin',(-5.92895437661651,0.5,1.4));
#2638=CARTESIAN_POINT('Ctrl Pts',(-5.92895437661651,0.5,1.6));
#2639=CARTESIAN_POINT('Ctrl Pts',(-5.93556091142094,0.36943385518987,1.6));
#2640=CARTESIAN_POINT('Ctrl Pts',(-5.9449408692867,0.108863101760052,1.49186645473396));
#2641=CARTESIAN_POINT('Ctrl Pts',(-5.94663770546012,-3.81639164714898E-16,
1.23102960695468));
#2642=CARTESIAN_POINT('Ctrl Pts',(-5.94663770546012,-3.81639164714898E-16,
1.1));
#2643=CARTESIAN_POINT('Ctrl Pts',(-5.74675072376398,0.193277310924371,1.1));
#2644=CARTESIAN_POINT('Ctrl Pts',(-5.74675072376398,0.193277310924371,1.17861776417281));
#2645=CARTESIAN_POINT('Ctrl Pts',(-5.74511092410059,0.256399613625576,1.33511987284038));
#2646=CARTESIAN_POINT('Ctrl Pts',(-5.7360462589362,0.407486857210932,1.4));
#2647=CARTESIAN_POINT('Ctrl Pts',(-5.72966179252855,0.483193277310923,1.4));
#2648=CARTESIAN_POINT('Origin',(0.,0.,1.4));
#2649=CARTESIAN_POINT('',(-0.483193277310924,5.72966179252855,1.4));
#2650=CARTESIAN_POINT('',(-0.5,5.92895437661651,1.6));
#2651=CARTESIAN_POINT('Origin',(-0.5,5.9289543766165,1.4));
#2652=CARTESIAN_POINT('Origin',(0.,0.,1.6));
#2653=CARTESIAN_POINT('Origin',(0.,0.,1.4));
#2654=CARTESIAN_POINT('Ctrl Pts',(-0.483193277310925,5.72966179252855,1.4));
#2655=CARTESIAN_POINT('Ctrl Pts',(-0.407486884850077,5.73604625660534,1.4));
#2656=CARTESIAN_POINT('Ctrl Pts',(-0.256393552627485,5.74511116862146,1.33511386301771));
#2657=CARTESIAN_POINT('Ctrl Pts',(-0.19327731092437,5.74675072376398,1.17861773547078));
#2658=CARTESIAN_POINT('Ctrl Pts',(-0.19327731092437,5.74675072376398,1.1));
#2659=CARTESIAN_POINT('Ctrl Pts',(-0.483193277310925,5.72966179252855,1.45235987755983));
#2660=CARTESIAN_POINT('Ctrl Pts',(-0.393895927274917,5.73721637670578,1.45162191287739));
#2661=CARTESIAN_POINT('Ctrl Pts',(-0.216534805732958,5.74720371739158,1.37510720010336));
#2662=CARTESIAN_POINT('Ctrl Pts',(-0.142067047491156,5.74847305042889,1.1920729613519));
#2663=CARTESIAN_POINT('Ctrl Pts',(-0.142067047491156,5.74847305042889,1.1));
#2664=CARTESIAN_POINT('Ctrl Pts',(-0.486832955313858,5.77282076217848,1.5566878317651));
#2665=CARTESIAN_POINT('Ctrl Pts',(-0.369877931948637,5.78139595329541,1.55453784748077));
#2666=CARTESIAN_POINT('Ctrl Pts',(-0.13899847201674,5.79224388467407,1.45473954724622));
#2667=CARTESIAN_POINT('Ctrl Pts',(-0.0413859927248615,5.79326859387045,
1.21877747535922));
#2668=CARTESIAN_POINT('Ctrl Pts',(-0.0413859927248615,5.79326859387045,
1.1));
#2669=CARTESIAN_POINT('Ctrl Pts',(-0.49560001028909,5.87677970010937,1.6));
#2670=CARTESIAN_POINT('Ctrl Pts',(-0.365677350938196,5.88406335466583,1.59882526090396));
#2671=CARTESIAN_POINT('Ctrl Pts',(-0.108092353525463,5.89393973071964,1.49026599437));
#2672=CARTESIAN_POINT('Ctrl Pts',(4.14389255722252E-16,5.8953984871792,
1.23067748353954));
#2673=CARTESIAN_POINT('Ctrl Pts',(4.14389255722252E-16,5.8953984871792,
1.1));
#2674=CARTESIAN_POINT('Ctrl Pts',(-0.5,5.92895437661651,1.6));
#2675=CARTESIAN_POINT('Ctrl Pts',(-0.369433902857378,5.93556090900901,1.6));
#2676=CARTESIAN_POINT('Ctrl Pts',(-0.108852648734358,5.94494112231264,1.49185643836285));
#2677=CARTESIAN_POINT('Ctrl Pts',(4.16333634234434E-16,5.94663770546012,
1.23102955911797));
#2678=CARTESIAN_POINT('Ctrl Pts',(4.16333634234434E-16,5.94663770546012,
1.1));
#2679=CARTESIAN_POINT('',(-0.19327731092437,5.74675072376398,1.1));
#2680=CARTESIAN_POINT('',(-1.38777878078145E-16,5.94663770546012,1.1));
#2681=CARTESIAN_POINT('Origin',(-0.2,5.94663770546012,1.1));
#2682=CARTESIAN_POINT('Ctrl Pts',(4.16333634234434E-16,5.94663770546012,
1.1));
#2683=CARTESIAN_POINT('Ctrl Pts',(4.16333634234434E-16,5.94663770546012,
1.23102955911797));
#2684=CARTESIAN_POINT('Ctrl Pts',(-0.108852648734358,5.94494112231264,1.49185643836285));
#2685=CARTESIAN_POINT('Ctrl Pts',(-0.369433902857378,5.93556090900901,1.6));
#2686=CARTESIAN_POINT('Ctrl Pts',(-0.5,5.92895437661651,1.6));
#2687=CARTESIAN_POINT('Ctrl Pts',(-0.483193277310925,5.72966179252855,1.4));
#2688=CARTESIAN_POINT('Ctrl Pts',(-0.407486884850077,5.73604625660534,1.4));
#2689=CARTESIAN_POINT('Ctrl Pts',(-0.256393552627485,5.74511116862146,1.33511386301771));
#2690=CARTESIAN_POINT('Ctrl Pts',(-0.19327731092437,5.74675072376398,1.17861773547078));
#2691=CARTESIAN_POINT('Ctrl Pts',(-0.19327731092437,5.74675072376398,1.1));
#2692=CARTESIAN_POINT('Origin',(-0.2,5.94663770546012,0.));
#2693=CARTESIAN_POINT('',(-0.19327731092437,5.74675072376398,0.5));
#2694=CARTESIAN_POINT('',(0.,5.94663770546012,0.5));
#2695=CARTESIAN_POINT('Origin',(-0.2,5.94663770546012,0.5));
#2696=CARTESIAN_POINT('',(0.,5.94663770546012,0.));
#2697=CARTESIAN_POINT('',(-0.19327731092437,5.74675072376398,0.));
#2698=CARTESIAN_POINT('Ctrl Pts',(-0.19327731092437,5.74675072376398,0.5));
#2699=CARTESIAN_POINT('Ctrl Pts',(-0.19327731092437,5.74675072376398,0.342843994066441));
#2700=CARTESIAN_POINT('Ctrl Pts',(-0.069412580945233,5.7533174403788,-0.024414484429815));
#2701=CARTESIAN_POINT('Ctrl Pts',(0.281410705828468,5.7466785005908,-0.2));
#2702=CARTESIAN_POINT('Ctrl Pts',(0.483193277310924,5.72966179252855,-0.2));
#2703=CARTESIAN_POINT('Ctrl Pts',(-0.142067047491156,5.74847305042889,0.5));
#2704=CARTESIAN_POINT('Ctrl Pts',(-0.142067047491156,5.74847305042889,0.35437121614979));
#2705=CARTESIAN_POINT('Ctrl Pts',(-0.0260533651772467,5.75324825376913,
0.0144755918737497));
#2706=CARTESIAN_POINT('Ctrl Pts',(0.296956390120938,5.74534012427796,-0.146797156760829));
#2707=CARTESIAN_POINT('Ctrl Pts',(0.483193277310924,5.72966179252855,-0.14764012244017));
#2708=CARTESIAN_POINT('Ctrl Pts',(-0.0413733371646151,5.79325635679212,
0.5));
#2709=CARTESIAN_POINT('Ctrl Pts',(-0.0413733371646151,5.79325635679212,
0.377249231451056));
#2710=CARTESIAN_POINT('Ctrl Pts',(0.059552461320317,5.79658111793093,0.0918128507903526));
#2711=CARTESIAN_POINT('Ctrl Pts',(0.329984019678748,5.78750565333318,-0.0408427549502419));
#2712=CARTESIAN_POINT('Ctrl Pts',(0.486831819231203,5.77280729061403,-0.0432986488513188));
#2713=CARTESIAN_POINT('Ctrl Pts',(5.17083822486444E-16,5.8953984871792,
0.5));
#2714=CARTESIAN_POINT('Ctrl Pts',(5.17083822486444E-16,5.8953984871792,
0.387444083495926));
#2715=CARTESIAN_POINT('Ctrl Pts',(0.0930865536755041,5.90101155551299,0.124993159184068));
#2716=CARTESIAN_POINT('Ctrl Pts',(0.348350589454997,5.89339310134704,0.00134188635812045));
#2717=CARTESIAN_POINT('Ctrl Pts',(0.49560001028909,5.87677970010937,-8.01178916772201E-16));
#2718=CARTESIAN_POINT('Ctrl Pts',(5.20417042793042E-16,5.94663770546012,
0.5));
#2719=CARTESIAN_POINT('Ctrl Pts',(5.20417042793042E-16,5.94663770546012,
0.387745710047458));
#2720=CARTESIAN_POINT('Ctrl Pts',(0.0915521917237101,5.95343282960937,0.125418225407274));
#2721=CARTESIAN_POINT('Ctrl Pts',(0.350856360208619,5.94656297017656,-7.1229162288037E-16));
#2722=CARTESIAN_POINT('Ctrl Pts',(0.5,5.9289543766165,-7.97972798949331E-16));
#2723=CARTESIAN_POINT('',(0.00976248617509243,5.74999171250391,2.60501597940635E-10));
#2724=CARTESIAN_POINT('',(0.499999999999931,5.92895437661652,0.));
#2725=CARTESIAN_POINT('Ctrl Pts',(0.5,5.9289543766165,-7.97972798949331E-16));
#2726=CARTESIAN_POINT('Ctrl Pts',(0.49923863995211,5.92856034871023,-7.97588063988276E-16));
#2727=CARTESIAN_POINT('Ctrl Pts',(0.498477391230151,5.92816611884549,4.51027684525709E-16));
#2728=CARTESIAN_POINT('Ctrl Pts',(0.391208711381086,5.8725795224447,4.51086766075768E-16));
#2729=CARTESIAN_POINT('Ctrl Pts',(0.288566130346677,5.81452266512858,-1.63666298467929E-16));
#2730=CARTESIAN_POINT('Ctrl Pts',(0.13290583081795,5.76406585834264,-1.52624758998328E-16));
#2731=CARTESIAN_POINT('Ctrl Pts',(0.0727094658540258,5.7498848394714,9.51196544880554E-17));
#2732=CARTESIAN_POINT('Ctrl Pts',(0.00976248668896603,5.74999171250304,
9.51196544880554E-17));
#2733=CARTESIAN_POINT('Ctrl Pts',(0.499999999999931,5.92895437661651,-7.42461647718073E-16));
#2734=CARTESIAN_POINT('Ctrl Pts',(0.497258429416465,5.92927805922335,-3.36051269669768E-16));
#2735=CARTESIAN_POINT('Ctrl Pts',(0.49451657534855,5.92959719034647,2.42173078096537E-5));
#2736=CARTESIAN_POINT('Ctrl Pts',(0.491774898814466,5.92991180711418,7.25121918981678E-5));
#2737=CARTESIAN_POINT('Ctrl Pts',(0.45403744779551,5.93424230880308,0.000737260859401267));
#2738=CARTESIAN_POINT('Ctrl Pts',(0.416399246091275,5.93770923341352,0.00596696343991885));
#2739=CARTESIAN_POINT('Ctrl Pts',(0.379790664041405,5.94045704393695,0.0153146380144204));
#2740=CARTESIAN_POINT('Ctrl Pts',(0.353940268598073,5.94239735368557,0.0219153056911217));
#2741=CARTESIAN_POINT('Ctrl Pts',(0.328603425568837,5.94397935729497,0.0305679937256925));
#2742=CARTESIAN_POINT('Ctrl Pts',(0.304102077107528,5.94525624898015,0.0411009775818778));
#2743=CARTESIAN_POINT('Ctrl Pts',(0.268991980892763,5.94708601724753,0.0561945989473807));
#2744=CARTESIAN_POINT('Ctrl Pts',(0.235523086082362,5.9482935487692,0.0751747536961737));
#2745=CARTESIAN_POINT('Ctrl Pts',(0.204558575255882,5.94901170434659,0.0976332619632733));
#2746=CARTESIAN_POINT('Ctrl Pts',(0.183162920271972,5.94950793078611,0.113151494982644));
#2747=CARTESIAN_POINT('Ctrl Pts',(0.162963411166774,5.9497703706228,0.130331329543164));
#2748=CARTESIAN_POINT('Ctrl Pts',(0.144256641629753,5.94984223576053,0.149046849657735));
#2749=CARTESIAN_POINT('Ctrl Pts',(0.13190760329097,5.94988967662622,0.161401664580093));
#2750=CARTESIAN_POINT('Ctrl Pts',(0.120220301208903,5.94985528828544,0.174415490910059));
#2751=CARTESIAN_POINT('Ctrl Pts',(0.109285891774348,5.94975987639694,0.188039895394112));
#2752=CARTESIAN_POINT('Ctrl Pts',(0.086706637701701,5.94956285347723,0.216173915093593));
#2753=CARTESIAN_POINT('Ctrl Pts',(0.0673409262904683,5.94910579413503,0.246912553100403));
#2754=CARTESIAN_POINT('Ctrl Pts',(0.0514785127108096,5.94862317539604,0.279341989808671));
#2755=CARTESIAN_POINT('Ctrl Pts',(0.0464988507183953,5.94847166767123,0.289522510736372));
#2756=CARTESIAN_POINT('Ctrl Pts',(0.0418640793011985,5.94831762301864,0.299869536415039));
#2757=CARTESIAN_POINT('Ctrl Pts',(0.0375821207274949,5.94816822096061,0.310354591542989));
#2758=CARTESIAN_POINT('Ctrl Pts',(0.0224941913985387,5.94764178716769,0.347299781006578));
#2759=CARTESIAN_POINT('Ctrl Pts',(0.011748543431371,5.94718434474384,0.386039884226081));
#2760=CARTESIAN_POINT('Ctrl Pts',(0.00570865885443567,5.94690957685634,
0.425493245831055));
#2761=CARTESIAN_POINT('Ctrl Pts',(0.00193586283097533,5.9467379439087,0.450137671379154));
#2762=CARTESIAN_POINT('Ctrl Pts',(5.20417042793042E-16,5.94663770546012,
0.475060860337194));
#2763=CARTESIAN_POINT('Ctrl Pts',(5.20417042793042E-16,5.94663770546012,
0.5));
#2764=CARTESIAN_POINT('Ctrl Pts',(-0.19327731092437,5.74675072376398,0.5));
#2765=CARTESIAN_POINT('Ctrl Pts',(-0.19327731092437,5.74675072376398,0.342843994066441));
#2766=CARTESIAN_POINT('Ctrl Pts',(-0.130572216886752,5.75007504847627,0.15692361597254));
#2767=CARTESIAN_POINT('Ctrl Pts',(-0.00970277170547883,5.75001506176649,
0.0201246884105448));
#2768=CARTESIAN_POINT('Ctrl Pts',(0.0100272771319337,5.74990382547764,0.000387993091306971));
#2769=CARTESIAN_POINT('Origin',(0.,0.,0.));
#2770=CARTESIAN_POINT('Origin',(0.,0.,0.));
#2771=CARTESIAN_POINT('Ctrl Pts',(5.72966179252855,0.483193277310924,-0.2));
#2772=CARTESIAN_POINT('Ctrl Pts',(5.7466785005908,0.281410705828468,-0.2));
#2773=CARTESIAN_POINT('Ctrl Pts',(5.7533174403788,-0.0694125809452339,-0.0244144844298135));
#2774=CARTESIAN_POINT('Ctrl Pts',(5.74675072376398,-0.19327731092437,0.342843994066443));
#2775=CARTESIAN_POINT('Ctrl Pts',(5.74675072376398,-0.19327731092437,0.5));
#2776=CARTESIAN_POINT('Ctrl Pts',(5.72966179252855,0.483193277310924,-0.14764012244017));
#2777=CARTESIAN_POINT('Ctrl Pts',(5.74534012427796,0.296956390120939,-0.146797156760829));
#2778=CARTESIAN_POINT('Ctrl Pts',(5.75324825376913,-0.0260533651772473,
0.0144755918737505));
#2779=CARTESIAN_POINT('Ctrl Pts',(5.74847305042889,-0.142067047491156,0.354371216149791));
#2780=CARTESIAN_POINT('Ctrl Pts',(5.74847305042889,-0.142067047491156,0.5));
#2781=CARTESIAN_POINT('Ctrl Pts',(5.77280729061403,0.486831819231203,-0.0432986488513188));
#2782=CARTESIAN_POINT('Ctrl Pts',(5.78750565333318,0.329984019678748,-0.0408427549502419));
#2783=CARTESIAN_POINT('Ctrl Pts',(5.79658111793093,0.0595524613203169,0.0918128507903541));
#2784=CARTESIAN_POINT('Ctrl Pts',(5.79325635679212,-0.0413733371646142,
0.377249231451058));
#2785=CARTESIAN_POINT('Ctrl Pts',(5.79325635679212,-0.0413733371646141,
0.5));
#2786=CARTESIAN_POINT('Ctrl Pts',(5.87677970010937,0.49560001028909,-8.01178916772201E-16));
#2787=CARTESIAN_POINT('Ctrl Pts',(5.89339310134704,0.348350589454997,0.00134188635812039));
#2788=CARTESIAN_POINT('Ctrl Pts',(5.90101155551299,0.0930865536755043,0.124993159184068));
#2789=CARTESIAN_POINT('Ctrl Pts',(5.8953984871792,1.62051878512233E-15,
0.387444083495927));
#2790=CARTESIAN_POINT('Ctrl Pts',(5.8953984871792,1.69864016466286E-15,
0.5));
#2791=CARTESIAN_POINT('Ctrl Pts',(5.9289543766165,0.5,-7.97972798949331E-16));
#2792=CARTESIAN_POINT('Ctrl Pts',(5.94656297017656,0.350856360208619,-7.72414690955022E-16));
#2793=CARTESIAN_POINT('Ctrl Pts',(5.95343282960937,0.0915521917237102,0.125418225407275));
#2794=CARTESIAN_POINT('Ctrl Pts',(5.94663770546012,1.62213558743146E-15,
0.387745710047459));
#2795=CARTESIAN_POINT('Ctrl Pts',(5.94663770546012,1.70002900645727E-15,
0.5));
#2796=CARTESIAN_POINT('',(5.74675072376398,-0.19327731092437,0.5));
#2797=CARTESIAN_POINT('',(5.94663770546012,0.,0.5));
#2798=CARTESIAN_POINT('Origin',(5.94663770546012,-0.2,0.5));
#2799=CARTESIAN_POINT('',(5.92895437661655,0.499999999999824,0.));
#2800=CARTESIAN_POINT('Ctrl Pts',(5.94663770546012,1.7277845820729E-15,
0.5));
#2801=CARTESIAN_POINT('Ctrl Pts',(5.94663770546012,1.69405610881967E-15,
0.46007482936403));
#2802=CARTESIAN_POINT('Ctrl Pts',(5.94689431919143,0.00495856479230403,
0.420190663480171));
#2803=CARTESIAN_POINT('Ctrl Pts',(5.94729025744418,0.0144803338218308,0.381425303379044));
#2804=CARTESIAN_POINT('Ctrl Pts',(5.94753757910182,0.0204280786625387,0.357210635933879));
#2805=CARTESIAN_POINT('Ctrl Pts',(5.94783938565006,0.0281574903310897,0.333432294786952));
#2806=CARTESIAN_POINT('Ctrl Pts',(5.94816822096061,0.0375821207274955,0.31035459154299));
#2807=CARTESIAN_POINT('Ctrl Pts',(5.9486441322248,0.0512220420575787,0.276955079468047));
#2808=CARTESIAN_POINT('Ctrl Pts',(5.9491674628753,0.068445872262857,0.244956723825256));
#2809=CARTESIAN_POINT('Ctrl Pts',(5.94950467408737,0.088979579971137,0.215277668566393));
#2810=CARTESIAN_POINT('Ctrl Pts',(5.94961053426103,0.0954256938191655,0.205960570465137));
#2811=CARTESIAN_POINT('Ctrl Pts',(5.94969802530852,0.10219762284487,0.196871962966211));
#2812=CARTESIAN_POINT('Ctrl Pts',(5.94975987639694,0.109285891774348,0.188039895394113));
#2813=CARTESIAN_POINT('Ctrl Pts',(5.94985528828544,0.120220301208903,0.174415490910059));
#2814=CARTESIAN_POINT('Ctrl Pts',(5.94988967662622,0.131907603290971,0.161401664580094));
#2815=CARTESIAN_POINT('Ctrl Pts',(5.94984223576053,0.144256641629753,0.149046849657736));
#2816=CARTESIAN_POINT('Ctrl Pts',(5.9497382301184,0.171329707085905,0.121961120071719));
#2817=CARTESIAN_POINT('Ctrl Pts',(5.94923510999127,0.201527177633274,0.0980906360018011));
#2818=CARTESIAN_POINT('Ctrl Pts',(5.94820174814293,0.233957542409656,0.0778214118073525));
#2819=CARTESIAN_POINT('Ctrl Pts',(5.9474877225378,0.256366063559849,0.0638159159644535));
#2820=CARTESIAN_POINT('Ctrl Pts',(5.9465205702791,0.279841932670744,0.0515302692637179));
#2821=CARTESIAN_POINT('Ctrl Pts',(5.94525624898015,0.304102077107528,0.0411009775818784));
#2822=CARTESIAN_POINT('Ctrl Pts',(5.94364796700284,0.33496223353844,0.0278343800311573));
#2823=CARTESIAN_POINT('Ctrl Pts',(5.94155553005969,0.367148353367304,0.0175515461799611));
#2824=CARTESIAN_POINT('Ctrl Pts',(5.9388730545272,0.400015397409823,0.0105928040178312));
#2825=CARTESIAN_POINT('Ctrl Pts',(5.937211181828,0.420377500450816,0.00628165803349239));
#2826=CARTESIAN_POINT('Ctrl Pts',(5.9353229025552,0.441000516790434,0.0032458697737738));
#2827=CARTESIAN_POINT('Ctrl Pts',(5.93318397031566,0.461728785177497,0.00156061953430178));
#2828=CARTESIAN_POINT('Ctrl Pts',(5.93187039178167,0.474458598631548,0.000525659895065193));
#2829=CARTESIAN_POINT('Ctrl Pts',(5.93046198703591,0.487230638008063,4.09066524267946E-15));
#2830=CARTESIAN_POINT('Ctrl Pts',(5.92895437661653,0.499999999999822,-8.04911692853238E-16));
#2831=CARTESIAN_POINT('',(5.74999171250305,0.00976248668472079,2.1518505920235E-12));
#2832=CARTESIAN_POINT('Ctrl Pts',(5.74999171250304,0.00976248668896572,
-1.82760661854859E-17));
#2833=CARTESIAN_POINT('Ctrl Pts',(5.74992670353923,0.0480520142519658,-1.40250685482606E-17));
#2834=CARTESIAN_POINT('Ctrl Pts',(5.7551340501747,0.0863832936520164,1.32815242328699E-16));
#2835=CARTESIAN_POINT('Ctrl Pts',(5.79302039751774,0.250594553144646,1.20910420345971E-16));
#2836=CARTESIAN_POINT('Ctrl Pts',(5.86299754194938,0.372717807733798,3.81570317954818E-16));
#2837=CARTESIAN_POINT('Ctrl Pts',(5.92816611883834,0.49847739121637,3.81639583943151E-16));
#2838=CARTESIAN_POINT('Ctrl Pts',(5.92856034871737,0.499238639965912,-7.97878695805174E-16));
#2839=CARTESIAN_POINT('Ctrl Pts',(5.9289543766165,0.5,-7.97972798949331E-16));
#2840=CARTESIAN_POINT('Ctrl Pts',(5.74990382547549,0.0100272775137682,0.000387992709344435));
#2841=CARTESIAN_POINT('Ctrl Pts',(5.75001506176637,-0.0097027714662279,
0.0201246881397633));
#2842=CARTESIAN_POINT('Ctrl Pts',(5.75007504847956,-0.130572216824693,0.156923615788534));
#2843=CARTESIAN_POINT('Ctrl Pts',(5.74675072376398,-0.19327731092437,0.342843994066443));
#2844=CARTESIAN_POINT('Ctrl Pts',(5.74675072376398,-0.19327731092437,0.5));
#2845=CARTESIAN_POINT('Origin',(5.94663770546012,-0.2,0.));
#2846=CARTESIAN_POINT('',(5.74675072376398,-0.19327731092437,1.1));
#2847=CARTESIAN_POINT('',(5.94663770546012,0.,1.1));
#2848=CARTESIAN_POINT('Origin',(5.94663770546012,-0.2,1.1));
#2849=CARTESIAN_POINT('',(5.94663770546012,0.,0.));
#2850=CARTESIAN_POINT('',(5.74675072376398,-0.19327731092437,0.));
#2851=CARTESIAN_POINT('Ctrl Pts',(5.74675072376398,-0.19327731092437,1.1));
#2852=CARTESIAN_POINT('Ctrl Pts',(5.74675072376398,-0.19327731092437,1.17861776417281));
#2853=CARTESIAN_POINT('Ctrl Pts',(5.74511092410059,-0.256399613625577,1.33511987284038));
#2854=CARTESIAN_POINT('Ctrl Pts',(5.7360462589362,-0.407486857210933,1.4));
#2855=CARTESIAN_POINT('Ctrl Pts',(5.72966179252855,-0.483193277310924,1.4));
#2856=CARTESIAN_POINT('Ctrl Pts',(5.74847305042889,-0.142067047491156,1.1));
#2857=CARTESIAN_POINT('Ctrl Pts',(5.74847305042889,-0.142067047491156,1.19207299496621));
#2858=CARTESIAN_POINT('Ctrl Pts',(5.74720347703421,-0.21654193089668,1.37511423082484));
#2859=CARTESIAN_POINT('Ctrl Pts',(5.73721637946383,-0.393895894673941,1.45162191260797));
#2860=CARTESIAN_POINT('Ctrl Pts',(5.72966179252855,-0.483193277310924,1.45235987755983));
#2861=CARTESIAN_POINT('Ctrl Pts',(5.79326859387045,-0.0413859927248616,
1.1));
#2862=CARTESIAN_POINT('Ctrl Pts',(5.79326859387045,-0.0413859927248616,
1.2187775187229));
#2863=CARTESIAN_POINT('Ctrl Pts',(5.79224364605839,-0.139007753658539,1.45474860484689));
#2864=CARTESIAN_POINT('Ctrl Pts',(5.78139595642607,-0.369877889250305,1.55453784669584));
#2865=CARTESIAN_POINT('Ctrl Pts',(5.77282076217848,-0.486832955313857,1.5566878317651));
#2866=CARTESIAN_POINT('Ctrl Pts',(5.8953984871792,3.80805859638248E-16,
1.1));
#2867=CARTESIAN_POINT('Ctrl Pts',(5.8953984871792,3.80805859638248E-16,
1.23067753124772));
#2868=CARTESIAN_POINT('Ctrl Pts',(5.89393948259956,-0.108102705822783,1.49027597157725));
#2869=CARTESIAN_POINT('Ctrl Pts',(5.88406335732497,-0.365677303505596,1.59882526047508));
#2870=CARTESIAN_POINT('Ctrl Pts',(5.87677970010937,-0.49560001028909,1.6));
#2871=CARTESIAN_POINT('Ctrl Pts',(5.94663770546012,3.81639164714898E-16,
1.1));
#2872=CARTESIAN_POINT('Ctrl Pts',(5.94663770546012,3.81639164714898E-16,
1.23102960695468));
#2873=CARTESIAN_POINT('Ctrl Pts',(5.9449408692867,-0.108863101760052,1.49186645473396));
#2874=CARTESIAN_POINT('Ctrl Pts',(5.93556091142094,-0.36943385518987,1.6));
#2875=CARTESIAN_POINT('Ctrl Pts',(5.92895437661651,-0.5,1.6));
#2876=CARTESIAN_POINT('',(5.72966179252855,-0.483193277310924,1.4));
#2877=CARTESIAN_POINT('',(5.92895437661651,-0.5,1.6));
#2878=CARTESIAN_POINT('Origin',(5.92895437661651,-0.5,1.4));
#2879=CARTESIAN_POINT('Ctrl Pts',(5.92895437661651,-0.5,1.6));
#2880=CARTESIAN_POINT('Ctrl Pts',(5.93556091142094,-0.36943385518987,1.6));
#2881=CARTESIAN_POINT('Ctrl Pts',(5.9449408692867,-0.108863101760052,1.49186645473396));
#2882=CARTESIAN_POINT('Ctrl Pts',(5.94663770546012,3.81639164714898E-16,
1.23102960695468));
#2883=CARTESIAN_POINT('Ctrl Pts',(5.94663770546012,3.81639164714898E-16,
1.1));
#2884=CARTESIAN_POINT('Ctrl Pts',(5.74675072376398,-0.19327731092437,1.1));
#2885=CARTESIAN_POINT('Ctrl Pts',(5.74675072376398,-0.19327731092437,1.17861776417281));
#2886=CARTESIAN_POINT('Ctrl Pts',(5.74511092410059,-0.256399613625577,1.33511987284038));
#2887=CARTESIAN_POINT('Ctrl Pts',(5.7360462589362,-0.407486857210933,1.4));
#2888=CARTESIAN_POINT('Ctrl Pts',(5.72966179252855,-0.483193277310924,1.4));
#2889=CARTESIAN_POINT('Origin',(0.,0.,1.4));
#2890=CARTESIAN_POINT('',(0.483193277310925,-5.72966179252855,1.4));
#2891=CARTESIAN_POINT('',(0.5,-5.92895437661651,1.6));
#2892=CARTESIAN_POINT('Origin',(0.5,-5.92895437661651,1.4));
#2893=CARTESIAN_POINT('Origin',(0.,0.,1.6));
#2894=CARTESIAN_POINT('Origin',(0.,0.,1.4));
#2895=CARTESIAN_POINT('Ctrl Pts',(0.483193277310924,-5.72966179252855,1.4));
#2896=CARTESIAN_POINT('Ctrl Pts',(0.407486884850076,-5.73604625660534,1.4));
#2897=CARTESIAN_POINT('Ctrl Pts',(0.256393552627489,-5.74511116862146,1.33511386301771));
#2898=CARTESIAN_POINT('Ctrl Pts',(0.19327731092437,-5.74675072376398,1.17861773547078));
#2899=CARTESIAN_POINT('Ctrl Pts',(0.19327731092437,-5.74675072376398,1.1));
#2900=CARTESIAN_POINT('Ctrl Pts',(0.483193277310924,-5.72966179252855,1.45235987755983));
#2901=CARTESIAN_POINT('Ctrl Pts',(0.393895927274917,-5.73721637670578,1.45162191287739));
#2902=CARTESIAN_POINT('Ctrl Pts',(0.216534805732962,-5.74720371739158,1.37510720010336));
#2903=CARTESIAN_POINT('Ctrl Pts',(0.142067047491157,-5.74847305042889,1.1920729613519));
#2904=CARTESIAN_POINT('Ctrl Pts',(0.142067047491157,-5.74847305042889,1.1));
#2905=CARTESIAN_POINT('Ctrl Pts',(0.486832955313857,-5.77282076217848,1.5566878317651));
#2906=CARTESIAN_POINT('Ctrl Pts',(0.369877931948636,-5.78139595329541,1.55453784748077));
#2907=CARTESIAN_POINT('Ctrl Pts',(0.138998472016747,-5.79224388467406,1.45473954724622));
#2908=CARTESIAN_POINT('Ctrl Pts',(0.0413859927248617,-5.79326859387045,
1.21877747535922));
#2909=CARTESIAN_POINT('Ctrl Pts',(0.0413859927248617,-5.79326859387045,
1.1));
#2910=CARTESIAN_POINT('Ctrl Pts',(0.49560001028909,-5.87677970010937,1.6));
#2911=CARTESIAN_POINT('Ctrl Pts',(0.365677350938196,-5.88406335466583,1.59882526090396));
#2912=CARTESIAN_POINT('Ctrl Pts',(0.108092353525469,-5.89393973071963,1.49026599437001));
#2913=CARTESIAN_POINT('Ctrl Pts',(-3.51944525655258E-16,-5.8953984871792,
1.23067748353954));
#2914=CARTESIAN_POINT('Ctrl Pts',(-3.51944525655258E-16,-5.8953984871792,
1.1));
#2915=CARTESIAN_POINT('Ctrl Pts',(0.5,-5.92895437661651,1.6));
#2916=CARTESIAN_POINT('Ctrl Pts',(0.369433902857378,-5.93556090900901,1.6));
#2917=CARTESIAN_POINT('Ctrl Pts',(0.108852648734365,-5.94494112231264,1.49185643836285));
#2918=CARTESIAN_POINT('Ctrl Pts',(-3.46944695195361E-16,-5.94663770546012,
1.23102955911797));
#2919=CARTESIAN_POINT('Ctrl Pts',(-3.46944695195361E-16,-5.94663770546012,
1.1));
#2920=CARTESIAN_POINT('',(0.19327731092437,-5.74675072376398,1.1));
#2921=CARTESIAN_POINT('',(1.38777878078145E-16,-5.94663770546012,1.1));
#2922=CARTESIAN_POINT('Origin',(0.2,-5.94663770546012,1.1));
#2923=CARTESIAN_POINT('Ctrl Pts',(-3.46944695195361E-16,-5.94663770546012,
1.1));
#2924=CARTESIAN_POINT('Ctrl Pts',(-3.46944695195361E-16,-5.94663770546012,
1.23102955911797));
#2925=CARTESIAN_POINT('Ctrl Pts',(0.108852648734365,-5.94494112231264,1.49185643836285));
#2926=CARTESIAN_POINT('Ctrl Pts',(0.369433902857378,-5.93556090900901,1.6));
#2927=CARTESIAN_POINT('Ctrl Pts',(0.5,-5.92895437661651,1.6));
#2928=CARTESIAN_POINT('Ctrl Pts',(0.483193277310924,-5.72966179252855,1.4));
#2929=CARTESIAN_POINT('Ctrl Pts',(0.407486884850076,-5.73604625660534,1.4));
#2930=CARTESIAN_POINT('Ctrl Pts',(0.256393552627489,-5.74511116862146,1.33511386301771));
#2931=CARTESIAN_POINT('Ctrl Pts',(0.19327731092437,-5.74675072376398,1.17861773547078));
#2932=CARTESIAN_POINT('Ctrl Pts',(0.19327731092437,-5.74675072376398,1.1));
#2933=CARTESIAN_POINT('Origin',(0.199999999999999,-5.94663770546012,0.));
#2934=CARTESIAN_POINT('',(0.193277310924369,-5.74675072376398,0.5));
#2935=CARTESIAN_POINT('',(0.,-5.94663770546012,0.5));
#2936=CARTESIAN_POINT('Origin',(0.199999999999999,-5.94663770546012,0.5));
#2937=CARTESIAN_POINT('',(0.,-5.94663770546012,0.));
#2938=CARTESIAN_POINT('',(0.193277310924369,-5.74675072376398,0.));
#2939=CARTESIAN_POINT('Ctrl Pts',(0.193277310924369,-5.74675072376398,0.5));
#2940=CARTESIAN_POINT('Ctrl Pts',(0.193277310924369,-5.74675072376398,0.342843994066441));
#2941=CARTESIAN_POINT('Ctrl Pts',(0.0694125809452329,-5.7533174403788,-0.0244144844298145));
#2942=CARTESIAN_POINT('Ctrl Pts',(-0.281410705828468,-5.7466785005908,-0.2));
#2943=CARTESIAN_POINT('Ctrl Pts',(-0.483193277310925,-5.72966179252855,
-0.2));
#2944=CARTESIAN_POINT('Ctrl Pts',(0.142067047491156,-5.74847305042889,0.5));
#2945=CARTESIAN_POINT('Ctrl Pts',(0.142067047491156,-5.74847305042889,0.35437121614979));
#2946=CARTESIAN_POINT('Ctrl Pts',(0.0260533651772465,-5.75324825376914,
0.0144755918737497));
#2947=CARTESIAN_POINT('Ctrl Pts',(-0.296956390120939,-5.74534012427796,
-0.146797156760829));
#2948=CARTESIAN_POINT('Ctrl Pts',(-0.483193277310925,-5.72966179252855,
-0.14764012244017));
#2949=CARTESIAN_POINT('Ctrl Pts',(0.0413733371646149,-5.79325635679212,
0.5));
#2950=CARTESIAN_POINT('Ctrl Pts',(0.0413733371646149,-5.79325635679212,
0.377249231451056));
#2951=CARTESIAN_POINT('Ctrl Pts',(-0.0595524613203169,-5.79658111793093,
0.0918128507903533));
#2952=CARTESIAN_POINT('Ctrl Pts',(-0.329984019678747,-5.78750565333318,
-0.040842754950242));
#2953=CARTESIAN_POINT('Ctrl Pts',(-0.486831819231204,-5.77280729061403,
-0.0432986488513188));
#2954=CARTESIAN_POINT('Ctrl Pts',(-5.92305897062063E-16,-5.8953984871792,
0.5));
#2955=CARTESIAN_POINT('Ctrl Pts',(-5.92305897062063E-16,-5.8953984871792,
0.387444083495926));
#2956=CARTESIAN_POINT('Ctrl Pts',(-0.0930865536755038,-5.90101155551299,
0.124993159184068));
#2957=CARTESIAN_POINT('Ctrl Pts',(-0.348350589454998,-5.89339310134704,
0.00134188635812034));
#2958=CARTESIAN_POINT('Ctrl Pts',(-0.49560001028909,-5.87677970010937,-8.01178916772201E-16));
#2959=CARTESIAN_POINT('Ctrl Pts',(-5.89805981832114E-16,-5.94663770546012,
0.5));
#2960=CARTESIAN_POINT('Ctrl Pts',(-5.89805981832114E-16,-5.94663770546012,
0.387745710047458));
#2961=CARTESIAN_POINT('Ctrl Pts',(-0.09155219172371,-5.95343282960937,0.125418225407275));
#2962=CARTESIAN_POINT('Ctrl Pts',(-0.350856360208619,-5.94656297017656,
-8.25137450063281E-16));
#2963=CARTESIAN_POINT('Ctrl Pts',(-0.5,-5.9289543766165,-7.97972798949331E-16));
#2964=CARTESIAN_POINT('',(-0.009762486175093,-5.74999171250391,2.60501598753791E-10));
#2965=CARTESIAN_POINT('',(-0.499999999999931,-5.92895437661652,0.));
#2966=CARTESIAN_POINT('Ctrl Pts',(-0.5,-5.9289543766165,-7.97972798949331E-16));
#2967=CARTESIAN_POINT('Ctrl Pts',(-0.499238640199877,-5.92856034883846,
-7.98133554853862E-16));
#2968=CARTESIAN_POINT('Ctrl Pts',(-0.498477390982728,-5.92816611871706,
2.77555336928164E-16));
#2969=CARTESIAN_POINT('Ctrl Pts',(-0.391208717663248,-5.87257952570764,
2.77614418474621E-16));
#2970=CARTESIAN_POINT('Ctrl Pts',(-0.288566132927473,-5.81452266596513,
1.56125112837913E-16));
#2971=CARTESIAN_POINT('Ctrl Pts',(-0.132905830817974,-5.76406585834264,
1.56125112837913E-16));
#2972=CARTESIAN_POINT('Ctrl Pts',(-0.0727094658540431,-5.7498848394714,
9.51900488259338E-17));
#2973=CARTESIAN_POINT('Ctrl Pts',(-0.00976248668896494,-5.74999171250304,
1.01371825924691E-16));
#2974=CARTESIAN_POINT('Ctrl Pts',(-0.49999999999993,-5.92895437661651,-7.91033905045424E-16));
#2975=CARTESIAN_POINT('Ctrl Pts',(-0.487300513014905,-5.93045373726678,
1.12371413086141E-15));
#2976=CARTESIAN_POINT('Ctrl Pts',(-0.47459835013664,-5.93185497847186,0.000519921698360005));
#2977=CARTESIAN_POINT('Ctrl Pts',(-0.461937764517316,-5.93316239779344,
0.00154367512479318));
#2978=CARTESIAN_POINT('Ctrl Pts',(-0.424236406451977,-5.93705569984647,
0.0045922619485863));
#2979=CARTESIAN_POINT('Ctrl Pts',(-0.386882314978553,-5.94011908973736,
0.0121121009862255));
#2980=CARTESIAN_POINT('Ctrl Pts',(-0.350808883282853,-5.94250037991263,
0.0236395635430652));
#2981=CARTESIAN_POINT('Ctrl Pts',(-0.334967287984862,-5.9435461200452,0.0287018320341436));
#2982=CARTESIAN_POINT('Ctrl Pts',(-0.319372489198362,-5.94446042901706,
0.0345363183230598));
#2983=CARTESIAN_POINT('Ctrl Pts',(-0.304102077107528,-5.94525624898015,
0.041100977581878));
#2984=CARTESIAN_POINT('Ctrl Pts',(-0.268991980892823,-5.94708601724753,
0.056194598947355));
#2985=CARTESIAN_POINT('Ctrl Pts',(-0.235523086082478,-5.94829354876919,
0.0751747536961084));
#2986=CARTESIAN_POINT('Ctrl Pts',(-0.204558575256043,-5.94901170434659,
0.0976332619631571));
#2987=CARTESIAN_POINT('Ctrl Pts',(-0.183162920272074,-5.94950793078611,
0.113151494982558));
#2988=CARTESIAN_POINT('Ctrl Pts',(-0.162963411166821,-5.9497703706228,0.130331329543117));
#2989=CARTESIAN_POINT('Ctrl Pts',(-0.144256641629752,-5.94984223576053,
0.149046849657736));
#2990=CARTESIAN_POINT('Ctrl Pts',(-0.13190760329097,-5.94988967662622,0.161401664580093));
#2991=CARTESIAN_POINT('Ctrl Pts',(-0.120220301208903,-5.94985528828544,
0.174415490910059));
#2992=CARTESIAN_POINT('Ctrl Pts',(-0.109285891774348,-5.94975987639694,
0.188039895394113));
#2993=CARTESIAN_POINT('Ctrl Pts',(-0.0867066377017075,-5.94956285347723,
0.216173915093585));
#2994=CARTESIAN_POINT('Ctrl Pts',(-0.0673409262904793,-5.94910579413503,
0.246912553100386));
#2995=CARTESIAN_POINT('Ctrl Pts',(-0.0514785127108233,-5.94862317539604,
0.279341989808643));
#2996=CARTESIAN_POINT('Ctrl Pts',(-0.0464988507184036,-5.94847166767124,
0.289522510736353));
#2997=CARTESIAN_POINT('Ctrl Pts',(-0.0418640793012025,-5.94831762301864,
0.29986953641503));
#2998=CARTESIAN_POINT('Ctrl Pts',(-0.0375821207274948,-5.94816822096061,
0.310354591542989));
#2999=CARTESIAN_POINT('Ctrl Pts',(-0.0224941913985713,-5.94764178716769,
0.347299781006498));
#3000=CARTESIAN_POINT('Ctrl Pts',(-0.0117485434314175,-5.94718434474384,
0.386039884225914));
#3001=CARTESIAN_POINT('Ctrl Pts',(-0.00570865885447489,-5.94690957685634,
0.4254932458308));
#3002=CARTESIAN_POINT('Ctrl Pts',(-0.00193586283098873,-5.9467379439087,
0.450137671378982));
#3003=CARTESIAN_POINT('Ctrl Pts',(-6.10333123176022E-16,-5.94663770546012,
0.475060860337107));
#3004=CARTESIAN_POINT('Ctrl Pts',(-5.89805981832114E-16,-5.94663770546012,
0.5));
#3005=CARTESIAN_POINT('Ctrl Pts',(0.193277310924369,-5.74675072376398,0.5));
#3006=CARTESIAN_POINT('Ctrl Pts',(0.193277310924369,-5.74675072376398,0.342843994066441));
#3007=CARTESIAN_POINT('Ctrl Pts',(0.130572216886752,-5.75007504847627,0.15692361597254));
#3008=CARTESIAN_POINT('Ctrl Pts',(0.00970277170547869,-5.75001506176649,
0.020124688410545));
#3009=CARTESIAN_POINT('Ctrl Pts',(-0.0100272771319338,-5.74990382547764,
0.000387993091307179));
#3010=CARTESIAN_POINT('Origin',(0.,0.,0.));
#3011=CARTESIAN_POINT('Origin',(0.,0.,0.));
#3012=CARTESIAN_POINT('Origin',(0.,0.,-0.9));
#3013=CARTESIAN_POINT('',(12.9,-1.57979437090009E-15,-1.));
#3014=CARTESIAN_POINT('Origin',(0.,0.,-1.));
#3015=CARTESIAN_POINT('',(13.,-1.59204083889156E-15,-0.9));
#3016=CARTESIAN_POINT('Origin',(12.9,-1.57979437090009E-15,-0.9));
#3017=CARTESIAN_POINT('',(-13.,1.59204083889156E-15,-0.9));
#3018=CARTESIAN_POINT('Origin',(0.,0.,-0.9));
#3019=CARTESIAN_POINT('Origin',(0.,0.,-0.9));
#3020=CARTESIAN_POINT('Origin',(0.,0.,0.));
#3021=CARTESIAN_POINT('',(-13.,-1.59204083889156E-15,-0.2));
#3022=CARTESIAN_POINT('',(-13.,1.59204083889156E-15,0.));
#3023=CARTESIAN_POINT('Origin',(0.,0.,-0.2));
#3024=CARTESIAN_POINT('Origin',(0.,0.,-1.));
#3025=CARTESIAN_POINT('Origin',(0.,0.,0.1));
#3026=CARTESIAN_POINT('',(-12.,1.46957615897682E-15,0.1));
#3027=CARTESIAN_POINT('',(12.,-1.46957615897682E-15,0.1));
#3028=CARTESIAN_POINT('Origin',(0.,0.,0.1));
#3029=CARTESIAN_POINT('',(12.1,-1.4818226269683E-15,0.));
#3030=CARTESIAN_POINT('Origin',(12.1,-1.4818226269683E-15,0.1));
#3031=CARTESIAN_POINT('Origin',(0.,0.,0.));
#3032=CARTESIAN_POINT('Origin',(0.,0.,0.1));
#3033=CARTESIAN_POINT('Origin',(0.,0.,0.));
#3034=CARTESIAN_POINT('',(-12.8,1.56754790290861E-15,0.));
#3035=CARTESIAN_POINT('Origin',(0.,0.,0.));
#3036=CARTESIAN_POINT('Origin',(0.,0.,0.));
#3037=CARTESIAN_POINT('',(-12.,-1.46957615897682E-15,1.9));
#3038=CARTESIAN_POINT('Origin',(0.,0.,1.9));
#3039=CARTESIAN_POINT('',(-12.,-1.46957615897682E-15,0.));
#3040=CARTESIAN_POINT('Origin',(0.,0.,-0.2));
#3041=CARTESIAN_POINT('Origin',(-12.8,-1.56754790290861E-15,-0.2));
#3042=CARTESIAN_POINT('Origin',(0.,0.,1.9));
#3043=CARTESIAN_POINT('Origin',(-11.8,-1.44508322299388E-15,1.9));
#3044=CARTESIAN_POINT('Origin',(0.,0.,1.1));
#3045=CARTESIAN_POINT('',(0.5,-6.98212002188447,1.6));
#3046=CARTESIAN_POINT('',(0.535714285714286,-7.4808428805905,1.1));
#3047=CARTESIAN_POINT('Origin',(0.5,-6.98212002188447,1.1));
#3048=CARTESIAN_POINT('',(3.51625892871702,-6.62464513360661,1.1));
#3049=CARTESIAN_POINT('Origin',(0.,0.,1.1));
#3050=CARTESIAN_POINT('',(3.28184166680256,-6.18300212469951,1.6));
#3051=CARTESIAN_POINT('Origin',(3.28184166680256,-6.18300212469951,1.1));
#3052=CARTESIAN_POINT('Origin',(0.,0.,1.6));
#3053=CARTESIAN_POINT('Origin',(3.75067619063149,-7.06628814251372,1.1));
#3054=CARTESIAN_POINT('',(4.25057217735097,-7.05608998278979,1.1));
#3055=CARTESIAN_POINT('',(4.3820097189931,-7.84179957116354,1.6));
#3056=CARTESIAN_POINT('Ctrl Pts',(4.25057217735097,-7.05608998278979,1.1));
#3057=CARTESIAN_POINT('Ctrl Pts',(4.25058673265753,-7.05680345850781,1.10077579126428));
#3058=CARTESIAN_POINT('Ctrl Pts',(4.25060156574797,-7.05751693168683,1.10155158592827));
#3059=CARTESIAN_POINT('Ctrl Pts',(4.25241588463098,-7.14318124138356,1.19469787260581));
#3060=CARTESIAN_POINT('Ctrl Pts',(4.25907585268153,-7.26698128845124,1.33418973416393));
#3061=CARTESIAN_POINT('Ctrl Pts',(4.29222410011693,-7.48586539737871,1.49339585122838));
#3062=CARTESIAN_POINT('Ctrl Pts',(4.30732800973116,-7.56536305372204,1.53822336274477));
#3063=CARTESIAN_POINT('Ctrl Pts',(4.34324923291118,-7.71299003863404,1.58812971228294));
#3064=CARTESIAN_POINT('Ctrl Pts',(4.36130237627891,-7.77739988184837,1.6));
#3065=CARTESIAN_POINT('Ctrl Pts',(4.3820097189931,-7.84179957116354,1.6));
#3066=CARTESIAN_POINT('',(4.34985586034861,-6.26567355146652,1.6));
#3067=CARTESIAN_POINT('Ctrl Pts',(4.34985586034861,-6.26567355146652,1.6));
#3068=CARTESIAN_POINT('Ctrl Pts',(4.33576489891433,-6.31652705825096,1.6));
#3069=CARTESIAN_POINT('Ctrl Pts',(4.32165544008049,-6.37223722299716,1.59269100916201));
#3070=CARTESIAN_POINT('Ctrl Pts',(4.29340202289956,-6.51597988854384,1.55150670454027));
#3071=CARTESIAN_POINT('Ctrl Pts',(4.28464492695165,-6.59178138387268,1.51320615314139));
#3072=CARTESIAN_POINT('Ctrl Pts',(4.28809055773781,-6.73726280427521,1.43749089143686));
#3073=CARTESIAN_POINT('Ctrl Pts',(4.29458402256789,-6.79278154639748,1.40898154617882));
#3074=CARTESIAN_POINT('Ctrl Pts',(4.30766192367383,-6.9059516777665,1.36805687731172));
#3075=CARTESIAN_POINT('Ctrl Pts',(4.31361641660569,-6.95970009341606,1.35534546232908));
#3076=CARTESIAN_POINT('Ctrl Pts',(4.31886455201889,-7.07245909916368,1.34741866145705));
#3077=CARTESIAN_POINT('Ctrl Pts',(4.31798746577293,-7.12684135137441,1.35210349220394));
#3078=CARTESIAN_POINT('Ctrl Pts',(4.31174309328322,-7.23756402583527,1.3778070810687));
#3079=CARTESIAN_POINT('Ctrl Pts',(4.30653661740646,-7.29106162296695,1.39854805352023));
#3080=CARTESIAN_POINT('Ctrl Pts',(4.30020517339923,-7.41896032362846,1.45960538925838));
#3081=CARTESIAN_POINT('Ctrl Pts',(4.30155479949914,-7.48333835259446,1.49701411599047));
#3082=CARTESIAN_POINT('Ctrl Pts',(4.32538048920112,-7.65187235853443,1.57343215650738));
#3083=CARTESIAN_POINT('Ctrl Pts',(4.34859150843213,-7.733816974455,1.59420996185024));
#3084=CARTESIAN_POINT('Ctrl Pts',(4.37488619355585,-7.8194037365124,1.5996450438455));
#3085=CARTESIAN_POINT('Ctrl Pts',(4.37843584666048,-7.83068485349795,1.6));
#3086=CARTESIAN_POINT('Ctrl Pts',(4.3820097189931,-7.84179957116354,1.6));
#3087=CARTESIAN_POINT('Origin',(3.75067619063149,-7.06628814251372,1.6));
#3088=CARTESIAN_POINT('Origin',(3.75067619063149,-7.06628814251372,1.1));
#3089=CARTESIAN_POINT('Origin',(0.5,-4.75000002793968,1.1));
#3090=CARTESIAN_POINT('',(0.,-6.98212002188447,1.1));
#3091=CARTESIAN_POINT('',(0.,-4.75000002793968,1.1));
#3092=CARTESIAN_POINT('Origin',(0.5,-6.98212002188447,1.1));
#3093=CARTESIAN_POINT('',(0.5,-4.75000002793968,1.6));
#3094=CARTESIAN_POINT('Origin',(0.5,-6.98212002188447,1.1));
#3095=CARTESIAN_POINT('Origin',(0.5,-6.98212002188447,1.1));
#3096=CARTESIAN_POINT('Origin',(7.00000010430813,-7.00000010430813,0.));
#3097=CARTESIAN_POINT('',(4.25057217735097,-7.05608998278979,0.5));
#3098=CARTESIAN_POINT('',(4.25057217735097,-7.05608998278979,0.));
#3099=CARTESIAN_POINT('',(4.76536884305902,-8.60278615561011,0.5));
#3100=CARTESIAN_POINT('Origin',(7.00000010430813,-7.00000010430813,0.5));
#3101=CARTESIAN_POINT('',(4.76536884305902,-8.60278615561011,1.6));
#3102=CARTESIAN_POINT('',(4.76536884305902,-8.60278615561011,0.));
#3103=CARTESIAN_POINT('Origin',(7.00000010430813,-7.00000010430813,1.6));
#3104=CARTESIAN_POINT('Origin',(3.75067619063149,-7.06628814251372,0.));
#3105=CARTESIAN_POINT('',(3.51625892871702,-6.62464513360661,0.5));
#3106=CARTESIAN_POINT('',(3.51625892871702,-6.62464513360661,0.));
#3107=CARTESIAN_POINT('Origin',(3.75067619063149,-7.06628814251372,0.5));
#3108=CARTESIAN_POINT('Origin',(0.,0.,0.));
#3109=CARTESIAN_POINT('',(0.535714285714286,-7.4808428805905,0.5));
#3110=CARTESIAN_POINT('',(0.535714285714286,-7.4808428805905,0.));
#3111=CARTESIAN_POINT('Origin',(0.,0.,0.5));
#3112=CARTESIAN_POINT('Origin',(0.5,-6.98212002188447,0.));
#3113=CARTESIAN_POINT('',(0.,-6.98212002188447,0.5));
#3114=CARTESIAN_POINT('',(0.,-6.98212002188447,0.));
#3115=CARTESIAN_POINT('Origin',(0.5,-6.98212002188447,0.5));
#3116=CARTESIAN_POINT('Origin',(0.,-5.75,0.));
#3117=CARTESIAN_POINT('',(0.,-2.875,0.5));
#3118=CARTESIAN_POINT('Origin',(5.62500008381903,-0.5,1.1));
#3119=CARTESIAN_POINT('',(6.98212002188447,-0.5,1.6));
#3120=CARTESIAN_POINT('',(5.62500008381903,-0.5,1.6));
#3121=CARTESIAN_POINT('',(6.98212002188447,0.,1.1));
#3122=CARTESIAN_POINT('Origin',(6.98212002188447,-0.5,1.1));
#3123=CARTESIAN_POINT('',(5.62500008381903,0.,1.1));
#3124=CARTESIAN_POINT('Origin',(0.,0.,1.1));
#3125=CARTESIAN_POINT('',(6.18300212469951,-3.28184166680256,1.6));
#3126=CARTESIAN_POINT('',(6.62464513360661,-3.51625892871702,1.1));
#3127=CARTESIAN_POINT('Origin',(6.18300212469951,-3.28184166680256,1.1));
#3128=CARTESIAN_POINT('',(7.4808428805905,-0.535714285714286,1.1));
#3129=CARTESIAN_POINT('Origin',(0.,0.,1.1));
#3130=CARTESIAN_POINT('Origin',(6.98212002188447,-0.5,1.1));
#3131=CARTESIAN_POINT('Origin',(0.,0.,1.6));
#3132=CARTESIAN_POINT('Origin',(7.06628814251372,-3.75067619063149,1.1));
#3133=CARTESIAN_POINT('',(6.26567355146652,-4.34985586034861,1.6));
#3134=CARTESIAN_POINT('',(7.05608998278979,-4.25057217735097,1.1));
#3135=CARTESIAN_POINT('Ctrl Pts',(7.05608998278979,-4.25057217735097,1.1));
#3136=CARTESIAN_POINT('Ctrl Pts',(7.05537650707632,-4.25055762204451,1.10077579125932));
#3137=CARTESIAN_POINT('Ctrl Pts',(7.05466302255674,-4.25054334439409,1.1015515859331));
#3138=CARTESIAN_POINT('Ctrl Pts',(6.96899602487149,-4.24886240806864,1.19469783665361));
#3139=CARTESIAN_POINT('Ctrl Pts',(6.84502734605219,-4.25046775216874,1.33418972085213));
#3140=CARTESIAN_POINT('Ctrl Pts',(6.62497341142135,-4.274661418657,1.49339585122838));
#3141=CARTESIAN_POINT('Ctrl Pts',(6.54492589853397,-4.28651051694603,1.53822336274477));
#3142=CARTESIAN_POINT('Ctrl Pts',(6.39595672552033,-4.31638101142978,1.58812971228307));
#3143=CARTESIAN_POINT('Ctrl Pts',(6.33086419040343,-4.33179223333009,1.60000000000014));
#3144=CARTESIAN_POINT('Ctrl Pts',(6.26567355146537,-4.34985586034893,1.6));
#3145=CARTESIAN_POINT('Origin',(7.06628814251372,-3.75067619063149,1.1));
#3146=CARTESIAN_POINT('Origin',(7.06628814251372,-3.75067619063149,1.6));
#3147=CARTESIAN_POINT('Origin',(6.98212002188447,-0.5,1.1));
#3148=CARTESIAN_POINT('Origin',(6.98212002188447,-0.5,1.1));
#3149=CARTESIAN_POINT('Origin',(7.50000011175871,0.,0.));
#3150=CARTESIAN_POINT('',(6.98212002188447,0.,0.5));
#3151=CARTESIAN_POINT('',(6.98212002188447,0.,0.));
#3152=CARTESIAN_POINT('',(3.75000005587935,0.,0.5));
#3153=CARTESIAN_POINT('Origin',(6.98212002188447,-0.5,0.));
#3154=CARTESIAN_POINT('',(7.4808428805905,-0.535714285714286,0.5));
#3155=CARTESIAN_POINT('',(7.4808428805905,-0.535714285714286,0.));
#3156=CARTESIAN_POINT('Origin',(6.98212002188447,-0.5,0.5));
#3157=CARTESIAN_POINT('Origin',(0.,0.,0.));
#3158=CARTESIAN_POINT('',(6.62464513360661,-3.51625892871702,0.5));
#3159=CARTESIAN_POINT('',(6.62464513360661,-3.51625892871702,0.));
#3160=CARTESIAN_POINT('Origin',(0.,0.,0.5));
#3161=CARTESIAN_POINT('Origin',(3.95277565715025,-9.18561744699266,1.6));
#3162=CARTESIAN_POINT('',(4.34805321638617,-10.1041791766355,1.6));
#3163=CARTESIAN_POINT('Origin',(4.54569199600413,-10.563460041457,1.6));
#3164=CARTESIAN_POINT('Origin',(5.1716654360134,-8.31137050991884,1.6));
#3165=CARTESIAN_POINT('Origin',(3.95277565715025,-9.18561744699266,1.6));
#3166=CARTESIAN_POINT('Origin',(7.00000010430813,-7.00000010430813,1.6));
#3167=CARTESIAN_POINT('',(8.60278615561012,-4.76536884305902,1.6));
#3168=CARTESIAN_POINT('Origin',(8.31137050991885,-5.1716654360134,1.6));
#3169=CARTESIAN_POINT('Origin',(7.00000010430813,-7.00000010430813,1.6));
#3170=CARTESIAN_POINT('Origin',(7.00000010430813,-7.00000010430813,1.6));
#3171=CARTESIAN_POINT('Origin',(9.18561744699266,-3.95277565715025,1.6));
#3172=CARTESIAN_POINT('',(10.1041791766355,-4.34805321638617,1.6));
#3173=CARTESIAN_POINT('Origin',(10.563460041457,-4.54569199600413,1.6));
#3174=CARTESIAN_POINT('Origin',(9.18561744699266,-3.95277565715025,1.6));
#3175=CARTESIAN_POINT('Origin',(0.,0.,1.6));
#3176=CARTESIAN_POINT('',(-4.34805321638617,10.1041791766355,1.6));
#3177=CARTESIAN_POINT('Origin',(-4.54569199600413,10.563460041457,1.6));
#3178=CARTESIAN_POINT('Origin',(0.,0.,1.6));
#3179=CARTESIAN_POINT('Origin',(-3.95277565715025,9.18561744699266,1.6));
#3180=CARTESIAN_POINT('',(-4.76536884305902,8.60278615561012,1.6));
#3181=CARTESIAN_POINT('Origin',(-5.1716654360134,8.31137050991885,1.6));
#3182=CARTESIAN_POINT('Origin',(-3.95277565715025,9.18561744699266,1.6));
#3183=CARTESIAN_POINT('Origin',(-7.00000010430813,7.00000010430813,1.6));
#3184=CARTESIAN_POINT('',(-8.60278615561012,4.76536884305902,1.6));
#3185=CARTESIAN_POINT('Origin',(-8.31137050991885,5.1716654360134,1.6));
#3186=CARTESIAN_POINT('',(-6.26567355146652,4.34985586034861,1.6));
#3187=CARTESIAN_POINT('Origin',(-7.00000010430813,7.00000010430813,1.6));
#3188=CARTESIAN_POINT('',(-4.34985586034861,6.26567355146652,1.6));
#3189=CARTESIAN_POINT('Origin',(-7.00000010430813,7.00000010430813,1.6));
#3190=CARTESIAN_POINT('Origin',(-7.00000010430813,7.00000010430813,1.6));
#3191=CARTESIAN_POINT('Origin',(-9.18561744699266,3.95277565715025,1.6));
#3192=CARTESIAN_POINT('',(-10.1041791766355,4.34805321638617,1.6));
#3193=CARTESIAN_POINT('Origin',(-10.563460041457,4.54569199600413,1.6));
#3194=CARTESIAN_POINT('Origin',(-9.18561744699266,3.95277565715025,1.6));
#3195=CARTESIAN_POINT('Origin',(0.,0.,1.6));
#3196=CARTESIAN_POINT('Origin',(0.,0.,1.6));
#3197=CARTESIAN_POINT('Origin',(7.00000010430813,-7.00000010430813,0.));
#3198=CARTESIAN_POINT('',(8.60278615561012,-4.76536884305902,0.5));
#3199=CARTESIAN_POINT('',(8.60278615561012,-4.76536884305902,0.));
#3200=CARTESIAN_POINT('',(7.05608998278979,-4.25057217735097,0.5));
#3201=CARTESIAN_POINT('Origin',(7.00000010430813,-7.00000010430813,0.5));
#3202=CARTESIAN_POINT('',(7.05608998278979,-4.25057217735097,0.));
#3203=CARTESIAN_POINT('Origin',(9.18561744699266,-3.95277565715025,0.));
#3204=CARTESIAN_POINT('',(10.1041791766355,-4.34805321638617,0.5));
#3205=CARTESIAN_POINT('',(10.1041791766355,-4.34805321638617,0.));
#3206=CARTESIAN_POINT('Origin',(9.18561744699266,-3.95277565715025,0.5));
#3207=CARTESIAN_POINT('Origin',(0.,0.,0.));
#3208=CARTESIAN_POINT('',(-4.34805321638617,10.1041791766355,0.5));
#3209=CARTESIAN_POINT('',(-4.34805321638617,10.1041791766355,0.));
#3210=CARTESIAN_POINT('Origin',(0.,0.,0.5));
#3211=CARTESIAN_POINT('Origin',(-3.95277565715025,9.18561744699266,0.));
#3212=CARTESIAN_POINT('',(-4.76536884305902,8.60278615561012,0.5));
#3213=CARTESIAN_POINT('',(-4.76536884305902,8.60278615561012,0.));
#3214=CARTESIAN_POINT('Origin',(-3.95277565715025,9.18561744699266,0.5));
#3215=CARTESIAN_POINT('Origin',(-7.00000010430813,7.00000010430813,0.));
#3216=CARTESIAN_POINT('',(-8.60278615561012,4.76536884305902,0.5));
#3217=CARTESIAN_POINT('',(-8.60278615561012,4.76536884305902,0.));
#3218=CARTESIAN_POINT('',(-7.05608998278979,4.25057217735097,0.5));
#3219=CARTESIAN_POINT('Origin',(-7.00000010430813,7.00000010430813,0.5));
#3220=CARTESIAN_POINT('',(-7.05608998278979,4.25057217735097,1.1));
#3221=CARTESIAN_POINT('',(-7.05608998278979,4.25057217735097,0.));
#3222=CARTESIAN_POINT('Ctrl Pts',(-7.05608998278979,4.25057217735097,1.1));
#3223=CARTESIAN_POINT('Ctrl Pts',(-7.05537650707632,4.25055762204451,1.10077579125932));
#3224=CARTESIAN_POINT('Ctrl Pts',(-7.05466302255674,4.25054334439409,1.1015515859331));
#3225=CARTESIAN_POINT('Ctrl Pts',(-6.96999333160591,4.24888197697105,1.19361345893945));
#3226=CARTESIAN_POINT('Ctrl Pts',(-6.8406452684117,4.25030751120717,1.34008983070301));
#3227=CARTESIAN_POINT('Ctrl Pts',(-6.61356006859834,4.27626552982991,1.50016833028081));
#3228=CARTESIAN_POINT('Ctrl Pts',(-6.53400988381445,4.28838740602762,1.5432138617354));
#3229=CARTESIAN_POINT('Ctrl Pts',(-6.38897163994414,4.31803713124812,1.58937750061455));
#3230=CARTESIAN_POINT('Ctrl Pts',(-6.32731694387051,4.33277513730772,1.6));
#3231=CARTESIAN_POINT('Ctrl Pts',(-6.26567355146652,4.34985586034861,1.6));
#3232=CARTESIAN_POINT('Origin',(-7.00000010430813,7.00000010430813,0.));
#3233=CARTESIAN_POINT('',(-4.25057217735097,7.05608998278979,1.1));
#3234=CARTESIAN_POINT('Ctrl Pts',(-4.34985586034861,6.26567355146652,1.6));
#3235=CARTESIAN_POINT('Ctrl Pts',(-4.33277513730772,6.32731694387051,1.6));
#3236=CARTESIAN_POINT('Ctrl Pts',(-4.31803713124812,6.38897163994414,1.58937750061455));
#3237=CARTESIAN_POINT('Ctrl Pts',(-4.28838740602762,6.53400988381445,1.5432138617354));
#3238=CARTESIAN_POINT('Ctrl Pts',(-4.27626552982991,6.61356006859834,1.50016833028081));
#3239=CARTESIAN_POINT('Ctrl Pts',(-4.25030751120441,6.84064526843579,1.34008983068603));
#3240=CARTESIAN_POINT('Ctrl Pts',(-4.24888197697191,6.96999333164944,1.19361345889211));
#3241=CARTESIAN_POINT('Ctrl Pts',(-4.25054334439409,7.05466302255674,1.1015515859331));
#3242=CARTESIAN_POINT('Ctrl Pts',(-4.25055762204451,7.05537650707632,1.10077579125932));
#3243=CARTESIAN_POINT('Ctrl Pts',(-4.25057217735097,7.05608998278979,1.1));
#3244=CARTESIAN_POINT('',(-4.25057217735097,7.05608998278979,0.5));
#3245=CARTESIAN_POINT('',(-4.25057217735097,7.05608998278979,0.));
#3246=CARTESIAN_POINT('Origin',(-7.00000010430813,7.00000010430813,0.5));
#3247=CARTESIAN_POINT('Origin',(-3.75067619063149,7.06628814251372,1.1));
#3248=CARTESIAN_POINT('',(-3.28184166680256,6.18300212469951,1.6));
#3249=CARTESIAN_POINT('',(-3.51625892871702,6.62464513360661,1.1));
#3250=CARTESIAN_POINT('Origin',(-3.28184166680256,6.18300212469951,1.1));
#3251=CARTESIAN_POINT('Origin',(-3.75067619063149,7.06628814251372,1.1));
#3252=CARTESIAN_POINT('Origin',(-3.75067619063149,7.06628814251372,1.6));
#3253=CARTESIAN_POINT('Origin',(0.,0.,1.1));
#3254=CARTESIAN_POINT('',(-0.5,6.98212002188447,1.6));
#3255=CARTESIAN_POINT('',(-0.535714285714285,7.4808428805905,1.1));
#3256=CARTESIAN_POINT('Origin',(-0.5,6.98212002188447,1.1));
#3257=CARTESIAN_POINT('Origin',(0.,0.,1.1));
#3258=CARTESIAN_POINT('Origin',(0.,0.,1.6));
#3259=CARTESIAN_POINT('Origin',(-0.5,4.75000002793968,1.1));
#3260=CARTESIAN_POINT('',(0.,6.98212002188447,1.1));
#3261=CARTESIAN_POINT('',(0.,4.75000002793968,1.1));
#3262=CARTESIAN_POINT('Origin',(-0.5,6.98212002188447,1.1));
#3263=CARTESIAN_POINT('',(-0.5,4.75000002793968,1.6));
#3264=CARTESIAN_POINT('Origin',(-0.499999999999999,6.98212002188447,1.1));
#3265=CARTESIAN_POINT('Origin',(-0.499999999999999,6.98212002188447,1.1));
#3266=CARTESIAN_POINT('Origin',(-3.75067619063149,7.06628814251372,0.));
#3267=CARTESIAN_POINT('',(-3.51625892871702,6.62464513360661,0.5));
#3268=CARTESIAN_POINT('',(-3.51625892871702,6.62464513360661,0.));
#3269=CARTESIAN_POINT('Origin',(-3.75067619063149,7.06628814251372,0.5));
#3270=CARTESIAN_POINT('Origin',(0.,0.,0.));
#3271=CARTESIAN_POINT('',(-0.535714285714285,7.4808428805905,0.5));
#3272=CARTESIAN_POINT('',(-0.535714285714285,7.4808428805905,0.));
#3273=CARTESIAN_POINT('Origin',(0.,0.,0.5));
#3274=CARTESIAN_POINT('Origin',(-0.499999999999999,6.98212002188447,0.));
#3275=CARTESIAN_POINT('',(0.,6.98212002188447,0.5));
#3276=CARTESIAN_POINT('',(0.,6.98212002188447,0.));
#3277=CARTESIAN_POINT('Origin',(-0.499999999999999,6.98212002188447,0.5));
#3278=CARTESIAN_POINT('Origin',(0.,5.75,0.));
#3279=CARTESIAN_POINT('',(0.,2.875,0.5));
#3280=CARTESIAN_POINT('Origin',(-5.62500008381903,0.5,1.1));
#3281=CARTESIAN_POINT('',(-6.98212002188447,0.5,1.6));
#3282=CARTESIAN_POINT('',(-5.62500008381903,0.5,1.6));
#3283=CARTESIAN_POINT('',(-6.98212002188447,0.,1.1));
#3284=CARTESIAN_POINT('Origin',(-6.98212002188447,0.5,1.1));
#3285=CARTESIAN_POINT('',(-5.62500008381903,0.,1.1));
#3286=CARTESIAN_POINT('Origin',(-7.06628814251372,3.75067619063149,1.1));
#3287=CARTESIAN_POINT('',(-6.62464513360662,3.51625892871702,1.1));
#3288=CARTESIAN_POINT('',(-6.18300212469951,3.28184166680256,1.6));
#3289=CARTESIAN_POINT('Origin',(-6.18300212469951,3.28184166680256,1.1));
#3290=CARTESIAN_POINT('Origin',(-7.06628814251372,3.75067619063149,1.6));
#3291=CARTESIAN_POINT('Origin',(-7.06628814251372,3.75067619063149,1.1));
#3292=CARTESIAN_POINT('Origin',(0.,0.,1.1));
#3293=CARTESIAN_POINT('',(-7.4808428805905,0.535714285714286,1.1));
#3294=CARTESIAN_POINT('Origin',(-6.98212002188447,0.500000000000001,1.1));
#3295=CARTESIAN_POINT('Origin',(0.,0.,1.6));
#3296=CARTESIAN_POINT('Origin',(0.,0.,1.1));
#3297=CARTESIAN_POINT('Origin',(-6.98212002188447,0.500000000000001,1.1));
#3298=CARTESIAN_POINT('Origin',(-6.98212002188447,0.500000000000001,1.1));
#3299=CARTESIAN_POINT('Origin',(-7.50000011175871,0.,0.));
#3300=CARTESIAN_POINT('',(-6.98212002188447,0.,0.5));
#3301=CARTESIAN_POINT('',(-6.98212002188447,0.,0.));
#3302=CARTESIAN_POINT('',(-3.75000005587935,0.,0.5));
#3303=CARTESIAN_POINT('Origin',(-6.98212002188447,0.500000000000001,0.));
#3304=CARTESIAN_POINT('',(-7.4808428805905,0.535714285714287,0.5));
#3305=CARTESIAN_POINT('',(-7.4808428805905,0.535714285714286,0.));
#3306=CARTESIAN_POINT('Origin',(-6.98212002188447,0.500000000000001,0.5));
#3307=CARTESIAN_POINT('Origin',(0.,0.,0.));
#3308=CARTESIAN_POINT('',(-6.62464513360662,3.51625892871702,0.5));
#3309=CARTESIAN_POINT('',(-6.62464513360662,3.51625892871702,0.));
#3310=CARTESIAN_POINT('Origin',(0.,0.,0.5));
#3311=CARTESIAN_POINT('Origin',(-7.06628814251372,3.75067619063149,0.));
#3312=CARTESIAN_POINT('Origin',(-7.06628814251372,3.75067619063149,0.5));
#3313=CARTESIAN_POINT('Origin',(-6.98212002188447,0.500000000000001,0.5));
#3314=CARTESIAN_POINT('',(-7.97956573929654,0.571428571428573,0.));
#3315=CARTESIAN_POINT('',(-6.98212002188447,-0.5,0.));
#3316=CARTESIAN_POINT('Origin',(-6.98212002188447,0.500000000000001,0.));
#3317=CARTESIAN_POINT('Origin',(-6.98212002188447,-0.5,0.5));
#3318=CARTESIAN_POINT('Origin',(-7.97956573929654,0.571428571428573,0.5));
#3319=CARTESIAN_POINT('Origin',(-3.75000005587935,-0.5,0.5));
#3320=CARTESIAN_POINT('',(-3.75000005587935,-0.5,0.));
#3321=CARTESIAN_POINT('Origin',(0.,0.,0.5));
#3322=CARTESIAN_POINT('',(-7.06628814251372,3.75067619063149,0.));
#3323=CARTESIAN_POINT('Origin',(-7.06628814251372,3.75067619063149,0.5));
#3324=CARTESIAN_POINT('Origin',(0.,0.,0.));
#3325=CARTESIAN_POINT('Origin',(-7.00000010430813,7.00000010430813,0.5));
#3326=CARTESIAN_POINT('Origin',(-7.06628814251372,3.75067619063149,0.5));
#3327=CARTESIAN_POINT('',(-8.89420180130139,4.35907225010464,0.));
#3328=CARTESIAN_POINT('Origin',(-8.89420180130139,4.35907225010464,0.5));
#3329=CARTESIAN_POINT('Origin',(-7.00000010430813,7.00000010430813,0.));
#3330=CARTESIAN_POINT('Ctrl Pts',(-8.89420180130139,4.35907225010464,0.));
#3331=CARTESIAN_POINT('Ctrl Pts',(-9.08879380466338,4.49864308404579,0.));
#3332=CARTESIAN_POINT('Ctrl Pts',(-9.3195174235236,4.43451292608946,0.));
#3333=CARTESIAN_POINT('Ctrl Pts',(-9.55024104238383,4.37038276813314,0.));
#3334=CARTESIAN_POINT('Ctrl Pts',(-9.64489831181409,4.15041443676821,0.));
#3335=CARTESIAN_POINT('Ctrl Pts',(-8.60278615561011,4.76536884305902,-7.58400502981645E-16));
#3336=CARTESIAN_POINT('Ctrl Pts',(-8.9919701623341,5.04451051094133,-7.61657658301312E-16));
#3337=CARTESIAN_POINT('Ctrl Pts',(-9.45341740005455,4.91625019502868,-7.6551959840964E-16));
#3338=CARTESIAN_POINT('Ctrl Pts',(-9.91486463777501,4.78798987911603,-7.69381538517968E-16));
#3339=CARTESIAN_POINT('Ctrl Pts',(-10.1041791766355,4.34805321638617,-7.70965948068942E-16));
#3340=CARTESIAN_POINT('Ctrl Pts',(-8.60278615561011,4.76536884305902,0.5));
#3341=CARTESIAN_POINT('Ctrl Pts',(-8.9919701623341,5.04451051094133,0.5));
#3342=CARTESIAN_POINT('Ctrl Pts',(-9.45341740005455,4.91625019502868,0.5));
#3343=CARTESIAN_POINT('Ctrl Pts',(-9.91486463777501,4.78798987911603,0.5));
#3344=CARTESIAN_POINT('Ctrl Pts',(-10.1041791766355,4.34805321638617,0.5));
#3345=CARTESIAN_POINT('',(-10.1041791766355,4.34805321638617,0.5));
#3346=CARTESIAN_POINT('',(-9.64489831181409,4.15041443676821,0.));
#3347=CARTESIAN_POINT('Origin',(-9.64489831181409,4.15041443676821,0.5));
#3348=CARTESIAN_POINT('Origin',(-9.18561744699266,3.95277565715025,0.));
#3349=CARTESIAN_POINT('Origin',(-9.18561744699266,3.95277565715025,0.5));
#3350=CARTESIAN_POINT('Origin',(0.,0.,0.5));
#3351=CARTESIAN_POINT('',(4.34805321638617,-10.1041791766355,0.5));
#3352=CARTESIAN_POINT('',(4.15041443676821,-9.64489831181409,0.));
#3353=CARTESIAN_POINT('Origin',(4.15041443676821,-9.64489831181409,0.5));
#3354=CARTESIAN_POINT('Origin',(0.,0.,0.));
#3355=CARTESIAN_POINT('Origin',(0.,0.,0.5));
#3356=CARTESIAN_POINT('Ctrl Pts',(4.15041443676821,-9.64489831181409,0.));
#3357=CARTESIAN_POINT('Ctrl Pts',(4.37038276813314,-9.55024104238383,0.));
#3358=CARTESIAN_POINT('Ctrl Pts',(4.43451292608946,-9.3195174235236,0.));
#3359=CARTESIAN_POINT('Ctrl Pts',(4.49864308404579,-9.08879380466338,0.));
#3360=CARTESIAN_POINT('Ctrl Pts',(4.35907225010463,-8.89420180130139,0.));
#3361=CARTESIAN_POINT('Ctrl Pts',(4.34805321638617,-10.1041791766355,-2.04858663692187E-16));
#3362=CARTESIAN_POINT('Ctrl Pts',(4.78798987911603,-9.91486463777501,-2.01176749696313E-16));
#3363=CARTESIAN_POINT('Ctrl Pts',(4.91625019502868,-9.45341740005455,-2.00103314603761E-16));
#3364=CARTESIAN_POINT('Ctrl Pts',(5.04451051094133,-8.9919701623341,-1.9902987951121E-16));
#3365=CARTESIAN_POINT('Ctrl Pts',(4.76536884305902,-8.60278615561011,-2.01366069469624E-16));
#3366=CARTESIAN_POINT('Ctrl Pts',(4.34805321638617,-10.1041791766355,0.5));
#3367=CARTESIAN_POINT('Ctrl Pts',(4.78798987911603,-9.91486463777501,0.5));
#3368=CARTESIAN_POINT('Ctrl Pts',(4.91625019502868,-9.45341740005455,0.5));
#3369=CARTESIAN_POINT('Ctrl Pts',(5.04451051094133,-8.9919701623341,0.5));
#3370=CARTESIAN_POINT('Ctrl Pts',(4.76536884305902,-8.60278615561011,0.5));
#3371=CARTESIAN_POINT('',(4.35907225010464,-8.89420180130139,0.));
#3372=CARTESIAN_POINT('Origin',(4.35907225010464,-8.89420180130139,0.5));
#3373=CARTESIAN_POINT('Origin',(3.95277565715025,-9.18561744699266,0.));
#3374=CARTESIAN_POINT('Origin',(3.95277565715025,-9.18561744699266,0.5));
#3375=CARTESIAN_POINT('Origin',(7.00000010430813,-7.00000010430813,0.5));
#3376=CARTESIAN_POINT('',(3.75067619063149,-7.06628814251372,0.));
#3377=CARTESIAN_POINT('Origin',(3.75067619063149,-7.06628814251372,0.5));
#3378=CARTESIAN_POINT('Origin',(7.00000010430813,-7.00000010430813,0.));
#3379=CARTESIAN_POINT('Origin',(-7.06628814251372,3.75067619063149,0.5));
#3380=CARTESIAN_POINT('Origin',(0.5,-6.98212002188447,0.5));
#3381=CARTESIAN_POINT('',(-0.5,-6.98212002188447,0.));
#3382=CARTESIAN_POINT('',(0.571428571428572,-7.97956573929654,0.));
#3383=CARTESIAN_POINT('Origin',(0.5,-6.98212002188447,0.));
#3384=CARTESIAN_POINT('Origin',(0.571428571428573,-7.97956573929654,0.5));
#3385=CARTESIAN_POINT('Origin',(-0.5,-6.98212002188447,0.5));
#3386=CARTESIAN_POINT('Origin',(0.,0.,0.5));
#3387=CARTESIAN_POINT('Origin',(3.75067619063149,-7.06628814251372,0.5));
#3388=CARTESIAN_POINT('Origin',(0.,0.,0.));
#3389=CARTESIAN_POINT('Origin',(-0.5,-2.875,0.5));
#3390=CARTESIAN_POINT('',(-0.5,-2.875,0.));
#3391=CARTESIAN_POINT('Origin',(3.75067619063149,-7.06628814251372,0.5));
#3392=CARTESIAN_POINT('Origin',(-3.75000005587935,3.75000005587935,1.6));
#3393=CARTESIAN_POINT('Origin',(0.,0.,0.));
#3394=CARTESIAN_POINT('',(6.98212002188447,0.5,0.));
#3395=CARTESIAN_POINT('',(3.75000005587935,0.5,0.));
#3396=CARTESIAN_POINT('',(7.97956573929654,-0.571428571428572,0.));
#3397=CARTESIAN_POINT('Origin',(6.98212002188447,-0.5,0.));
#3398=CARTESIAN_POINT('',(7.06628814251372,-3.75067619063149,0.));
#3399=CARTESIAN_POINT('Origin',(0.,0.,0.));
#3400=CARTESIAN_POINT('',(8.89420180130139,-4.35907225010464,0.));
#3401=CARTESIAN_POINT('Origin',(7.00000010430813,-7.00000010430813,0.));
#3402=CARTESIAN_POINT('',(9.64489831181409,-4.15041443676821,0.));
#3403=CARTESIAN_POINT('Origin',(9.18561744699266,-3.95277565715025,0.));
#3404=CARTESIAN_POINT('',(-4.15041443676821,9.64489831181409,0.));
#3405=CARTESIAN_POINT('Origin',(0.,0.,0.));
#3406=CARTESIAN_POINT('',(-4.35907225010464,8.89420180130139,0.));
#3407=CARTESIAN_POINT('Origin',(-3.95277565715025,9.18561744699266,0.));
#3408=CARTESIAN_POINT('',(-3.75067619063149,7.06628814251372,0.));
#3409=CARTESIAN_POINT('Origin',(-7.00000010430813,7.00000010430813,0.));
#3410=CARTESIAN_POINT('',(-0.571428571428571,7.97956573929654,0.));
#3411=CARTESIAN_POINT('Origin',(0.,0.,0.));
#3412=CARTESIAN_POINT('',(0.5,6.98212002188447,0.));
#3413=CARTESIAN_POINT('Origin',(-0.499999999999999,6.98212002188447,0.));
#3414=CARTESIAN_POINT('',(0.5,2.875,0.));
#3415=CARTESIAN_POINT('Origin',(6.98212002188447,-0.5,0.5));
#3416=CARTESIAN_POINT('Origin',(6.98212002188447,0.5,0.5));
#3417=CARTESIAN_POINT('Origin',(7.97956573929654,-0.571428571428572,0.5));
#3418=CARTESIAN_POINT('Origin',(3.75000005587935,0.5,0.5));
#3419=CARTESIAN_POINT('Origin',(0.,0.,0.5));
#3420=CARTESIAN_POINT('Origin',(7.06628814251372,-3.75067619063149,0.5));
#3421=CARTESIAN_POINT('Origin',(7.00000010430813,-7.00000010430813,0.5));
#3422=CARTESIAN_POINT('Origin',(7.06628814251372,-3.75067619063149,0.5));
#3423=CARTESIAN_POINT('Origin',(8.89420180130139,-4.35907225010464,0.5));
#3424=CARTESIAN_POINT('Ctrl Pts',(8.89420180130139,-4.35907225010464,0.));
#3425=CARTESIAN_POINT('Ctrl Pts',(9.08879380466338,-4.49864308404579,0.));
#3426=CARTESIAN_POINT('Ctrl Pts',(9.3195174235236,-4.43451292608946,0.));
#3427=CARTESIAN_POINT('Ctrl Pts',(9.55024104238383,-4.37038276813314,0.));
#3428=CARTESIAN_POINT('Ctrl Pts',(9.64489831181409,-4.15041443676821,0.));
#3429=CARTESIAN_POINT('Ctrl Pts',(8.60278615561011,-4.76536884305902,-7.68156155877946E-16));
#3430=CARTESIAN_POINT('Ctrl Pts',(8.9919701623341,-5.04451051094133,-7.64899000558278E-16));
#3431=CARTESIAN_POINT('Ctrl Pts',(9.45341740005455,-4.91625019502868,-7.6103706044995E-16));
#3432=CARTESIAN_POINT('Ctrl Pts',(9.91486463777501,-4.78798987911603,-7.57175120341621E-16));
#3433=CARTESIAN_POINT('Ctrl Pts',(10.1041791766355,-4.34805321638617,-7.55590710790647E-16));
#3434=CARTESIAN_POINT('Ctrl Pts',(8.60278615561011,-4.76536884305902,0.5));
#3435=CARTESIAN_POINT('Ctrl Pts',(8.9919701623341,-5.04451051094133,0.5));
#3436=CARTESIAN_POINT('Ctrl Pts',(9.45341740005455,-4.91625019502868,0.5));
#3437=CARTESIAN_POINT('Ctrl Pts',(9.91486463777501,-4.78798987911603,0.5));
#3438=CARTESIAN_POINT('Ctrl Pts',(10.1041791766355,-4.34805321638617,0.5));
#3439=CARTESIAN_POINT('Origin',(9.64489831181409,-4.15041443676821,0.5));
#3440=CARTESIAN_POINT('Origin',(0.,0.,0.5));
#3441=CARTESIAN_POINT('Origin',(-4.15041443676821,9.64489831181409,0.5));
#3442=CARTESIAN_POINT('Ctrl Pts',(-4.15041443676821,9.64489831181409,-6.93889390390723E-17));
#3443=CARTESIAN_POINT('Ctrl Pts',(-4.37038276813314,9.55024104238383,-6.93889390390723E-17));
#3444=CARTESIAN_POINT('Ctrl Pts',(-4.43451292608946,9.3195174235236,-6.93889390390723E-17));
#3445=CARTESIAN_POINT('Ctrl Pts',(-4.49864308404579,9.08879380466338,-6.93889390390723E-17));
#3446=CARTESIAN_POINT('Ctrl Pts',(-4.35907225010464,8.89420180130139,-6.93889390390723E-17));
#3447=CARTESIAN_POINT('Ctrl Pts',(-4.34805321638617,10.1041791766355,-6.14904874459951E-16));
#3448=CARTESIAN_POINT('Ctrl Pts',(-4.78798987911603,9.91486463777501,-6.09192366362309E-16));
#3449=CARTESIAN_POINT('Ctrl Pts',(-4.91625019502868,9.45341740005455,-6.09192366362309E-16));
#3450=CARTESIAN_POINT('Ctrl Pts',(-5.04451051094133,8.9919701623341,-6.09192366362309E-16));
#3451=CARTESIAN_POINT('Ctrl Pts',(-4.76536884305902,8.60278615561011,-6.14904874459951E-16));
#3452=CARTESIAN_POINT('Ctrl Pts',(-4.34805321638617,10.1041791766355,0.5));
#3453=CARTESIAN_POINT('Ctrl Pts',(-4.78798987911603,9.91486463777501,0.5));
#3454=CARTESIAN_POINT('Ctrl Pts',(-4.91625019502868,9.45341740005455,0.5));
#3455=CARTESIAN_POINT('Ctrl Pts',(-5.04451051094133,8.9919701623341,0.5));
#3456=CARTESIAN_POINT('Ctrl Pts',(-4.76536884305902,8.60278615561011,0.5));
#3457=CARTESIAN_POINT('Origin',(-4.35907225010464,8.89420180130139,0.5));
#3458=CARTESIAN_POINT('Origin',(-7.00000010430813,7.00000010430813,0.5));
#3459=CARTESIAN_POINT('Origin',(-3.75067619063149,7.06628814251372,0.5));
#3460=CARTESIAN_POINT('Origin',(7.06628814251372,-3.75067619063149,0.5));
#3461=CARTESIAN_POINT('Origin',(7.06628814251372,-3.75067619063149,0.5));
#3462=CARTESIAN_POINT('Origin',(-0.499999999999999,6.98212002188447,0.5));
#3463=CARTESIAN_POINT('Origin',(0.5,6.98212002188447,0.5));
#3464=CARTESIAN_POINT('Origin',(-0.571428571428571,7.97956573929654,0.5));
#3465=CARTESIAN_POINT('Origin',(0.5,2.875,0.5));
#3466=CARTESIAN_POINT('Origin',(0.,0.,0.5));
#3467=CARTESIAN_POINT('Origin',(-3.75067619063149,7.06628814251372,0.5));
#3468=CARTESIAN_POINT('Origin',(-3.75067619063149,7.06628814251372,0.5));
#3469=CARTESIAN_POINT('Origin',(7.06628814251372,-3.75067619063149,0.));
#3470=CARTESIAN_POINT('Origin',(3.95277565715025,-9.18561744699266,0.));
#3471=CARTESIAN_POINT('',(4.34805321638617,-10.1041791766355,0.));
#3472=CARTESIAN_POINT('Origin',(0.,0.,0.));
#3473=CARTESIAN_POINT('',(-10.1041791766355,4.34805321638617,0.));
#3474=CARTESIAN_POINT('Origin',(-9.18561744699266,3.95277565715025,0.));
#3475=CARTESIAN_POINT('Origin',(3.75000005587935,-3.75000005587935,1.6));
#3476=CARTESIAN_POINT('Origin',(0.,0.,0.));
#3477=CARTESIAN_POINT('Origin',(0.,0.,0.));
#3478=UNCERTAINTY_MEASURE_WITH_UNIT(LENGTH_MEASURE(0.01),#3482,
'DISTANCE_ACCURACY_VALUE',
'Maximum model space distance between geometric entities at asserted c
onnectivities');
#3479=UNCERTAINTY_MEASURE_WITH_UNIT(LENGTH_MEASURE(0.01),#3482,
'DISTANCE_ACCURACY_VALUE',
'Maximum model space distance between geometric entities at asserted c
onnectivities');
#3480=(
GEOMETRIC_REPRESENTATION_CONTEXT(3)
GLOBAL_UNCERTAINTY_ASSIGNED_CONTEXT((#3478))
GLOBAL_UNIT_ASSIGNED_CONTEXT((#3482,#3484,#3485))
REPRESENTATION_CONTEXT('','3D')
);
#3481=(
GEOMETRIC_REPRESENTATION_CONTEXT(3)
GLOBAL_UNCERTAINTY_ASSIGNED_CONTEXT((#3479))
GLOBAL_UNIT_ASSIGNED_CONTEXT((#3482,#3484,#3485))
REPRESENTATION_CONTEXT('','3D')
);
#3482=(
LENGTH_UNIT()
NAMED_UNIT(*)
SI_UNIT(.MILLI.,.METRE.)
);
#3483=(
LENGTH_UNIT()
NAMED_UNIT(*)
SI_UNIT($,.METRE.)
);
#3484=(
NAMED_UNIT(*)
PLANE_ANGLE_UNIT()
SI_UNIT($,.RADIAN.)
);
#3485=(
NAMED_UNIT(*)
SI_UNIT($,.STERADIAN.)
SOLID_ANGLE_UNIT()
);
#3486=SHAPE_DEFINITION_REPRESENTATION(#3487,#3488);
#3487=PRODUCT_DEFINITION_SHAPE('',$,#3490);
#3488=SHAPE_REPRESENTATION('',(#1639),#3480);
#3489=PRODUCT_DEFINITION_CONTEXT('part definition',#3494,'design');
#3490=PRODUCT_DEFINITION('2025-08-19-22-49-58-350','Charger lid',#3491,
#3489);
#3491=PRODUCT_DEFINITION_FORMATION('',$,#3496);
#3492=PRODUCT_RELATED_PRODUCT_CATEGORY('Charger lid','Charger lid',(#3496));
#3493=APPLICATION_PROTOCOL_DEFINITION('international standard',
'automotive_design',2009,#3494);
#3494=APPLICATION_CONTEXT(
'Core Data for Automotive Mechanical Design Process');
#3495=PRODUCT_CONTEXT('part definition',#3494,'mechanical');
#3496=PRODUCT('2025-08-19-22-49-58-350','Charger lid',$,(#3495));
#3497=PRESENTATION_STYLE_ASSIGNMENT((#3498));
#3498=SURFACE_STYLE_USAGE(.BOTH.,#3499);
#3499=SURFACE_SIDE_STYLE('',(#3500));
#3500=SURFACE_STYLE_FILL_AREA(#3501);
#3501=FILL_AREA_STYLE('Steel - Satin',(#3502));
#3502=FILL_AREA_STYLE_COLOUR('Steel - Satin',#3503);
#3503=COLOUR_RGB('Steel - Satin',0.627450980392157,0.627450980392157,0.627450980392157);
ENDSEC;
END-ISO-10303-21;
